sales_record_id,week_id,week_ending_date,fiscal_year,fiscal_month,quarter,market_id,market_name,state,region,channel_id,channel_name,retailer_id,retailer_name,retailer_scope,category_id,category_name,subcategory_id,subcategory_name,manufacturer_id,manufacturer_name,brand_id,brand_name,product_id,upc,product_description,package_size,package_uom,pack_count,units_sold,base_units,incremental_units,promo_units,volume_sold,dollar_sales,base_dollar_sales,promo_dollar_sales,average_unit_price,realized_unit_price,distribution_pct,market_share_pct,is_promoted,data_source,promo_lift_pct,price_per_volume_unit,load_timestamp
FCT000001,W0006,12-18-2025,2025,7,Q3,MKT004,Houston,TX,South,CH002,Drug Store,RET002,Regional Foods,Regional,CAT001,Deodorants & Fragrances,SUB001,Aerosol Deodorant,MFG001,Unilever,BR005-Lume,Lume,PROD003,765,Lume Aerosol Deodorant Fresh,6,CT,2,65,65,0,0,780,885.3,885.3,0,13.62,13.62,22.0,3.06,0,CIRCANA_SYNTHETIC,0,1.135,2026-09-03T10:30:00Z
FCT000002,W0022,05-07-2026,2026,3,Q1,MKT010,San Jose,CA,West,CH003,Mass Merchandiser,RET001,National Grocery Co,National,CAT001,Deodorants & Fragrances,SUB002,Stick Deodorant,MFG002,Procter & Gamble,BR009-Native,Native,PROD104,370,Native Stick Deodorant Original,24,OZ,1,440,440,0,0,10560,4725.6,4725.6,0,10.74,10.74,46.9,5.22,0,CIRCANA_SYNTHETIC,0,0.4475,2026-09-03T10:30:00Z
FCT000003,W0024,12-25-2025,2025,4,Q2,MKT007,San Antonio,TX,South,CH001,Grocery,RET005,Warehouse Club,National,CAT001,Deodorants & Fragrances,SUB005,Antiperspirant,MFG003,Henkel,BR015-Right Guard,Right Guard,PROD401,564,Right Guard Antiperspirant Light,12,FL OZ,1,73,73,0,0,876,1581.91,1581.91,0,21.67,21.67,85.0,5.76,0,CIRCANA_SYNTHETIC,0,1.8058,2026-09-03T10:30:00Z
FCT000004,W0035,10-16-2025,2025,4,Q2,MKT004,Houston,TX,South,CH003,Mass Merchandiser,RET001,National Grocery Co,National,CAT001,Deodorants & Fragrances,SUB003,Roll-On Deodorant,MFG005,Colgate Palmolive,BR022-Speed-Stick,Speed,PROD203,886,Speed Roll-On Deodorant Original,30,FL OZ,6,286,286,0,0,51480,5099.38,5099.38,0,17.83,17.83,36.5,4.93,0,CIRCANA_SYNTHETIC,0,0.0991,2026-09-03T10:30:00Z
FCT000005,W0046,04-16-2026,2026,4,Q2,MKT007,San Antonio,TX,South,CH003,Mass Merchandiser,RET001,National Grocery Co,National,CAT001,Deodorants & Fragrances,SUB001,Aerosol Deodorant,MFG002,Procter & Gamble,BR010-Olay,Olay,PROD003,538,Olay Aerosol Deodorant Fresh,48,CT,3,416,252,164,164,59904,2134.56,1312.92,821.64,5.21,5.01,60.4,11.23,1,CIRCANA_SYNTHETIC,65.08,0.0348,2026-09-03T10:30:00Z
FCT000006,W0008,07-02-2026,2026,11,Q4,MKT003,Chicago,IL,Midwest,CH005,Club,RET004,Online Direct,National,CAT001,Deodorants & Fragrances,SUB003,Roll-On Deodorant,MFG001,Unilever,BR001-Dove,Dove,PROD202,357,Dove Roll-On Deodorant Fresh,30,PACK,1,455,455,0,0,13650,4936.75,4936.75,0,10.85,10.85,64.7,7.07,0,CIRCANA_SYNTHETIC,0,0.3617,2026-09-03T10:30:00Z
FCT000007,W0011,02-12-2026,2025,1,Q1,MKT005,Phoenix,AZ,West,CH003,Mass Merchandiser,RET001,National Grocery Co,National,CAT001,Deodorants & Fragrances,SUB001,Aerosol Deodorant,MFG003,Henkel,BR014-Dial,Dial,PROD005,256,Dial Aerosol Deodorant Light,8,PACK,1,501,306,195,195,4008,10579.62,6738.12,3841.5,22.02,19.7,67.9,9.17,1,CIRCANA_SYNTHETIC,63.73,2.4625,2026-09-03T10:30:00Z
FCT000008,W0008,03-26-2026,2026,5,Q2,MKT001,New York,NY,Northeast,CH005,Club,RET003,Pharmacy Plus,Regional,CAT001,Deodorants & Fragrances,SUB005,Antiperspirant,MFG004,Church & Dwight,BR016-Arm-Hammer,Arm,PROD405,878,Arm Antiperspirant Fresh,12,PACK,1,79,79,0,0,948,313.63,313.63,0,3.97,3.97,56.4,1.13,0,CIRCANA_SYNTHETIC,0,0.3308,2026-09-03T10:30:00Z
FCT000009,W0028,06-04-2026,2026,9,Q3,MKT009,Dallas,TX,South,CH002,Drug Store,RET003,Pharmacy Plus,Regional,CAT001,Deodorants & Fragrances,SUB002,Stick Deodorant,MFG005,Colgate Palmolive,BR025-Palmolive,Palmolive,PROD104,223,Palmolive Stick Deodorant Organic,18,ROLL,6,415,415,0,0,44820,7034.25,7034.25,0,16.95,16.95,52.9,7.81,0,CIRCANA_SYNTHETIC,0,0.1569,2026-09-03T10:30:00Z
FCT000010,W0015,09-03-2026,2026,2,Q1,MKT001,New York,NY,Northeast,CH005,Club,RET005,Warehouse Club,National,CAT001,Deodorants & Fragrances,SUB001,Aerosol Deodorant,MFG002,Procter & Gamble,BR010-Olay,Olay,PROD003,319,Olay Aerosol Deodorant Fresh,6,OZ,3,167,167,0,0,3006,606.21,606.21,0,3.63,3.63,37.9,10.07,0,CIRCANA_SYNTHETIC,0,0.2017,2026-09-03T10:30:00Z
FCT000011,W0007,07-23-2026,2026,11,Q4,MKT008,San Diego,CA,West,CH002,Drug Store,RET004,Online Direct,National,CAT001,Deodorants & Fragrances,SUB005,Antiperspirant,MFG004,Church & Dwight,BR017-Nubian,Nubian,PROD405,845,Nubian Antiperspirant Light,30,ROLL,6,339,231,108,108,61020,1083.39,750.75,332.64,3.25,3.08,68.5,1.0,1,CIRCANA_SYNTHETIC,46.75,0.0171,2026-09-03T10:30:00Z
FCT000012,W0012,05-07-2026,2026,8,Q3,MKT004,Houston,TX,South,CH005,Club,RET004,Online Direct,National,CAT001,Deodorants & Fragrances,SUB002,Stick Deodorant,MFG002,Procter & Gamble,BR009-Native,Native,PROD102,115,Native Stick Deodorant Original,6,ROLL,5,497,497,0,0,14910,2112.25,2112.25,0,4.25,4.25,68.9,8.15,0,CIRCANA_SYNTHETIC,0,0.1417,2026-09-03T10:30:00Z
FCT000013,W0011,03-19-2026,2026,1,Q1,MKT008,San Diego,CA,West,CH004,E-Commerce,RET002,Regional Foods,Regional,CAT001,Deodorants & Fragrances,SUB002,Stick Deodorant,MFG004,Church & Dwight,BR016-Arm-Hammer,Arm,PROD104,598,Arm Stick Deodorant Organic,48,FL OZ,4,385,185,200,200,73920,6791.7,3333.7,3458.0,18.02,17.29,78.8,9.96,1,CIRCANA_SYNTHETIC,108.11,0.0901,2026-09-03T10:30:00Z
FCT000014,W0004,08-13-2026,2026,10,Q4,MKT001,New York,NY,Northeast,CH005,Club,RET005,Warehouse Club,National,CAT001,Deodorants & Fragrances,SUB003,Roll-On Deodorant,MFG001,Unilever,BR003-Degree,Degree,PROD202,340,Degree Roll-On Deodorant Classic,8,OZ,5,442,307,135,135,17680,1633.83,1178.88,454.95,3.84,3.37,64.6,10.16,1,CIRCANA_SYNTHETIC,43.97,0.0843,2026-09-03T10:30:00Z
FCT000015,W0027,11-13-2025,2025,10,Q4,MKT010,San Jose,CA,West,CH005,Club,RET001,National Grocery Co,National,CAT001,Deodorants & Fragrances,SUB005,Antiperspirant,MFG005,Colgate Palmolive,BR021-Tom's,Tom's,PROD402,869,Tom's Antiperspirant Original,24,CT,3,235,183,52,52,16920,2579.9,2031.3,548.6,11.1,10.55,42.5,4.81,1,CIRCANA_SYNTHETIC,28.42,0.1465,2026-09-03T10:30:00Z
FCT000016,W0033,05-14-2026,2026,3,Q1,MKT010,San Jose,CA,West,CH001,Grocery,RET001,National Grocery Co,National,CAT001,Deodorants & Fragrances,SUB004,Gel Deodorant,MFG005,Colgate Palmolive,BR022-Speed-Stick,Speed,PROD305,926,Speed Gel Deodorant Fresh,24,FL OZ,2,147,85,62,62,7056,1724.3,1026.8,697.5,12.08,11.25,42.7,14.76,1,CIRCANA_SYNTHETIC,72.94,0.2344,2026-09-03T10:30:00Z
FCT000017,W0048,01-01-2026,2025,3,Q1,MKT002,Los Angeles,CA,West,CH002,Drug Store,RET003,Pharmacy Plus,Regional,CAT001,Deodorants & Fragrances,SUB005,Antiperspirant,MFG001,Unilever,BR001-Dove,Dove,PROD403,966,Dove Antiperspirant Original,12,FL OZ,2,348,194,154,154,8352,6137.82,3455.14,2682.68,17.81,17.42,57.9,3.84,1,CIRCANA_SYNTHETIC,79.38,0.7258,2026-09-03T10:30:00Z
FCT000018,W0011,10-09-2025,2025,8,Q3,MKT001,New York,NY,Northeast,CH001,Grocery,RET003,Pharmacy Plus,Regional,CAT001,Deodorants & Fragrances,SUB004,Gel Deodorant,MFG002,Procter & Gamble,BR008-Secret,Secret,PROD303,251,Secret Gel Deodorant Classic,6,OZ,6,339,337,2,2,12204,7722.71,7680.23,42.48,22.79,21.24,82.6,8.78,1,CIRCANA_SYNTHETIC,0.59,0.59,2026-09-03T10:30:00Z
FCT000019,W0043,07-23-2026,2026,6,Q2,MKT006,Philadelphia,PA,Northeast,CH001,Grocery,RET003,Pharmacy Plus,Regional,CAT001,Deodorants & Fragrances,SUB001,Aerosol Deodorant,MFG002,Procter & Gamble,BR007-Old Spice,Old Spice,PROD003,854,Old Spice Aerosol Deodorant Light,8,CT,2,558,367,191,191,8928,13511.31,8973.15,4538.16,24.45,23.76,86.1,0.47,1,CIRCANA_SYNTHETIC,52.04,1.485,2026-09-03T10:30:00Z
FCT000020,W0015,06-11-2026,2026,8,Q3,MKT003,Chicago,IL,Midwest,CH001,Grocery,RET004,Online Direct,National,CAT001,Deodorants & Fragrances,SUB002,Stick Deodorant,MFG001,Unilever,BR004-Rexona,Rexona,PROD103,385,Rexona Stick Deodorant Light,12,OZ,6,264,206,58,58,19008,1662.46,1326.64,335.82,6.44,5.79,84.8,14.51,1,CIRCANA_SYNTHETIC,28.16,0.0804,2026-09-03T10:30:00Z
FCT000021,W0017,08-20-2026,2026,2,Q1,MKT001,New York,NY,Northeast,CH001,Grocery,RET003,Pharmacy Plus,Regional,CAT001,Deodorants & Fragrances,SUB005,Antiperspirant,MFG002,Procter & Gamble,BR010-Olay,Olay,PROD403,145,Olay Antiperspirant Classic,24,ROLL,5,412,226,186,186,49440,9543.46,5568.64,3974.82,24.64,21.37,87.5,2.93,1,CIRCANA_SYNTHETIC,82.3,0.1781,2026-09-03T10:30:00Z
FCT000022,W0040,04-16-2026,2026,11,Q4,MKT004,Houston,TX,South,CH003,Mass Merchandiser,RET004,Online Direct,National,CAT001,Deodorants & Fragrances,SUB005,Antiperspirant,MFG001,Unilever,BR003-Degree,Degree,PROD405,667,Degree Antiperspirant Organic,18,PACK,3,418,418,0,0,22572,7248.12,7248.12,0,17.34,17.34,44.5,10.49,0,CIRCANA_SYNTHETIC,0,0.3211,2026-09-03T10:30:00Z
FCT000023,W0036,09-03-2026,2026,5,Q2,MKT003,Chicago,IL,Midwest,CH005,Club,RET005,Warehouse Club,National,CAT001,Deodorants & Fragrances,SUB004,Gel Deodorant,MFG003,Henkel,BR014-Dial,Dial,PROD304,915,Dial Gel Deodorant Organic,24,ROLL,4,267,157,110,110,25632,3090.99,1910.69,1180.3,12.17,10.73,55.5,13.53,1,CIRCANA_SYNTHETIC,70.06,0.1118,2026-09-03T10:30:00Z
FCT000024,W0015,09-11-2025,2025,4,Q2,MKT010,San Jose,CA,West,CH003,Mass Merchandiser,RET001,National Grocery Co,National,CAT001,Deodorants & Fragrances,SUB003,Roll-On Deodorant,MFG002,Procter & Gamble,BR008-Secret,Secret,PROD205,744,Secret Roll-On Deodorant Fresh,4,CT,4,62,62,0,0,992,995.72,995.72,0,16.06,16.06,77.6,6.89,0,CIRCANA_SYNTHETIC,0,1.0037,2026-09-03T10:30:00Z
FCT000025,W0050,02-26-2026,2025,4,Q2,MKT007,San Antonio,TX,South,CH002,Drug Store,RET002,Regional Foods,Regional,CAT001,Deodorants & Fragrances,SUB004,Gel Deodorant,MFG001,Unilever,BR001-Dove,Dove,PROD304,920,Dove Gel Deodorant Classic,48,OZ,5,461,461,0,0,110640,3563.53,3563.53,0,7.73,7.73,83.6,6.9,0,CIRCANA_SYNTHETIC,0,0.0322,2026-09-03T10:30:00Z
FCT000026,W0048,02-05-2026,2025,8,Q3,MKT009,Dallas,TX,South,CH004,E-Commerce,RET005,Warehouse Club,National,CAT001,Deodorants & Fragrances,SUB004,Gel Deodorant,MFG004,Church & Dwight,BR017-Nubian,Nubian,PROD305,378,Nubian Gel Deodorant Light,18,PACK,4,497,434,63,63,35784,8047.97,7126.28,921.69,16.42,14.63,25.8,4.36,1,CIRCANA_SYNTHETIC,14.52,0.2032,2026-09-03T10:30:00Z
FCT000027,W0046,06-04-2026,2026,2,Q1,MKT003,Chicago,IL,Midwest,CH002,Drug Store,RET002,Regional Foods,Regional,CAT001,Deodorants & Fragrances,SUB005,Antiperspirant,MFG004,Church & Dwight,BR017-Nubian,Nubian,PROD401,812,Nubian Antiperspirant Original,48,ROLL,1,342,258,84,84,16416,2262.36,1744.08,518.28,6.76,6.17,87.9,8.8,1,CIRCANA_SYNTHETIC,32.56,0.1285,2026-09-03T10:30:00Z
FCT000028,W0048,10-09-2025,2025,9,Q3,MKT006,Philadelphia,PA,Northeast,CH003,Mass Merchandiser,RET004,Online Direct,National,CAT001,Deodorants & Fragrances,SUB004,Gel Deodorant,MFG004,Church & Dwight,BR020-Trojan,Trojan,PROD301,917,Trojan Gel Deodorant Classic,12,FL OZ,4,299,299,0,0,14352,3937.83,3937.83,0,13.17,13.17,49.2,10.07,0,CIRCANA_SYNTHETIC,0,0.2744,2026-09-03T10:30:00Z
FCT000029,W0037,11-13-2025,2025,1,Q1,MKT010,San Jose,CA,West,CH005,Club,RET001,National Grocery Co,National,CAT001,Deodorants & Fragrances,SUB004,Gel Deodorant,MFG004,Church & Dwight,BR020-Trojan,Trojan,PROD302,565,Trojan Gel Deodorant Light,30,CT,4,379,379,0,0,45480,2342.22,2342.22,0,6.18,6.18,39.5,4.98,0,CIRCANA_SYNTHETIC,0,0.0515,2026-09-03T10:30:00Z
FCT000030,W0048,01-08-2026,2025,1,Q1,MKT007,San Antonio,TX,South,CH003,Mass Merchandiser,RET001,National Grocery Co,National,CAT001,Deodorants & Fragrances,SUB004,Gel Deodorant,MFG004,Church & Dwight,BR016-Arm-Hammer,Arm,PROD303,229,Arm Gel Deodorant Classic,6,OZ,1,330,164,166,166,1980,7392.44,3909.76,3482.68,23.84,20.98,21.5,2.37,1,CIRCANA_SYNTHETIC,101.22,3.4967,2026-09-03T10:30:00Z
FCT000031,W0039,10-09-2025,2025,12,Q4,MKT008,San Diego,CA,West,CH003,Mass Merchandiser,RET003,Pharmacy Plus,Regional,CAT001,Deodorants & Fragrances,SUB005,Antiperspirant,MFG002,Procter & Gamble,BR010-Olay,Olay,PROD402,484,Olay Antiperspirant Classic,8,FL OZ,1,448,448,0,0,3584,6858.88,6858.88,0,15.31,15.31,89.7,8.68,0,CIRCANA_SYNTHETIC,0,1.9138,2026-09-03T10:30:00Z
FCT000032,W0051,12-25-2025,2025,1,Q1,MKT004,Houston,TX,South,CH001,Grocery,RET003,Pharmacy Plus,Regional,CAT001,Deodorants & Fragrances,SUB001,Aerosol Deodorant,MFG005,Colgate Palmolive,BR021-Tom's,Tom's,PROD005,543,Tom's Aerosol Deodorant Light,24,OZ,5,431,322,109,109,51720,7007.09,5438.58,1568.51,16.89,14.39,51.5,7.4,1,CIRCANA_SYNTHETIC,33.85,0.1199,2026-09-03T10:30:00Z
FCT000033,W0050,02-05-2026,2025,8,Q3,MKT003,Chicago,IL,Midwest,CH005,Club,RET003,Pharmacy Plus,Regional,CAT001,Deodorants & Fragrances,SUB002,Stick Deodorant,MFG005,Colgate Palmolive,BR025-Palmolive,Palmolive,PROD104,575,Palmolive Stick Deodorant Fresh,18,FL OZ,2,659,472,187,187,23724,13371.06,9963.92,3407.14,21.11,18.22,86.1,3.73,1,CIRCANA_SYNTHETIC,39.62,0.5061,2026-09-03T10:30:00Z
FCT000034,W0023,09-11-2025,2025,5,Q2,MKT008,San Diego,CA,West,CH003,Mass Merchandiser,RET002,Regional Foods,Regional,CAT001,Deodorants & Fragrances,SUB003,Roll-On Deodorant,MFG004,Church & Dwight,BR017-Nubian,Nubian,PROD201,668,Nubian Roll-On Deodorant Organic,18,PACK,1,345,193,152,152,6210,4533.24,2678.84,1854.4,13.88,12.2,38.1,6.16,1,CIRCANA_SYNTHETIC,78.76,0.6778,2026-09-03T10:30:00Z
FCT000035,W0045,05-21-2026,2026,5,Q2,MKT001,New York,NY,Northeast,CH001,Grocery,RET003,Pharmacy Plus,Regional,CAT001,Deodorants & Fragrances,SUB004,Gel Deodorant,MFG002,Procter & Gamble,BR009-Native,Native,PROD304,336,Native Gel Deodorant Original,24,ROLL,6,433,292,141,141,62352,6146.15,4280.72,1865.43,14.66,13.23,54.0,4.67,1,CIRCANA_SYNTHETIC,48.29,0.0919,2026-09-03T10:30:00Z
FCT000036,W0018,10-16-2025,2025,10,Q4,MKT009,Dallas,TX,South,CH002,Drug Store,RET002,Regional Foods,Regional,CAT001,Deodorants & Fragrances,SUB003,Roll-On Deodorant,MFG002,Procter & Gamble,BR009-Native,Native,PROD201,155,Native Roll-On Deodorant Fresh,18,CT,3,150,101,49,49,8100,874.91,619.13,255.78,6.13,5.22,60.1,4.19,1,CIRCANA_SYNTHETIC,48.51,0.0967,2026-09-03T10:30:00Z
FCT000037,W0031,02-19-2026,2025,6,Q2,MKT002,Los Angeles,CA,West,CH001,Grocery,RET005,Warehouse Club,National,CAT001,Deodorants & Fragrances,SUB002,Stick Deodorant,MFG003,Henkel,BR014-Dial,Dial,PROD104,744,Dial Stick Deodorant Original,18,ROLL,1,76,76,0,0,1368,1589.16,1589.16,0,20.91,20.91,50.1,1.2,0,CIRCANA_SYNTHETIC,0,1.1617,2026-09-03T10:30:00Z
FCT000038,W0049,03-05-2026,2025,10,Q4,MKT005,Phoenix,AZ,West,CH001,Grocery,RET002,Regional Foods,Regional,CAT001,Deodorants & Fragrances,SUB002,Stick Deodorant,MFG001,Unilever,BR005-Lume,Lume,PROD105,682,Lume Stick Deodorant Fresh,30,ROLL,4,447,447,0,0,53640,3951.48,3951.48,0,8.84,8.84,64.1,6.49,0,CIRCANA_SYNTHETIC,0,0.0737,2026-09-03T10:30:00Z
FCT000039,W0016,06-18-2026,2026,9,Q3,MKT004,Houston,TX,South,CH002,Drug Store,RET003,Pharmacy Plus,Regional,CAT001,Deodorants & Fragrances,SUB005,Antiperspirant,MFG001,Unilever,BR002-Axe,Axe,PROD401,395,Axe Antiperspirant Light,4,ROLL,4,130,130,0,0,2080,2321.8,2321.8,0,17.86,17.86,55.2,0.59,0,CIRCANA_SYNTHETIC,0,1.1162,2026-09-03T10:30:00Z
FCT000040,W0035,05-28-2026,2026,11,Q4,MKT005,Phoenix,AZ,West,CH005,Club,RET002,Regional Foods,Regional,CAT001,Deodorants & Fragrances,SUB001,Aerosol Deodorant,MFG004,Church & Dwight,BR016-Arm-Hammer,Arm,PROD002,682,Arm Aerosol Deodorant Light,8,OZ,1,186,186,0,0,1488,1082.52,1082.52,0,5.82,5.82,43.1,11.26,0,CIRCANA_SYNTHETIC,0,0.7275,2026-09-03T10:30:00Z
FCT000041,W0032,02-19-2026,2025,2,Q1,MKT005,Phoenix,AZ,West,CH004,E-Commerce,RET003,Pharmacy Plus,Regional,CAT001,Deodorants & Fragrances,SUB001,Aerosol Deodorant,MFG005,Colgate Palmolive,BR025-Palmolive,Palmolive,PROD004,981,Palmolive Aerosol Deodorant Fresh,24,PACK,3,271,271,0,0,19512,701.89,701.89,0,2.59,2.59,37.2,10.15,0,CIRCANA_SYNTHETIC,0,0.036,2026-09-03T10:30:00Z
FCT000042,W0018,06-18-2026,2026,10,Q4,MKT001,New York,NY,Northeast,CH002,Drug Store,RET004,Online Direct,National,CAT001,Deodorants & Fragrances,SUB003,Roll-On Deodorant,MFG005,Colgate Palmolive,BR024-Lady-Speed-Stick,Lady,PROD205,521,Lady Roll-On Deodorant Classic,6,ROLL,3,500,375,125,125,9000,5550.0,4271.25,1278.75,11.39,10.23,27.8,2.5,1,CIRCANA_SYNTHETIC,33.33,0.5683,2026-09-03T10:30:00Z
FCT000043,W0021,07-16-2026,2026,7,Q3,MKT001,New York,NY,Northeast,CH004,E-Commerce,RET001,National Grocery Co,National,CAT001,Deodorants & Fragrances,SUB004,Gel Deodorant,MFG003,Henkel,BR013-Monsavon,Monsavon,PROD305,740,Monsavon Gel Deodorant Classic,48,ROLL,1,386,386,0,0,18528,2435.66,2435.66,0,6.31,6.31,47.1,11.37,0,CIRCANA_SYNTHETIC,0,0.1315,2026-09-03T10:30:00Z
FCT000044,W0008,08-27-2026,2026,11,Q4,MKT009,Dallas,TX,South,CH002,Drug Store,RET003,Pharmacy Plus,Regional,CAT001,Deodorants & Fragrances,SUB002,Stick Deodorant,MFG004,Church & Dwight,BR019-Brut,Brut,PROD103,961,Brut Stick Deodorant Original,8,FL OZ,5,413,413,0,0,16520,954.03,954.03,0,2.31,2.31,50.6,3.45,0,CIRCANA_SYNTHETIC,0,0.0578,2026-09-03T10:30:00Z
FCT000045,W0031,02-05-2026,2025,4,Q2,MKT008,San Diego,CA,West,CH003,Mass Merchandiser,RET005,Warehouse Club,National,CAT001,Deodorants & Fragrances,SUB001,Aerosol Deodorant,MFG003,Henkel,BR014-Dial,Dial,PROD002,908,Dial Aerosol Deodorant Classic,30,CT,5,369,332,37,37,55350,5042.36,4545.08,497.28,13.69,13.44,84.8,4.22,1,CIRCANA_SYNTHETIC,11.14,0.0896,2026-09-03T10:30:00Z
FCT000046,W0043,01-29-2026,2025,3,Q1,MKT001,New York,NY,Northeast,CH003,Mass Merchandiser,RET003,Pharmacy Plus,Regional,CAT001,Deodorants & Fragrances,SUB005,Antiperspirant,MFG005,Colgate Palmolive,BR025-Palmolive,Palmolive,PROD403,814,Palmolive Antiperspirant Organic,24,FL OZ,5,448,325,123,123,53760,8533.31,6353.75,2179.56,19.55,17.72,90.0,13.06,1,CIRCANA_SYNTHETIC,37.85,0.1477,2026-09-03T10:30:00Z
FCT000047,W0043,09-18-2025,2025,11,Q4,MKT001,New York,NY,Northeast,CH003,Mass Merchandiser,RET004,Online Direct,National,CAT001,Deodorants & Fragrances,SUB002,Stick Deodorant,MFG004,Church & Dwight,BR019-Brut,Brut,PROD104,965,Brut Stick Deodorant Classic,4,CT,5,303,303,0,0,6060,7332.6,7332.6,0,24.2,24.2,44.9,1.6,0,CIRCANA_SYNTHETIC,0,1.21,2026-09-03T10:30:00Z
FCT000048,W0031,09-18-2025,2025,5,Q2,MKT001,New York,NY,Northeast,CH002,Drug Store,RET004,Online Direct,National,CAT001,Deodorants & Fragrances,SUB005,Antiperspirant,MFG002,Procter & Gamble,BR006-Gillette,Gillette,PROD404,835,Gillette Antiperspirant Classic,30,OZ,3,546,369,177,177,49140,11712.18,7970.4,3741.78,21.6,21.14,48.5,4.82,1,CIRCANA_SYNTHETIC,47.97,0.2349,2026-09-03T10:30:00Z
FCT000049,W0007,10-02-2025,2025,11,Q4,MKT004,Houston,TX,South,CH003,Mass Merchandiser,RET002,Regional Foods,Regional,CAT001,Deodorants & Fragrances,SUB005,Antiperspirant,MFG001,Unilever,BR004-Rexona,Rexona,PROD401,483,Rexona Antiperspirant Classic,8,FL OZ,1,277,277,0,0,2216,847.62,847.62,0,3.06,3.06,79.7,4.47,0,CIRCANA_SYNTHETIC,0,0.3825,2026-09-03T10:30:00Z
FCT000050,W0006,12-04-2025,2025,7,Q3,MKT007,San Antonio,TX,South,CH005,Club,RET002,Regional Foods,Regional,CAT001,Deodorants & Fragrances,SUB002,Stick Deodorant,MFG002,Procter & Gamble,BR007-Old Spice,Old Spice,PROD105,923,Old Spice Stick Deodorant Classic,8,CT,4,304,304,0,0,9728,5067.68,5067.68,0,16.67,16.67,54.5,10.04,0,CIRCANA_SYNTHETIC,0,0.5209,2026-09-03T10:30:00Z
FCT000051,W0041,02-26-2026,2025,12,Q4,MKT002,Los Angeles,CA,West,CH004,E-Commerce,RET003,Pharmacy Plus,Regional,CAT001,Deodorants & Fragrances,SUB005,Antiperspirant,MFG005,Colgate Palmolive,BR023-Colgate,Colgate,PROD402,816,Colgate Antiperspirant Light,12,ROLL,4,360,283,77,77,17280,1570.43,1259.35,311.08,4.45,4.04,46.9,4.51,1,CIRCANA_SYNTHETIC,27.21,0.0842,2026-09-03T10:30:00Z
FCT000052,W0019,09-25-2025,2025,4,Q2,MKT001,New York,NY,Northeast,CH005,Club,RET001,National Grocery Co,National,CAT001,Deodorants & Fragrances,SUB004,Gel Deodorant,MFG005,Colgate Palmolive,BR024-Lady-Speed-Stick,Lady,PROD303,743,Lady Gel Deodorant Original,12,PACK,3,324,162,162,162,11664,5579.28,2849.58,2729.7,17.59,16.85,69.4,12.59,1,CIRCANA_SYNTHETIC,100.0,0.4681,2026-09-03T10:30:00Z
FCT000053,W0019,04-16-2026,2026,12,Q4,MKT001,New York,NY,Northeast,CH005,Club,RET003,Pharmacy Plus,Regional,CAT001,Deodorants & Fragrances,SUB003,Roll-On Deodorant,MFG002,Procter & Gamble,BR006-Gillette,Gillette,PROD204,944,Gillette Roll-On Deodorant Classic,8,PACK,3,190,139,51,51,4560,2690.72,1975.19,715.53,14.21,14.03,82.3,3.93,1,CIRCANA_SYNTHETIC,36.69,0.5846,2026-09-03T10:30:00Z
FCT000054,W0052,01-01-2026,2025,6,Q2,MKT008,San Diego,CA,West,CH001,Grocery,RET002,Regional Foods,Regional,CAT001,Deodorants & Fragrances,SUB003,Roll-On Deodorant,MFG002,Procter & Gamble,BR009-Native,Native,PROD201,788,Native Roll-On Deodorant Light,30,OZ,3,454,454,0,0,40860,6510.36,6510.36,0,14.34,14.34,54.1,10.13,0,CIRCANA_SYNTHETIC,0,0.1593,2026-09-03T10:30:00Z
FCT000055,W0021,12-04-2025,2025,4,Q2,MKT004,Houston,TX,South,CH004,E-Commerce,RET001,National Grocery Co,National,CAT001,Deodorants & Fragrances,SUB003,Roll-On Deodorant,MFG005,Colgate Palmolive,BR025-Palmolive,Palmolive,PROD201,411,Palmolive Roll-On Deodorant Classic,48,FL OZ,6,375,375,0,0,108000,4271.25,4271.25,0,11.39,11.39,30.5,14.2,0,CIRCANA_SYNTHETIC,0,0.0395,2026-09-03T10:30:00Z
FCT000056,W0043,10-09-2025,2025,12,Q4,MKT009,Dallas,TX,South,CH002,Drug Store,RET004,Online Direct,National,CAT001,Deodorants & Fragrances,SUB001,Aerosol Deodorant,MFG004,Church & Dwight,BR018-Purity,Purity,PROD002,133,Purity Aerosol Deodorant Light,8,ROLL,6,540,350,190,190,25920,2248.5,1498.0,750.5,4.28,3.95,50.6,14.28,1,CIRCANA_SYNTHETIC,54.29,0.0823,2026-09-03T10:30:00Z
FCT000057,W0042,04-02-2026,2026,1,Q1,MKT004,Houston,TX,South,CH003,Mass Merchandiser,RET001,National Grocery Co,National,CAT001,Deodorants & Fragrances,SUB004,Gel Deodorant,MFG003,Henkel,BR015-Right Guard,Right Guard,PROD304,905,Right Guard Gel Deodorant Light,6,ROLL,1,239,191,48,48,1434,4075.72,3292.84,782.88,17.24,16.31,64.8,0.42,1,CIRCANA_SYNTHETIC,25.13,2.7183,2026-09-03T10:30:00Z
FCT000058,W0014,09-04-2025,2025,4,Q2,MKT004,Houston,TX,South,CH001,Grocery,RET005,Warehouse Club,National,CAT001,Deodorants & Fragrances,SUB002,Stick Deodorant,MFG002,Procter & Gamble,BR010-Olay,Olay,PROD105,987,Olay Stick Deodorant Original,4,FL OZ,2,483,446,37,37,3864,11872.03,11020.66,851.37,24.71,23.01,79.9,1.74,1,CIRCANA_SYNTHETIC,8.3,2.8763,2026-09-03T10:30:00Z
FCT000059,W0017,08-13-2026,2026,3,Q1,MKT004,Houston,TX,South,CH005,Club,RET003,Pharmacy Plus,Regional,CAT001,Deodorants & Fragrances,SUB001,Aerosol Deodorant,MFG001,Unilever,BR002-Axe,Axe,PROD003,729,Axe Aerosol Deodorant Original,6,ROLL,4,348,319,29,29,8352,6879.67,6344.91,534.76,19.89,18.44,28.2,7.61,1,CIRCANA_SYNTHETIC,9.09,0.7683,2026-09-03T10:30:00Z
FCT000060,W0032,10-23-2025,2025,8,Q3,MKT001,New York,NY,Northeast,CH004,E-Commerce,RET004,Online Direct,National,CAT001,Deodorants & Fragrances,SUB004,Gel Deodorant,MFG004,Church & Dwight,BR016-Arm-Hammer,Arm,PROD301,661,Arm Gel Deodorant Light,24,PACK,2,91,91,0,0,4368,319.41,319.41,0,3.51,3.51,40.6,9.53,0,CIRCANA_SYNTHETIC,0,0.0731,2026-09-03T10:30:00Z
FCT000061,W0007,09-18-2025,2025,12,Q4,MKT005,Phoenix,AZ,West,CH004,E-Commerce,RET005,Warehouse Club,National,CAT001,Deodorants & Fragrances,SUB005,Antiperspirant,MFG005,Colgate Palmolive,BR024-Lady-Speed-Stick,Lady,PROD405,508,Lady Antiperspirant Classic,12,ROLL,4,486,486,0,0,23328,10900.98,10900.98,0,22.43,22.43,51.0,12.43,0,CIRCANA_SYNTHETIC,0,0.4673,2026-09-03T10:30:00Z
FCT000062,W0005,07-30-2026,2026,2,Q1,MKT006,Philadelphia,PA,Northeast,CH003,Mass Merchandiser,RET003,Pharmacy Plus,Regional,CAT001,Deodorants & Fragrances,SUB003,Roll-On Deodorant,MFG002,Procter & Gamble,BR009-Native,Native,PROD204,437,Native Roll-On Deodorant Original,6,FL OZ,2,271,271,0,0,3252,4010.8,4010.8,0,14.8,14.8,64.0,8.47,0,CIRCANA_SYNTHETIC,0,1.2333,2026-09-03T10:30:00Z
FCT000063,W0007,12-25-2025,2025,9,Q3,MKT001,New York,NY,Northeast,CH003,Mass Merchandiser,RET005,Warehouse Club,National,CAT001,Deodorants & Fragrances,SUB003,Roll-On Deodorant,MFG003,Henkel,BR013-Monsavon,Monsavon,PROD204,385,Monsavon Roll-On Deodorant Fresh,48,CT,1,129,129,0,0,6192,1296.45,1296.45,0,10.05,10.05,61.7,1.81,0,CIRCANA_SYNTHETIC,0,0.2094,2026-09-03T10:30:00Z
FCT000064,W0043,10-30-2025,2025,5,Q2,MKT010,San Jose,CA,West,CH005,Club,RET005,Warehouse Club,National,CAT001,Deodorants & Fragrances,SUB004,Gel Deodorant,MFG001,Unilever,BR005-Lume,Lume,PROD305,773,Lume Gel Deodorant Classic,18,FL OZ,3,142,142,0,0,7668,1429.94,1429.94,0,10.07,10.07,33.6,2.23,0,CIRCANA_SYNTHETIC,0,0.1865,2026-09-03T10:30:00Z
FCT000065,W0030,04-09-2026,2026,3,Q1,MKT002,Los Angeles,CA,West,CH005,Club,RET002,Regional Foods,Regional,CAT001,Deodorants & Fragrances,SUB002,Stick Deodorant,MFG004,Church & Dwight,BR019-Brut,Brut,PROD101,790,Brut Stick Deodorant Original,24,PACK,5,393,209,184,184,47160,1449.31,825.55,623.76,3.95,3.39,31.8,9.31,1,CIRCANA_SYNTHETIC,88.04,0.0283,2026-09-03T10:30:00Z
FCT000066,W0014,10-02-2025,2025,9,Q3,MKT008,San Diego,CA,West,CH005,Club,RET004,Online Direct,National,CAT001,Deodorants & Fragrances,SUB004,Gel Deodorant,MFG004,Church & Dwight,BR018-Purity,Purity,PROD304,415,Purity Gel Deodorant Original,30,OZ,3,226,226,0,0,20340,3977.6,3977.6,0,17.6,17.6,64.5,7.95,0,CIRCANA_SYNTHETIC,0,0.1956,2026-09-03T10:30:00Z
FCT000067,W0050,07-09-2026,2026,5,Q2,MKT001,New York,NY,Northeast,CH001,Grocery,RET002,Regional Foods,Regional,CAT001,Deodorants & Fragrances,SUB004,Gel Deodorant,MFG003,Henkel,BR012-Fa,Fa,PROD305,672,Fa Gel Deodorant Light,4,ROLL,6,247,217,30,30,5928,2894.97,2584.47,310.5,11.91,10.35,59.9,3.53,1,CIRCANA_SYNTHETIC,13.82,0.4312,2026-09-03T10:30:00Z
FCT000068,W0037,02-26-2026,2025,10,Q4,MKT007,San Antonio,TX,South,CH001,Grocery,RET004,Online Direct,National,CAT001,Deodorants & Fragrances,SUB004,Gel Deodorant,MFG001,Unilever,BR003-Degree,Degree,PROD301,571,Degree Gel Deodorant Light,30,FL OZ,1,576,413,163,163,17280,6510.54,4675.16,1835.38,11.32,11.26,32.9,14.22,1,CIRCANA_SYNTHETIC,39.47,0.3753,2026-09-03T10:30:00Z
FCT000069,W0006,03-12-2026,2026,5,Q2,MKT004,Houston,TX,South,CH004,E-Commerce,RET005,Warehouse Club,National,CAT001,Deodorants & Fragrances,SUB004,Gel Deodorant,MFG004,Church & Dwight,BR020-Trojan,Trojan,PROD301,459,Trojan Gel Deodorant Organic,8,OZ,5,248,163,85,85,9920,4007.43,2699.28,1308.15,16.56,15.39,34.5,11.67,1,CIRCANA_SYNTHETIC,52.15,0.3848,2026-09-03T10:30:00Z
FCT000070,W0049,10-02-2025,2025,11,Q4,MKT005,Phoenix,AZ,West,CH002,Drug Store,RET002,Regional Foods,Regional,CAT001,Deodorants & Fragrances,SUB001,Aerosol Deodorant,MFG005,Colgate Palmolive,BR022-Speed-Stick,Speed,PROD002,678,Speed Aerosol Deodorant Fresh,48,ROLL,5,140,140,0,0,33600,2727.2,2727.2,0,19.48,19.48,53.7,13.87,0,CIRCANA_SYNTHETIC,0,0.0812,2026-09-03T10:30:00Z
FCT000071,W0051,05-07-2026,2026,10,Q4,MKT008,San Diego,CA,West,CH001,Grocery,RET004,Online Direct,National,CAT001,Deodorants & Fragrances,SUB003,Roll-On Deodorant,MFG004,Church & Dwight,BR018-Purity,Purity,PROD202,178,Purity Roll-On Deodorant Original,6,FL OZ,4,230,230,0,0,5520,2849.7,2849.7,0,12.39,12.39,24.3,12.49,0,CIRCANA_SYNTHETIC,0,0.5162,2026-09-03T10:30:00Z
FCT000072,W0021,12-11-2025,2025,8,Q3,MKT009,Dallas,TX,South,CH001,Grocery,RET004,Online Direct,National,CAT001,Deodorants & Fragrances,SUB004,Gel Deodorant,MFG005,Colgate Palmolive,BR022-Speed-Stick,Speed,PROD305,140,Speed Gel Deodorant Organic,48,OZ,3,81,81,0,0,11664,1991.79,1991.79,0,24.59,24.59,26.3,9.73,0,CIRCANA_SYNTHETIC,0,0.1708,2026-09-03T10:30:00Z
FCT000073,W0019,03-19-2026,2026,7,Q3,MKT009,Dallas,TX,South,CH005,Club,RET002,Regional Foods,Regional,CAT001,Deodorants & Fragrances,SUB004,Gel Deodorant,MFG003,Henkel,BR013-Monsavon,Monsavon,PROD305,972,Monsavon Gel Deodorant Fresh,4,FL OZ,1,550,397,153,153,2200,5171.08,3803.26,1367.82,9.58,8.94,49.0,3.85,1,CIRCANA_SYNTHETIC,38.54,2.235,2026-09-03T10:30:00Z
FCT000074,W0009,12-11-2025,2025,12,Q4,MKT010,San Jose,CA,West,CH002,Drug Store,RET003,Pharmacy Plus,Regional,CAT001,Deodorants & Fragrances,SUB003,Roll-On Deodorant,MFG003,Henkel,BR014-Dial,Dial,PROD201,801,Dial Roll-On Deodorant Fresh,30,FL OZ,2,208,208,0,0,12480,3621.28,3621.28,0,17.41,17.41,82.2,11.11,0,CIRCANA_SYNTHETIC,0,0.2902,2026-09-03T10:30:00Z
FCT000075,W0014,04-09-2026,2026,8,Q3,MKT006,Philadelphia,PA,Northeast,CH001,Grocery,RET003,Pharmacy Plus,Regional,CAT001,Deodorants & Fragrances,SUB004,Gel Deodorant,MFG003,Henkel,BR012-Fa,Fa,PROD305,652,Fa Gel Deodorant Fresh,8,CT,1,165,165,0,0,1320,1452.0,1452.0,0,8.8,8.8,79.1,7.66,0,CIRCANA_SYNTHETIC,0,1.1,2026-09-03T10:30:00Z
FCT000076,W0012,10-30-2025,2025,10,Q4,MKT003,Chicago,IL,Midwest,CH005,Club,RET004,Online Direct,National,CAT001,Deodorants & Fragrances,SUB003,Roll-On Deodorant,MFG002,Procter & Gamble,BR007-Old Spice,Old Spice,PROD205,725,Old Spice Roll-On Deodorant Light,48,OZ,4,419,419,0,0,80448,4349.22,4349.22,0,10.38,10.38,74.0,14.55,0,CIRCANA_SYNTHETIC,0,0.0541,2026-09-03T10:30:00Z
FCT000077,W0044,12-25-2025,2025,8,Q3,MKT004,Houston,TX,South,CH003,Mass Merchandiser,RET004,Online Direct,National,CAT001,Deodorants & Fragrances,SUB002,Stick Deodorant,MFG002,Procter & Gamble,BR008-Secret,Secret,PROD105,993,Secret Stick Deodorant Light,30,PACK,5,515,443,72,72,77250,5884.33,5152.09,732.24,11.63,10.17,35.0,9.11,1,CIRCANA_SYNTHETIC,16.25,0.0678,2026-09-03T10:30:00Z
FCT000078,W0006,10-02-2025,2025,3,Q1,MKT009,Dallas,TX,South,CH001,Grocery,RET005,Warehouse Club,National,CAT001,Deodorants & Fragrances,SUB004,Gel Deodorant,MFG001,Unilever,BR003-Degree,Degree,PROD303,127,Degree Gel Deodorant Classic,8,ROLL,1,411,280,131,131,3288,9406.6,6655.6,2751.0,23.77,21.0,53.8,5.31,1,CIRCANA_SYNTHETIC,46.79,2.625,2026-09-03T10:30:00Z
FCT000079,W0015,08-27-2026,2026,6,Q2,MKT006,Philadelphia,PA,Northeast,CH002,Drug Store,RET004,Online Direct,National,CAT001,Deodorants & Fragrances,SUB004,Gel Deodorant,MFG001,Unilever,BR003-Degree,Degree,PROD305,951,Degree Gel Deodorant Organic,24,CT,2,479,479,0,0,22992,1379.52,1379.52,0,2.88,2.88,88.8,7.14,0,CIRCANA_SYNTHETIC,0,0.06,2026-09-03T10:30:00Z
FCT000080,W0010,01-01-2026,2025,12,Q4,MKT001,New York,NY,Northeast,CH001,Grocery,RET001,National Grocery Co,National,CAT001,Deodorants & Fragrances,SUB004,Gel Deodorant,MFG003,Henkel,BR012-Fa,Fa,PROD305,164,Fa Gel Deodorant Original,18,CT,3,304,106,198,198,16416,1350.3,508.8,841.5,4.8,4.25,67.9,9.38,1,CIRCANA_SYNTHETIC,186.79,0.0787,2026-09-03T10:30:00Z
FCT000081,W0019,02-26-2026,2025,1,Q1,MKT001,New York,NY,Northeast,CH005,Club,RET005,Warehouse Club,National,CAT001,Deodorants & Fragrances,SUB005,Antiperspirant,MFG002,Procter & Gamble,BR007-Old Spice,Old Spice,PROD405,657,Old Spice Antiperspirant Fresh,30,CT,6,319,173,146,146,57420,5359.99,3005.01,2354.98,17.37,16.13,47.0,14.31,1,CIRCANA_SYNTHETIC,84.39,0.0896,2026-09-03T10:30:00Z
FCT000082,W0023,09-18-2025,2025,2,Q1,MKT001,New York,NY,Northeast,CH004,E-Commerce,RET003,Pharmacy Plus,Regional,CAT001,Deodorants & Fragrances,SUB004,Gel Deodorant,MFG003,Henkel,BR011-Nivea,Nivea,PROD304,758,Nivea Gel Deodorant Organic,6,PACK,6,360,173,187,187,12960,6512.76,3356.2,3156.56,19.4,16.88,46.4,5.14,1,CIRCANA_SYNTHETIC,108.09,0.4689,2026-09-03T10:30:00Z
FCT000083,W0013,08-20-2026,2026,4,Q2,MKT003,Chicago,IL,Midwest,CH001,Grocery,RET004,Online Direct,National,CAT001,Deodorants & Fragrances,SUB004,Gel Deodorant,MFG001,Unilever,BR003-Degree,Degree,PROD302,871,Degree Gel Deodorant Organic,18,PACK,4,211,211,0,0,15192,5222.25,5222.25,0,24.75,24.75,60.7,3.87,0,CIRCANA_SYNTHETIC,0,0.3438,2026-09-03T10:30:00Z
FCT000084,W0026,10-09-2025,2025,8,Q3,MKT006,Philadelphia,PA,Northeast,CH003,Mass Merchandiser,RET001,National Grocery Co,National,CAT001,Deodorants & Fragrances,SUB003,Roll-On Deodorant,MFG003,Henkel,BR014-Dial,Dial,PROD201,180,Dial Roll-On Deodorant Classic,48,ROLL,3,270,223,47,47,38880,6201.24,5186.98,1014.26,23.26,21.58,80.1,10.93,1,CIRCANA_SYNTHETIC,21.08,0.1499,2026-09-03T10:30:00Z
FCT000085,W0020,02-19-2026,2025,10,Q4,MKT006,Philadelphia,PA,Northeast,CH001,Grocery,RET001,National Grocery Co,National,CAT001,Deodorants & Fragrances,SUB005,Antiperspirant,MFG003,Henkel,BR013-Monsavon,Monsavon,PROD403,381,Monsavon Antiperspirant Original,48,FL OZ,4,311,135,176,176,59712,913.11,400.95,512.16,2.97,2.91,46.4,14.97,1,CIRCANA_SYNTHETIC,130.37,0.0152,2026-09-03T10:30:00Z
FCT000086,W0044,09-18-2025,2025,8,Q3,MKT009,Dallas,TX,South,CH002,Drug Store,RET001,National Grocery Co,National,CAT001,Deodorants & Fragrances,SUB004,Gel Deodorant,MFG002,Procter & Gamble,BR010-Olay,Olay,PROD303,719,Olay Gel Deodorant Organic,6,CT,6,114,114,0,0,4104,1189.02,1189.02,0,10.43,10.43,48.7,8.55,0,CIRCANA_SYNTHETIC,0,0.2897,2026-09-03T10:30:00Z
FCT000087,W0024,03-12-2026,2026,6,Q2,MKT008,San Diego,CA,West,CH001,Grocery,RET005,Warehouse Club,National,CAT001,Deodorants & Fragrances,SUB003,Roll-On Deodorant,MFG002,Procter & Gamble,BR010-Olay,Olay,PROD203,820,Olay Roll-On Deodorant Classic,4,CT,4,206,177,29,29,3296,2860.24,2462.07,398.17,13.91,13.73,28.8,11.65,1,CIRCANA_SYNTHETIC,16.38,0.8581,2026-09-03T10:30:00Z
FCT000088,W0029,06-18-2026,2026,12,Q4,MKT008,San Diego,CA,West,CH002,Drug Store,RET001,National Grocery Co,National,CAT001,Deodorants & Fragrances,SUB005,Antiperspirant,MFG002,Procter & Gamble,BR006-Gillette,Gillette,PROD403,828,Gillette Antiperspirant Organic,24,FL OZ,6,268,94,174,174,38592,893.56,328.06,565.5,3.49,3.25,86.8,12.79,1,CIRCANA_SYNTHETIC,185.11,0.0226,2026-09-03T10:30:00Z
FCT000089,W0002,03-26-2026,2026,9,Q3,MKT002,Los Angeles,CA,West,CH002,Drug Store,RET002,Regional Foods,Regional,CAT001,Deodorants & Fragrances,SUB005,Antiperspirant,MFG002,Procter & Gamble,BR009-Native,Native,PROD402,520,Native Antiperspirant Classic,8,PACK,1,430,289,141,141,3440,1464.18,1014.39,449.79,3.51,3.19,73.8,7.23,1,CIRCANA_SYNTHETIC,48.79,0.3987,2026-09-03T10:30:00Z
FCT000090,W0009,09-25-2025,2025,9,Q3,MKT002,Los Angeles,CA,West,CH004,E-Commerce,RET004,Online Direct,National,CAT001,Deodorants & Fragrances,SUB002,Stick Deodorant,MFG005,Colgate Palmolive,BR023-Colgate,Colgate,PROD103,256,Colgate Stick Deodorant Light,8,ROLL,5,443,443,0,0,17720,10166.85,10166.85,0,22.95,22.95,24.2,1.95,0,CIRCANA_SYNTHETIC,0,0.5737,2026-09-03T10:30:00Z
FCT000091,W0017,06-11-2026,2026,11,Q4,MKT004,Houston,TX,South,CH003,Mass Merchandiser,RET005,Warehouse Club,National,CAT001,Deodorants & Fragrances,SUB002,Stick Deodorant,MFG003,Henkel,BR011-Nivea,Nivea,PROD103,275,Nivea Stick Deodorant Fresh,18,PACK,5,274,114,160,160,24660,1101.9,473.1,628.8,4.15,3.93,64.4,8.75,1,CIRCANA_SYNTHETIC,140.35,0.0437,2026-09-03T10:30:00Z
FCT000092,W0042,06-04-2026,2026,10,Q4,MKT001,New York,NY,Northeast,CH001,Grocery,RET001,National Grocery Co,National,CAT001,Deodorants & Fragrances,SUB005,Antiperspirant,MFG005,Colgate Palmolive,BR023-Colgate,Colgate,PROD401,926,Colgate Antiperspirant Classic,4,ROLL,6,529,366,163,163,12696,7569.81,5325.3,2244.51,14.55,13.77,42.7,3.75,1,CIRCANA_SYNTHETIC,44.54,0.5737,2026-09-03T10:30:00Z
FCT000093,W0030,06-04-2026,2026,6,Q2,MKT001,New York,NY,Northeast,CH002,Drug Store,RET004,Online Direct,National,CAT001,Deodorants & Fragrances,SUB004,Gel Deodorant,MFG004,Church & Dwight,BR019-Brut,Brut,PROD301,426,Brut Gel Deodorant Organic,24,FL OZ,4,210,210,0,0,20160,1052.1,1052.1,0,5.01,5.01,47.8,8.47,0,CIRCANA_SYNTHETIC,0,0.0522,2026-09-03T10:30:00Z
FCT000094,W0019,03-19-2026,2026,10,Q4,MKT008,San Diego,CA,West,CH002,Drug Store,RET002,Regional Foods,Regional,CAT001,Deodorants & Fragrances,SUB001,Aerosol Deodorant,MFG001,Unilever,BR001-Dove,Dove,PROD003,610,Dove Aerosol Deodorant Light,24,PACK,6,217,177,40,40,31248,1981.03,1626.63,354.4,9.19,8.86,57.4,7.77,1,CIRCANA_SYNTHETIC,22.6,0.0615,2026-09-03T10:30:00Z
FCT000095,W0038,04-02-2026,2026,1,Q1,MKT007,San Antonio,TX,South,CH005,Club,RET004,Online Direct,National,CAT001,Deodorants & Fragrances,SUB001,Aerosol Deodorant,MFG002,Procter & Gamble,BR007-Old Spice,Old Spice,PROD001,210,Old Spice Aerosol Deodorant Classic,48,PACK,6,194,194,0,0,55872,3389.18,3389.18,0,17.47,17.47,41.4,0.22,0,CIRCANA_SYNTHETIC,0,0.0607,2026-09-03T10:30:00Z
FCT000096,W0037,01-01-2026,2025,4,Q2,MKT007,San Antonio,TX,South,CH003,Mass Merchandiser,RET001,National Grocery Co,National,CAT001,Deodorants & Fragrances,SUB003,Roll-On Deodorant,MFG004,Church & Dwight,BR016-Arm-Hammer,Arm,PROD203,725,Arm Roll-On Deodorant Original,6,ROLL,5,406,333,73,73,12180,4957.57,4115.88,841.69,12.36,11.53,81.9,9.39,1,CIRCANA_SYNTHETIC,21.92,0.3843,2026-09-03T10:30:00Z
FCT000097,W0013,12-11-2025,2025,9,Q3,MKT006,Philadelphia,PA,Northeast,CH003,Mass Merchandiser,RET005,Warehouse Club,National,CAT001,Deodorants & Fragrances,SUB001,Aerosol Deodorant,MFG003,Henkel,BR012-Fa,Fa,PROD004,627,Fa Aerosol Deodorant Organic,4,OZ,2,316,306,10,10,2528,5812.16,5633.46,178.7,18.41,17.87,58.9,2.32,1,CIRCANA_SYNTHETIC,3.27,2.2338,2026-09-03T10:30:00Z
FCT000098,W0022,01-22-2026,2025,9,Q3,MKT003,Chicago,IL,Midwest,CH004,E-Commerce,RET005,Warehouse Club,National,CAT001,Deodorants & Fragrances,SUB005,Antiperspirant,MFG003,Henkel,BR015-Right Guard,Right Guard,PROD403,915,Right Guard Antiperspirant Original,18,ROLL,1,556,412,144,144,10008,5747.88,4313.64,1434.24,10.47,9.96,93.5,8.8,1,CIRCANA_SYNTHETIC,34.95,0.5533,2026-09-03T10:30:00Z
FCT000099,W0011,01-15-2026,2025,11,Q4,MKT010,San Jose,CA,West,CH002,Drug Store,RET001,National Grocery Co,National,CAT001,Deodorants & Fragrances,SUB003,Roll-On Deodorant,MFG005,Colgate Palmolive,BR024-Lady-Speed-Stick,Lady,PROD205,255,Lady Roll-On Deodorant Classic,12,OZ,5,299,125,174,174,17940,6565.87,2976.25,3589.62,23.81,20.63,21.4,4.77,1,CIRCANA_SYNTHETIC,139.2,0.3438,2026-09-03T10:30:00Z
FCT000100,W0014,01-01-2026,2025,6,Q2,MKT010,San Jose,CA,West,CH004,E-Commerce,RET001,National Grocery Co,National,CAT001,Deodorants & Fragrances,SUB004,Gel Deodorant,MFG002,Procter & Gamble,BR010-Olay,Olay,PROD305,838,Olay Gel Deodorant Light,24,CT,4,415,319,96,96,39840,9318.78,7330.62,1988.16,22.98,20.71,46.6,11.6,1,CIRCANA_SYNTHETIC,30.09,0.2157,2026-09-03T10:30:00Z
FCT000101,W0050,04-30-2026,2026,12,Q4,MKT005,Phoenix,AZ,West,CH005,Club,RET003,Pharmacy Plus,Regional,CAT001,Deodorants & Fragrances,SUB002,Stick Deodorant,MFG002,Procter & Gamble,BR008-Secret,Secret,PROD102,380,Secret Stick Deodorant Light,48,FL OZ,4,403,403,0,0,77376,4038.06,4038.06,0,10.02,10.02,90.0,11.95,0,CIRCANA_SYNTHETIC,0,0.0522,2026-09-03T10:30:00Z
FCT000102,W0003,04-30-2026,2026,12,Q4,MKT007,San Antonio,TX,South,CH004,E-Commerce,RET003,Pharmacy Plus,Regional,CAT001,Deodorants & Fragrances,SUB005,Antiperspirant,MFG002,Procter & Gamble,BR008-Secret,Secret,PROD405,675,Secret Antiperspirant Light,48,FL OZ,6,227,227,0,0,65376,2955.54,2955.54,0,13.02,13.02,35.2,8.12,0,CIRCANA_SYNTHETIC,0,0.0452,2026-09-03T10:30:00Z
FCT000103,W0015,11-27-2025,2025,4,Q2,MKT010,San Jose,CA,West,CH002,Drug Store,RET002,Regional Foods,Regional,CAT001,Deodorants & Fragrances,SUB001,Aerosol Deodorant,MFG001,Unilever,BR005-Lume,Lume,PROD005,663,Lume Aerosol Deodorant Organic,30,FL OZ,6,101,101,0,0,18180,1299.87,1299.87,0,12.87,12.87,71.1,2.15,0,CIRCANA_SYNTHETIC,0,0.0715,2026-09-03T10:30:00Z
FCT000104,W0050,07-30-2026,2026,11,Q4,MKT004,Houston,TX,South,CH003,Mass Merchandiser,RET003,Pharmacy Plus,Regional,CAT001,Deodorants & Fragrances,SUB004,Gel Deodorant,MFG003,Henkel,BR011-Nivea,Nivea,PROD304,956,Nivea Gel Deodorant Classic,4,CT,4,323,323,0,0,5168,7199.67,7199.67,0,22.29,22.29,33.2,13.8,0,CIRCANA_SYNTHETIC,0,1.3931,2026-09-03T10:30:00Z
FCT000105,W0007,04-09-2026,2026,5,Q2,MKT001,New York,NY,Northeast,CH001,Grocery,RET003,Pharmacy Plus,Regional,CAT001,Deodorants & Fragrances,SUB002,Stick Deodorant,MFG005,Colgate Palmolive,BR025-Palmolive,Palmolive,PROD103,569,Palmolive Stick Deodorant Light,48,CT,5,517,378,139,139,124080,6382.86,4823.28,1559.58,12.76,11.22,28.4,2.52,1,CIRCANA_SYNTHETIC,36.77,0.0467,2026-09-03T10:30:00Z
FCT000106,W0041,03-12-2026,2026,7,Q3,MKT005,Phoenix,AZ,West,CH005,Club,RET002,Regional Foods,Regional,CAT001,Deodorants & Fragrances,SUB001,Aerosol Deodorant,MFG002,Procter & Gamble,BR010-Olay,Olay,PROD003,557,Olay Aerosol Deodorant Light,6,CT,2,196,94,102,102,2352,2531.84,1220.12,1311.72,12.98,12.86,20.5,5.82,1,CIRCANA_SYNTHETIC,108.51,1.0717,2026-09-03T10:30:00Z
FCT000107,W0004,11-13-2025,2025,2,Q1,MKT010,San Jose,CA,West,CH001,Grocery,RET003,Pharmacy Plus,Regional,CAT001,Deodorants & Fragrances,SUB003,Roll-On Deodorant,MFG003,Henkel,BR012-Fa,Fa,PROD205,476,Fa Roll-On Deodorant Fresh,30,PACK,6,247,207,40,40,44460,4831.57,4079.97,751.6,19.71,18.79,67.9,14.12,1,CIRCANA_SYNTHETIC,19.32,0.1044,2026-09-03T10:30:00Z
FCT000108,W0027,10-30-2025,2025,9,Q3,MKT008,San Diego,CA,West,CH002,Drug Store,RET004,Online Direct,National,CAT001,Deodorants & Fragrances,SUB002,Stick Deodorant,MFG005,Colgate Palmolive,BR023-Colgate,Colgate,PROD102,820,Colgate Stick Deodorant Light,12,CT,6,574,437,137,137,41328,11061.95,8460.32,2601.63,19.36,18.99,26.1,6.76,1,CIRCANA_SYNTHETIC,31.35,0.2637,2026-09-03T10:30:00Z
FCT000109,W0035,07-02-2026,2026,3,Q1,MKT001,New York,NY,Northeast,CH005,Club,RET005,Warehouse Club,National,CAT001,Deodorants & Fragrances,SUB005,Antiperspirant,MFG002,Procter & Gamble,BR010-Olay,Olay,PROD401,928,Olay Antiperspirant Original,48,OZ,6,620,487,133,133,178560,4110.54,3272.64,837.9,6.72,6.3,26.8,7.7,1,CIRCANA_SYNTHETIC,27.31,0.0219,2026-09-03T10:30:00Z
FCT000110,W0030,11-06-2025,2025,5,Q2,MKT007,San Antonio,TX,South,CH004,E-Commerce,RET005,Warehouse Club,National,CAT001,Deodorants & Fragrances,SUB002,Stick Deodorant,MFG001,Unilever,BR005-Lume,Lume,PROD105,817,Lume Stick Deodorant Original,18,OZ,6,252,252,0,0,27216,1766.52,1766.52,0,7.01,7.01,25.5,6.41,0,CIRCANA_SYNTHETIC,0,0.0649,2026-09-03T10:30:00Z
FCT000111,W0050,11-20-2025,2025,12,Q4,MKT001,New York,NY,Northeast,CH003,Mass Merchandiser,RET004,Online Direct,National,CAT001,Deodorants & Fragrances,SUB001,Aerosol Deodorant,MFG002,Procter & Gamble,BR007-Old Spice,Old Spice,PROD004,980,Old Spice Aerosol Deodorant Light,48,ROLL,4,338,241,97,97,64896,1299.36,927.85,371.51,3.85,3.83,85.6,2.08,1,CIRCANA_SYNTHETIC,40.25,0.0199,2026-09-03T10:30:00Z
FCT000112,W0049,08-27-2026,2026,5,Q2,MKT007,San Antonio,TX,South,CH005,Club,RET002,Regional Foods,Regional,CAT001,Deodorants & Fragrances,SUB002,Stick Deodorant,MFG002,Procter & Gamble,BR006-Gillette,Gillette,PROD105,996,Gillette Stick Deodorant Original,30,PACK,4,578,394,184,184,69360,11669.08,8250.36,3418.72,20.94,18.58,46.0,4.21,1,CIRCANA_SYNTHETIC,46.7,0.1548,2026-09-03T10:30:00Z
FCT000113,W0039,08-20-2026,2026,8,Q3,MKT001,New York,NY,Northeast,CH002,Drug Store,RET002,Regional Foods,Regional,CAT001,Deodorants & Fragrances,SUB004,Gel Deodorant,MFG001,Unilever,BR001-Dove,Dove,PROD305,157,Dove Gel Deodorant Organic,4,ROLL,4,175,175,0,0,2800,1293.25,1293.25,0,7.39,7.39,36.3,12.97,0,CIRCANA_SYNTHETIC,0,0.4619,2026-09-03T10:30:00Z
FCT000114,W0020,07-02-2026,2026,11,Q4,MKT006,Philadelphia,PA,Northeast,CH005,Club,RET005,Warehouse Club,National,CAT001,Deodorants & Fragrances,SUB002,Stick Deodorant,MFG003,Henkel,BR012-Fa,Fa,PROD105,279,Fa Stick Deodorant Classic,18,FL OZ,1,261,261,0,0,4698,3862.8,3862.8,0,14.8,14.8,64.4,11.05,0,CIRCANA_SYNTHETIC,0,0.8222,2026-09-03T10:30:00Z
FCT000115,W0010,04-23-2026,2026,7,Q3,MKT007,San Antonio,TX,South,CH005,Club,RET003,Pharmacy Plus,Regional,CAT001,Deodorants & Fragrances,SUB001,Aerosol Deodorant,MFG004,Church & Dwight,BR019-Brut,Brut,PROD003,159,Brut Aerosol Deodorant Fresh,48,CT,2,436,436,0,0,41856,3889.12,3889.12,0,8.92,8.92,73.1,12.11,0,CIRCANA_SYNTHETIC,0,0.0929,2026-09-03T10:30:00Z
FCT000116,W0014,04-09-2026,2026,11,Q4,MKT009,Dallas,TX,South,CH002,Drug Store,RET004,Online Direct,National,CAT001,Deodorants & Fragrances,SUB004,Gel Deodorant,MFG002,Procter & Gamble,BR008-Secret,Secret,PROD305,789,Secret Gel Deodorant Fresh,24,OZ,5,280,280,0,0,33600,5227.6,5227.6,0,18.67,18.67,34.3,4.1,0,CIRCANA_SYNTHETIC,0,0.1556,2026-09-03T10:30:00Z
FCT000117,W0022,04-23-2026,2026,1,Q1,MKT010,San Jose,CA,West,CH005,Club,RET002,Regional Foods,Regional,CAT001,Deodorants & Fragrances,SUB001,Aerosol Deodorant,MFG004,Church & Dwight,BR017-Nubian,Nubian,PROD002,345,Nubian Aerosol Deodorant Fresh,6,ROLL,2,147,147,0,0,1764,2646.0,2646.0,0,18.0,18.0,72.8,6.01,0,CIRCANA_SYNTHETIC,0,1.5,2026-09-03T10:30:00Z
FCT000118,W0024,01-22-2026,2025,8,Q3,MKT008,San Diego,CA,West,CH005,Club,RET003,Pharmacy Plus,Regional,CAT001,Deodorants & Fragrances,SUB003,Roll-On Deodorant,MFG003,Henkel,BR013-Monsavon,Monsavon,PROD204,249,Monsavon Roll-On Deodorant Original,48,FL OZ,2,284,100,184,184,27264,2819.4,1053.0,1766.4,10.53,9.6,62.2,3.4,1,CIRCANA_SYNTHETIC,184.0,0.1,2026-09-03T10:30:00Z
FCT000119,W0022,05-28-2026,2026,7,Q3,MKT010,San Jose,CA,West,CH004,E-Commerce,RET003,Pharmacy Plus,Regional,CAT001,Deodorants & Fragrances,SUB005,Antiperspirant,MFG002,Procter & Gamble,BR007-Old Spice,Old Spice,PROD405,272,Old Spice Antiperspirant Light,24,FL OZ,4,305,305,0,0,29280,7390.15,7390.15,0,24.23,24.23,68.1,7.41,0,CIRCANA_SYNTHETIC,0,0.2524,2026-09-03T10:30:00Z
FCT000120,W0003,08-06-2026,2026,11,Q4,MKT008,San Diego,CA,West,CH002,Drug Store,RET005,Warehouse Club,National,CAT001,Deodorants & Fragrances,SUB002,Stick Deodorant,MFG001,Unilever,BR005-Lume,Lume,PROD105,109,Lume Stick Deodorant Organic,4,ROLL,2,441,441,0,0,3528,9428.58,9428.58,0,21.38,21.38,37.4,10.64,0,CIRCANA_SYNTHETIC,0,2.6725,2026-09-03T10:30:00Z
FCT000121,W0001,01-08-2026,2025,9,Q3,MKT010,San Jose,CA,West,CH005,Club,RET004,Online Direct,National,CAT001,Deodorants & Fragrances,SUB003,Roll-On Deodorant,MFG004,Church & Dwight,BR016-Arm-Hammer,Arm,PROD201,283,Arm Roll-On Deodorant Original,18,PACK,3,60,56,4,4,3240,143.12,133.84,9.28,2.39,2.32,70.6,12.11,1,CIRCANA_SYNTHETIC,7.14,0.043,2026-09-03T10:30:00Z
FCT000122,W0023,05-07-2026,2026,7,Q3,MKT004,Houston,TX,South,CH002,Drug Store,RET005,Warehouse Club,National,CAT001,Deodorants & Fragrances,SUB005,Antiperspirant,MFG005,Colgate Palmolive,BR023-Colgate,Colgate,PROD402,947,Colgate Antiperspirant Original,30,ROLL,5,241,241,0,0,36150,1829.19,1829.19,0,7.59,7.59,72.3,4.57,0,CIRCANA_SYNTHETIC,0,0.0506,2026-09-03T10:30:00Z
FCT000123,W0041,09-03-2026,2026,12,Q4,MKT007,San Antonio,TX,South,CH004,E-Commerce,RET005,Warehouse Club,National,CAT001,Deodorants & Fragrances,SUB001,Aerosol Deodorant,MFG004,Church & Dwight,BR016-Arm-Hammer,Arm,PROD004,197,Arm Aerosol Deodorant Fresh,48,ROLL,6,92,92,0,0,26496,1843.68,1843.68,0,20.04,20.04,62.4,12.88,0,CIRCANA_SYNTHETIC,0,0.0696,2026-09-03T10:30:00Z
FCT000124,W0044,05-07-2026,2026,9,Q3,MKT010,San Jose,CA,West,CH004,E-Commerce,RET003,Pharmacy Plus,Regional,CAT001,Deodorants & Fragrances,SUB002,Stick Deodorant,MFG001,Unilever,BR001-Dove,Dove,PROD102,507,Dove Stick Deodorant Original,24,OZ,2,141,141,0,0,6768,2185.5,2185.5,0,15.5,15.5,76.4,10.72,0,CIRCANA_SYNTHETIC,0,0.3229,2026-09-03T10:30:00Z
FCT000125,W0025,10-02-2025,2025,12,Q4,MKT004,Houston,TX,South,CH005,Club,RET004,Online Direct,National,CAT001,Deodorants & Fragrances,SUB002,Stick Deodorant,MFG005,Colgate Palmolive,BR023-Colgate,Colgate,PROD105,958,Colgate Stick Deodorant Original,6,PACK,6,454,454,0,0,16344,11082.14,11082.14,0,24.41,24.41,24.0,6.61,0,CIRCANA_SYNTHETIC,0,0.6781,2026-09-03T10:30:00Z
FCT000126,W0051,02-19-2026,2025,8,Q3,MKT010,San Jose,CA,West,CH004,E-Commerce,RET003,Pharmacy Plus,Regional,CAT001,Deodorants & Fragrances,SUB005,Antiperspirant,MFG001,Unilever,BR003-Degree,Degree,PROD405,733,Degree Antiperspirant Light,30,ROLL,2,232,232,0,0,13920,4090.16,4090.16,0,17.63,17.63,69.6,1.38,0,CIRCANA_SYNTHETIC,0,0.2938,2026-09-03T10:30:00Z
FCT000127,W0021,03-26-2026,2026,2,Q1,MKT005,Phoenix,AZ,West,CH002,Drug Store,RET004,Online Direct,National,CAT001,Deodorants & Fragrances,SUB001,Aerosol Deodorant,MFG002,Procter & Gamble,BR009-Native,Native,PROD001,541,Native Aerosol Deodorant Classic,18,ROLL,3,52,52,0,0,2808,1014.52,1014.52,0,19.51,19.51,27.7,1.4,0,CIRCANA_SYNTHETIC,0,0.3613,2026-09-03T10:30:00Z
FCT000128,W0039,09-18-2025,2025,6,Q2,MKT002,Los Angeles,CA,West,CH003,Mass Merchandiser,RET005,Warehouse Club,National,CAT001,Deodorants & Fragrances,SUB001,Aerosol Deodorant,MFG001,Unilever,BR005-Lume,Lume,PROD001,633,Lume Aerosol Deodorant Organic,30,ROLL,1,130,56,74,74,3900,2336.08,1045.52,1290.56,18.67,17.44,94.5,3.72,1,CIRCANA_SYNTHETIC,132.14,0.5813,2026-09-03T10:30:00Z
FCT000129,W0005,06-25-2026,2026,7,Q3,MKT005,Phoenix,AZ,West,CH003,Mass Merchandiser,RET003,Pharmacy Plus,Regional,CAT001,Deodorants & Fragrances,SUB002,Stick Deodorant,MFG004,Church & Dwight,BR017-Nubian,Nubian,PROD102,300,Nubian Stick Deodorant Classic,48,OZ,3,341,265,76,76,49104,2589.51,2064.35,525.16,7.79,6.91,66.9,8.95,1,CIRCANA_SYNTHETIC,28.68,0.048,2026-09-03T10:30:00Z
FCT000130,W0052,04-09-2026,2026,8,Q3,MKT001,New York,NY,Northeast,CH004,E-Commerce,RET003,Pharmacy Plus,Regional,CAT001,Deodorants & Fragrances,SUB002,Stick Deodorant,MFG005,Colgate Palmolive,BR024-Lady-Speed-Stick,Lady,PROD103,507,Lady Stick Deodorant Light,8,FL OZ,3,436,270,166,166,10464,6798.14,4284.9,2513.24,15.87,15.14,55.9,2.75,1,CIRCANA_SYNTHETIC,61.48,0.6308,2026-09-03T10:30:00Z
FCT000131,W0024,07-16-2026,2026,10,Q4,MKT004,Houston,TX,South,CH003,Mass Merchandiser,RET004,Online Direct,National,CAT001,Deodorants & Fragrances,SUB004,Gel Deodorant,MFG003,Henkel,BR014-Dial,Dial,PROD305,548,Dial Gel Deodorant Light,8,PACK,1,353,353,0,0,2824,8443.76,8443.76,0,23.92,23.92,54.6,10.65,0,CIRCANA_SYNTHETIC,0,2.99,2026-09-03T10:30:00Z
FCT000132,W0046,02-26-2026,2025,7,Q3,MKT003,Chicago,IL,Midwest,CH003,Mass Merchandiser,RET002,Regional Foods,Regional,CAT001,Deodorants & Fragrances,SUB004,Gel Deodorant,MFG003,Henkel,BR012-Fa,Fa,PROD304,528,Fa Gel Deodorant Fresh,48,PACK,4,279,279,0,0,53568,3986.91,3986.91,0,14.29,14.29,89.3,13.06,0,CIRCANA_SYNTHETIC,0,0.0744,2026-09-03T10:30:00Z
FCT000133,W0011,11-20-2025,2025,10,Q4,MKT010,San Jose,CA,West,CH001,Grocery,RET001,National Grocery Co,National,CAT001,Deodorants & Fragrances,SUB003,Roll-On Deodorant,MFG002,Procter & Gamble,BR008-Secret,Secret,PROD205,864,Secret Roll-On Deodorant Fresh,30,FL OZ,4,338,338,0,0,40560,1500.72,1500.72,0,4.44,4.44,27.4,3.41,0,CIRCANA_SYNTHETIC,0,0.037,2026-09-03T10:30:00Z
FCT000134,W0023,08-27-2026,2026,8,Q3,MKT007,San Antonio,TX,South,CH004,E-Commerce,RET005,Warehouse Club,National,CAT001,Deodorants & Fragrances,SUB004,Gel Deodorant,MFG005,Colgate Palmolive,BR022-Speed-Stick,Speed,PROD303,451,Speed Gel Deodorant Classic,30,OZ,1,201,201,0,0,6030,4245.12,4245.12,0,21.12,21.12,74.8,5.29,0,CIRCANA_SYNTHETIC,0,0.704,2026-09-03T10:30:00Z
FCT000135,W0021,08-06-2026,2026,5,Q2,MKT006,Philadelphia,PA,Northeast,CH004,E-Commerce,RET001,National Grocery Co,National,CAT001,Deodorants & Fragrances,SUB005,Antiperspirant,MFG004,Church & Dwight,BR019-Brut,Brut,PROD404,858,Brut Antiperspirant Organic,6,OZ,3,464,464,0,0,8352,7841.6,7841.6,0,16.9,16.9,70.8,2.55,0,CIRCANA_SYNTHETIC,0,0.9389,2026-09-03T10:30:00Z
FCT000136,W0052,03-12-2026,2026,11,Q4,MKT006,Philadelphia,PA,Northeast,CH005,Club,RET004,Online Direct,National,CAT001,Deodorants & Fragrances,SUB005,Antiperspirant,MFG004,Church & Dwight,BR017-Nubian,Nubian,PROD402,539,Nubian Antiperspirant Classic,30,ROLL,1,145,145,0,0,4350,2749.2,2749.2,0,18.96,18.96,86.2,6.8,0,CIRCANA_SYNTHETIC,0,0.632,2026-09-03T10:30:00Z
FCT000137,W0012,03-26-2026,2026,6,Q2,MKT005,Phoenix,AZ,West,CH001,Grocery,RET005,Warehouse Club,National,CAT001,Deodorants & Fragrances,SUB002,Stick Deodorant,MFG001,Unilever,BR005-Lume,Lume,PROD102,711,Lume Stick Deodorant Classic,6,FL OZ,6,284,284,0,0,10224,6202.56,6202.56,0,21.84,21.84,59.6,9.62,0,CIRCANA_SYNTHETIC,0,0.6067,2026-09-03T10:30:00Z
FCT000138,W0044,10-23-2025,2025,5,Q2,MKT006,Philadelphia,PA,Northeast,CH003,Mass Merchandiser,RET004,Online Direct,National,CAT001,Deodorants & Fragrances,SUB005,Antiperspirant,MFG005,Colgate Palmolive,BR022-Speed-Stick,Speed,PROD401,244,Speed Antiperspirant Fresh,8,FL OZ,1,394,394,0,0,3152,2951.06,2951.06,0,7.49,7.49,28.8,5.66,0,CIRCANA_SYNTHETIC,0,0.9363,2026-09-03T10:30:00Z
FCT000139,W0032,11-27-2025,2025,9,Q3,MKT003,Chicago,IL,Midwest,CH005,Club,RET004,Online Direct,National,CAT001,Deodorants & Fragrances,SUB004,Gel Deodorant,MFG004,Church & Dwight,BR017-Nubian,Nubian,PROD305,154,Nubian Gel Deodorant Light,8,ROLL,3,334,334,0,0,8016,1746.82,1746.82,0,5.23,5.23,43.6,6.82,0,CIRCANA_SYNTHETIC,0,0.2179,2026-09-03T10:30:00Z
FCT000140,W0027,11-06-2025,2025,8,Q3,MKT004,Houston,TX,South,CH004,E-Commerce,RET005,Warehouse Club,National,CAT001,Deodorants & Fragrances,SUB004,Gel Deodorant,MFG005,Colgate Palmolive,BR024-Lady-Speed-Stick,Lady,PROD302,330,Lady Gel Deodorant Fresh,48,CT,1,526,413,113,113,25248,7838.02,6195.0,1643.02,15.0,14.54,36.5,0.59,1,CIRCANA_SYNTHETIC,27.36,0.3029,2026-09-03T10:30:00Z
FCT000141,W0037,07-16-2026,2026,5,Q2,MKT010,San Jose,CA,West,CH004,E-Commerce,RET005,Warehouse Club,National,CAT001,Deodorants & Fragrances,SUB002,Stick Deodorant,MFG005,Colgate Palmolive,BR021-Tom's,Tom's,PROD104,353,Tom's Stick Deodorant Light,4,ROLL,5,520,327,193,193,10400,3537.87,2298.81,1239.06,7.03,6.42,75.2,9.84,1,CIRCANA_SYNTHETIC,59.02,0.321,2026-09-03T10:30:00Z
FCT000142,W0014,09-11-2025,2025,12,Q4,MKT006,Philadelphia,PA,Northeast,CH001,Grocery,RET004,Online Direct,National,CAT001,Deodorants & Fragrances,SUB004,Gel Deodorant,MFG001,Unilever,BR002-Axe,Axe,PROD303,459,Axe Gel Deodorant Fresh,30,CT,5,671,490,181,181,100650,3376.98,2548.0,828.98,5.2,4.58,35.5,0.98,1,CIRCANA_SYNTHETIC,36.94,0.0305,2026-09-03T10:30:00Z
FCT000143,W0018,01-22-2026,2025,11,Q4,MKT003,Chicago,IL,Midwest,CH003,Mass Merchandiser,RET003,Pharmacy Plus,Regional,CAT001,Deodorants & Fragrances,SUB005,Antiperspirant,MFG003,Henkel,BR015-Right Guard,Right Guard,PROD405,355,Right Guard Antiperspirant Organic,30,OZ,3,119,119,0,0,10710,2610.86,2610.86,0,21.94,21.94,29.5,13.0,0,CIRCANA_SYNTHETIC,0,0.2438,2026-09-03T10:30:00Z
FCT000144,W0025,02-19-2026,2025,2,Q1,MKT008,San Diego,CA,West,CH002,Drug Store,RET005,Warehouse Club,National,CAT001,Deodorants & Fragrances,SUB002,Stick Deodorant,MFG003,Henkel,BR014-Dial,Dial,PROD104,892,Dial Stick Deodorant Original,18,FL OZ,4,256,256,0,0,18432,6108.16,6108.16,0,23.86,23.86,44.5,0.14,0,CIRCANA_SYNTHETIC,0,0.3314,2026-09-03T10:30:00Z
FCT000145,W0032,05-07-2026,2026,6,Q2,MKT009,Dallas,TX,South,CH004,E-Commerce,RET002,Regional Foods,Regional,CAT001,Deodorants & Fragrances,SUB003,Roll-On Deodorant,MFG004,Church & Dwight,BR017-Nubian,Nubian,PROD201,741,Nubian Roll-On Deodorant Classic,8,PACK,4,362,222,140,140,11584,7242.26,4468.86,2773.4,20.13,19.81,77.2,0.78,1,CIRCANA_SYNTHETIC,63.06,0.6191,2026-09-03T10:30:00Z
FCT000146,W0045,07-09-2026,2026,11,Q4,MKT008,San Diego,CA,West,CH004,E-Commerce,RET001,National Grocery Co,National,CAT001,Deodorants & Fragrances,SUB001,Aerosol Deodorant,MFG004,Church & Dwight,BR017-Nubian,Nubian,PROD002,740,Nubian Aerosol Deodorant Light,6,FL OZ,3,201,131,70,70,3618,769.9,510.9,259.0,3.9,3.7,68.7,0.87,1,CIRCANA_SYNTHETIC,53.44,0.2056,2026-09-03T10:30:00Z
FCT000147,W0009,12-18-2025,2025,4,Q2,MKT002,Los Angeles,CA,West,CH001,Grocery,RET002,Regional Foods,Regional,CAT001,Deodorants & Fragrances,SUB004,Gel Deodorant,MFG004,Church & Dwight,BR016-Arm-Hammer,Arm,PROD301,925,Arm Gel Deodorant Original,24,OZ,4,56,54,2,2,5376,1002.94,969.84,33.1,17.96,16.55,37.2,1.43,1,CIRCANA_SYNTHETIC,3.7,0.1724,2026-09-03T10:30:00Z
FCT000148,W0005,01-15-2026,2025,10,Q4,MKT005,Phoenix,AZ,West,CH002,Drug Store,RET004,Online Direct,National,CAT001,Deodorants & Fragrances,SUB003,Roll-On Deodorant,MFG002,Procter & Gamble,BR007-Old Spice,Old Spice,PROD203,521,Old Spice Roll-On Deodorant Fresh,8,ROLL,3,362,362,0,0,8688,6740.44,6740.44,0,18.62,18.62,67.1,2.36,0,CIRCANA_SYNTHETIC,0,0.7758,2026-09-03T10:30:00Z
FCT000149,W0023,02-26-2026,2025,6,Q2,MKT002,Los Angeles,CA,West,CH002,Drug Store,RET001,National Grocery Co,National,CAT001,Deodorants & Fragrances,SUB002,Stick Deodorant,MFG005,Colgate Palmolive,BR024-Lady-Speed-Stick,Lady,PROD101,897,Lady Stick Deodorant Original,18,OZ,2,176,176,0,0,6336,2592.48,2592.48,0,14.73,14.73,65.0,9.15,0,CIRCANA_SYNTHETIC,0,0.4092,2026-09-03T10:30:00Z
FCT000150,W0042,08-13-2026,2026,4,Q2,MKT010,San Jose,CA,West,CH005,Club,RET002,Regional Foods,Regional,CAT001,Deodorants & Fragrances,SUB002,Stick Deodorant,MFG004,Church & Dwight,BR018-Purity,Purity,PROD105,424,Purity Stick Deodorant Organic,12,ROLL,6,275,247,28,28,19800,4275.42,3868.02,407.4,15.66,14.55,93.3,14.8,1,CIRCANA_SYNTHETIC,11.34,0.2021,2026-09-03T10:30:00Z
FCT000151,W0002,12-18-2025,2025,2,Q1,MKT006,Philadelphia,PA,Northeast,CH005,Club,RET002,Regional Foods,Regional,CAT001,Deodorants & Fragrances,SUB005,Antiperspirant,MFG004,Church & Dwight,BR016-Arm-Hammer,Arm,PROD404,829,Arm Antiperspirant Fresh,12,OZ,1,184,184,0,0,2208,4382.88,4382.88,0,23.82,23.82,49.8,4.37,0,CIRCANA_SYNTHETIC,0,1.985,2026-09-03T10:30:00Z
FCT000152,W0018,07-30-2026,2026,5,Q2,MKT002,Los Angeles,CA,West,CH005,Club,RET005,Warehouse Club,National,CAT001,Deodorants & Fragrances,SUB004,Gel Deodorant,MFG005,Colgate Palmolive,BR022-Speed-Stick,Speed,PROD304,765,Speed Gel Deodorant Original,12,CT,5,311,311,0,0,18660,2960.72,2960.72,0,9.52,9.52,64.0,11.47,0,CIRCANA_SYNTHETIC,0,0.1587,2026-09-03T10:30:00Z
FCT000153,W0030,12-04-2025,2025,10,Q4,MKT001,New York,NY,Northeast,CH002,Drug Store,RET001,National Grocery Co,National,CAT001,Deodorants & Fragrances,SUB004,Gel Deodorant,MFG004,Church & Dwight,BR016-Arm-Hammer,Arm,PROD302,455,Arm Gel Deodorant Fresh,8,OZ,1,208,208,0,0,1664,3802.24,3802.24,0,18.28,18.28,72.6,2.54,0,CIRCANA_SYNTHETIC,0,2.285,2026-09-03T10:30:00Z
FCT000154,W0052,02-26-2026,2025,5,Q2,MKT003,Chicago,IL,Midwest,CH003,Mass Merchandiser,RET001,National Grocery Co,National,CAT001,Deodorants & Fragrances,SUB002,Stick Deodorant,MFG001,Unilever,BR003-Degree,Degree,PROD103,270,Degree Stick Deodorant Light,6,ROLL,4,184,184,0,0,4416,2530.0,2530.0,0,13.75,13.75,24.2,12.9,0,CIRCANA_SYNTHETIC,0,0.5729,2026-09-03T10:30:00Z
FCT000155,W0003,09-03-2026,2026,4,Q2,MKT010,San Jose,CA,West,CH001,Grocery,RET002,Regional Foods,Regional,CAT001,Deodorants & Fragrances,SUB003,Roll-On Deodorant,MFG005,Colgate Palmolive,BR021-Tom's,Tom's,PROD201,922,Tom's Roll-On Deodorant Classic,24,ROLL,2,291,291,0,0,13968,1780.92,1780.92,0,6.12,6.12,92.0,0.63,0,CIRCANA_SYNTHETIC,0,0.1275,2026-09-03T10:30:00Z
FCT000156,W0024,07-16-2026,2026,9,Q3,MKT007,San Antonio,TX,South,CH003,Mass Merchandiser,RET003,Pharmacy Plus,Regional,CAT001,Deodorants & Fragrances,SUB003,Roll-On Deodorant,MFG001,Unilever,BR005-Lume,Lume,PROD202,389,Lume Roll-On Deodorant Light,12,PACK,1,141,141,0,0,1692,3375.54,3375.54,0,23.94,23.94,25.2,7.03,0,CIRCANA_SYNTHETIC,0,1.995,2026-09-03T10:30:00Z
FCT000157,W0037,09-18-2025,2025,5,Q2,MKT008,San Diego,CA,West,CH001,Grocery,RET003,Pharmacy Plus,Regional,CAT001,Deodorants & Fragrances,SUB001,Aerosol Deodorant,MFG002,Procter & Gamble,BR008-Secret,Secret,PROD005,659,Secret Aerosol Deodorant Organic,24,PACK,4,287,287,0,0,27552,7160.65,7160.65,0,24.95,24.95,78.2,11.01,0,CIRCANA_SYNTHETIC,0,0.2599,2026-09-03T10:30:00Z
FCT000158,W0022,09-03-2026,2026,11,Q4,MKT001,New York,NY,Northeast,CH002,Drug Store,RET005,Warehouse Club,National,CAT001,Deodorants & Fragrances,SUB001,Aerosol Deodorant,MFG003,Henkel,BR011-Nivea,Nivea,PROD004,245,Nivea Aerosol Deodorant Light,18,OZ,2,672,484,188,188,24192,9231.12,6867.96,2363.16,14.19,12.57,56.9,0.99,1,CIRCANA_SYNTHETIC,38.84,0.3492,2026-09-03T10:30:00Z
FCT000159,W0038,07-23-2026,2026,9,Q3,MKT009,Dallas,TX,South,CH004,E-Commerce,RET003,Pharmacy Plus,Regional,CAT001,Deodorants & Fragrances,SUB001,Aerosol Deodorant,MFG004,Church & Dwight,BR016-Arm-Hammer,Arm,PROD002,342,Arm Aerosol Deodorant Light,30,OZ,5,376,376,0,0,56400,5662.56,5662.56,0,15.06,15.06,52.6,14.47,0,CIRCANA_SYNTHETIC,0,0.1004,2026-09-03T10:30:00Z
FCT000160,W0005,06-11-2026,2026,3,Q1,MKT006,Philadelphia,PA,Northeast,CH003,Mass Merchandiser,RET004,Online Direct,National,CAT001,Deodorants & Fragrances,SUB003,Roll-On Deodorant,MFG003,Henkel,BR012-Fa,Fa,PROD204,888,Fa Roll-On Deodorant Organic,6,CT,4,129,129,0,0,3096,1640.88,1640.88,0,12.72,12.72,50.5,8.09,0,CIRCANA_SYNTHETIC,0,0.53,2026-09-03T10:30:00Z
FCT000161,W0046,10-30-2025,2025,10,Q4,MKT005,Phoenix,AZ,West,CH001,Grocery,RET001,National Grocery Co,National,CAT001,Deodorants & Fragrances,SUB003,Roll-On Deodorant,MFG002,Procter & Gamble,BR008-Secret,Secret,PROD204,150,Secret Roll-On Deodorant Light,24,CT,1,160,160,0,0,3840,2937.6,2937.6,0,18.36,18.36,92.6,6.0,0,CIRCANA_SYNTHETIC,0,0.765,2026-09-03T10:30:00Z
FCT000162,W0007,02-12-2026,2025,2,Q1,MKT007,San Antonio,TX,South,CH004,E-Commerce,RET005,Warehouse Club,National,CAT001,Deodorants & Fragrances,SUB002,Stick Deodorant,MFG005,Colgate Palmolive,BR022-Speed-Stick,Speed,PROD101,745,Speed Stick Deodorant Original,4,OZ,2,112,112,0,0,896,561.12,561.12,0,5.01,5.01,81.8,5.65,0,CIRCANA_SYNTHETIC,0,0.6262,2026-09-03T10:30:00Z
FCT000163,W0052,04-09-2026,2026,2,Q1,MKT002,Los Angeles,CA,West,CH002,Drug Store,RET004,Online Direct,National,CAT001,Deodorants & Fragrances,SUB001,Aerosol Deodorant,MFG002,Procter & Gamble,BR006-Gillette,Gillette,PROD001,491,Gillette Aerosol Deodorant Classic,4,CT,5,286,286,0,0,5720,3420.56,3420.56,0,11.96,11.96,74.3,7.49,0,CIRCANA_SYNTHETIC,0,0.598,2026-09-03T10:30:00Z
FCT000164,W0003,12-04-2025,2025,10,Q4,MKT003,Chicago,IL,Midwest,CH003,Mass Merchandiser,RET003,Pharmacy Plus,Regional,CAT001,Deodorants & Fragrances,SUB003,Roll-On Deodorant,MFG004,Church & Dwight,BR017-Nubian,Nubian,PROD202,492,Nubian Roll-On Deodorant Organic,18,ROLL,4,381,381,0,0,27432,8496.3,8496.3,0,22.3,22.3,55.9,1.41,0,CIRCANA_SYNTHETIC,0,0.3097,2026-09-03T10:30:00Z
FCT000165,W0031,01-08-2026,2025,8,Q3,MKT004,Houston,TX,South,CH005,Club,RET001,National Grocery Co,National,CAT001,Deodorants & Fragrances,SUB002,Stick Deodorant,MFG004,Church & Dwight,BR018-Purity,Purity,PROD105,897,Purity Stick Deodorant Light,24,ROLL,3,467,339,128,128,33624,2786.74,2081.46,705.28,6.14,5.51,36.4,13.45,1,CIRCANA_SYNTHETIC,37.76,0.0765,2026-09-03T10:30:00Z
FCT000166,W0016,11-13-2025,2025,4,Q2,MKT006,Philadelphia,PA,Northeast,CH005,Club,RET002,Regional Foods,Regional,CAT001,Deodorants & Fragrances,SUB004,Gel Deodorant,MFG002,Procter & Gamble,BR006-Gillette,Gillette,PROD305,965,Gillette Gel Deodorant Organic,4,CT,5,511,323,188,188,10220,10848.97,6934.81,3914.16,21.47,20.82,46.6,12.6,1,CIRCANA_SYNTHETIC,58.2,1.041,2026-09-03T10:30:00Z
FCT000167,W0037,12-25-2025,2025,3,Q1,MKT006,Philadelphia,PA,Northeast,CH003,Mass Merchandiser,RET005,Warehouse Club,National,CAT001,Deodorants & Fragrances,SUB002,Stick Deodorant,MFG001,Unilever,BR003-Degree,Degree,PROD105,716,Degree Stick Deodorant Organic,48,PACK,3,478,478,0,0,68832,2887.12,2887.12,0,6.04,6.04,22.8,0.94,0,CIRCANA_SYNTHETIC,0,0.0419,2026-09-03T10:30:00Z
FCT000168,W0022,10-23-2025,2025,3,Q1,MKT001,New York,NY,Northeast,CH003,Mass Merchandiser,RET005,Warehouse Club,National,CAT001,Deodorants & Fragrances,SUB005,Antiperspirant,MFG002,Procter & Gamble,BR007-Old Spice,Old Spice,PROD404,174,Old Spice Antiperspirant Light,8,PACK,6,85,80,5,5,4080,1959.6,1848.0,111.6,23.1,22.32,83.5,12.92,1,CIRCANA_SYNTHETIC,6.25,0.465,2026-09-03T10:30:00Z
FCT000169,W0047,02-26-2026,2025,11,Q4,MKT006,Philadelphia,PA,Northeast,CH003,Mass Merchandiser,RET003,Pharmacy Plus,Regional,CAT001,Deodorants & Fragrances,SUB005,Antiperspirant,MFG002,Procter & Gamble,BR007-Old Spice,Old Spice,PROD401,934,Old Spice Antiperspirant Organic,8,PACK,6,463,382,81,81,22224,10293.68,8579.72,1713.96,22.46,21.16,46.8,10.02,1,CIRCANA_SYNTHETIC,21.2,0.4408,2026-09-03T10:30:00Z
FCT000170,W0050,12-25-2025,2025,1,Q1,MKT003,Chicago,IL,Midwest,CH002,Drug Store,RET001,National Grocery Co,National,CAT001,Deodorants & Fragrances,SUB003,Roll-On Deodorant,MFG005,Colgate Palmolive,BR024-Lady-Speed-Stick,Lady,PROD203,439,Lady Roll-On Deodorant Original,24,PACK,2,358,358,0,0,17184,5982.18,5982.18,0,16.71,16.71,27.8,7.49,0,CIRCANA_SYNTHETIC,0,0.3481,2026-09-03T10:30:00Z
FCT000171,W0017,06-04-2026,2026,4,Q2,MKT003,Chicago,IL,Midwest,CH001,Grocery,RET003,Pharmacy Plus,Regional,CAT001,Deodorants & Fragrances,SUB003,Roll-On Deodorant,MFG004,Church & Dwight,BR016-Arm-Hammer,Arm,PROD203,270,Arm Roll-On Deodorant Classic,18,OZ,6,229,229,0,0,24732,464.87,464.87,0,2.03,2.03,48.9,11.02,0,CIRCANA_SYNTHETIC,0,0.0188,2026-09-03T10:30:00Z
FCT000172,W0042,10-02-2025,2025,11,Q4,MKT009,Dallas,TX,South,CH004,E-Commerce,RET001,National Grocery Co,National,CAT001,Deodorants & Fragrances,SUB004,Gel Deodorant,MFG004,Church & Dwight,BR020-Trojan,Trojan,PROD303,175,Trojan Gel Deodorant Light,48,OZ,1,133,133,0,0,6384,1167.74,1167.74,0,8.78,8.78,43.9,14.28,0,CIRCANA_SYNTHETIC,0,0.1829,2026-09-03T10:30:00Z
FCT000173,W0040,02-05-2026,2025,12,Q4,MKT002,Los Angeles,CA,West,CH005,Club,RET001,National Grocery Co,National,CAT001,Deodorants & Fragrances,SUB004,Gel Deodorant,MFG003,Henkel,BR015-Right Guard,Right Guard,PROD302,294,Right Guard Gel Deodorant Classic,8,PACK,4,270,270,0,0,8640,1514.7,1514.7,0,5.61,5.61,27.6,3.16,0,CIRCANA_SYNTHETIC,0,0.1753,2026-09-03T10:30:00Z
FCT000174,W0036,01-29-2026,2025,3,Q1,MKT004,Houston,TX,South,CH001,Grocery,RET001,National Grocery Co,National,CAT001,Deodorants & Fragrances,SUB003,Roll-On Deodorant,MFG004,Church & Dwight,BR020-Trojan,Trojan,PROD203,304,Trojan Roll-On Deodorant Original,4,ROLL,1,234,234,0,0,936,2052.18,2052.18,0,8.77,8.77,69.7,9.04,0,CIRCANA_SYNTHETIC,0,2.1925,2026-09-03T10:30:00Z
FCT000175,W0051,03-12-2026,2026,8,Q3,MKT005,Phoenix,AZ,West,CH001,Grocery,RET004,Online Direct,National,CAT001,Deodorants & Fragrances,SUB002,Stick Deodorant,MFG001,Unilever,BR003-Degree,Degree,PROD102,369,Degree Stick Deodorant Classic,6,PACK,4,455,388,67,67,10920,2836.38,2425.0,411.38,6.25,6.14,47.7,6.74,1,CIRCANA_SYNTHETIC,17.27,0.2558,2026-09-03T10:30:00Z
FCT000176,W0006,11-13-2025,2025,6,Q2,MKT005,Phoenix,AZ,West,CH005,Club,RET001,National Grocery Co,National,CAT001,Deodorants & Fragrances,SUB003,Roll-On Deodorant,MFG002,Procter & Gamble,BR006-Gillette,Gillette,PROD202,987,Gillette Roll-On Deodorant Classic,12,PACK,1,587,437,150,150,7044,12439.58,9325.58,3114.0,21.34,20.76,51.4,8.08,1,CIRCANA_SYNTHETIC,34.32,1.73,2026-09-03T10:30:00Z
FCT000177,W0034,09-11-2025,2025,10,Q4,MKT002,Los Angeles,CA,West,CH004,E-Commerce,RET001,National Grocery Co,National,CAT001,Deodorants & Fragrances,SUB004,Gel Deodorant,MFG005,Colgate Palmolive,BR025-Palmolive,Palmolive,PROD303,533,Palmolive Gel Deodorant Original,48,CT,2,111,111,0,0,10656,2703.96,2703.96,0,24.36,24.36,80.6,1.98,0,CIRCANA_SYNTHETIC,0,0.2537,2026-09-03T10:30:00Z
FCT000178,W0025,01-01-2026,2025,7,Q3,MKT010,San Jose,CA,West,CH003,Mass Merchandiser,RET003,Pharmacy Plus,Regional,CAT001,Deodorants & Fragrances,SUB002,Stick Deodorant,MFG001,Unilever,BR001-Dove,Dove,PROD102,251,Dove Stick Deodorant Fresh,48,OZ,6,558,488,70,70,160704,9030.24,7969.04,1061.2,16.33,15.16,51.5,6.28,1,CIRCANA_SYNTHETIC,14.34,0.0526,2026-09-03T10:30:00Z
FCT000179,W0017,03-19-2026,2026,11,Q4,MKT002,Los Angeles,CA,West,CH003,Mass Merchandiser,RET005,Warehouse Club,National,CAT001,Deodorants & Fragrances,SUB001,Aerosol Deodorant,MFG003,Henkel,BR014-Dial,Dial,PROD005,139,Dial Aerosol Deodorant Classic,48,OZ,2,497,342,155,155,47712,3974.16,2848.86,1125.3,8.33,7.26,65.6,10.44,1,CIRCANA_SYNTHETIC,45.32,0.0756,2026-09-03T10:30:00Z
FCT000180,W0051,04-23-2026,2026,5,Q2,MKT008,San Diego,CA,West,CH003,Mass Merchandiser,RET003,Pharmacy Plus,Regional,CAT001,Deodorants & Fragrances,SUB002,Stick Deodorant,MFG001,Unilever,BR003-Degree,Degree,PROD101,846,Degree Stick Deodorant Classic,6,CT,2,606,481,125,125,7272,5356.96,4285.71,1071.25,8.91,8.57,78.1,4.88,1,CIRCANA_SYNTHETIC,25.99,0.7142,2026-09-03T10:30:00Z
FCT000181,W0004,01-22-2026,2025,3,Q1,MKT004,Houston,TX,South,CH004,E-Commerce,RET004,Online Direct,National,CAT001,Deodorants & Fragrances,SUB002,Stick Deodorant,MFG005,Colgate Palmolive,BR023-Colgate,Colgate,PROD104,952,Colgate Stick Deodorant Organic,30,CT,5,209,209,0,0,31350,4643.98,4643.98,0,22.22,22.22,22.2,2.97,0,CIRCANA_SYNTHETIC,0,0.1481,2026-09-03T10:30:00Z
FCT000182,W0024,09-04-2025,2025,8,Q3,MKT008,San Diego,CA,West,CH001,Grocery,RET003,Pharmacy Plus,Regional,CAT001,Deodorants & Fragrances,SUB002,Stick Deodorant,MFG002,Procter & Gamble,BR008-Secret,Secret,PROD101,664,Secret Stick Deodorant Light,4,CT,3,406,375,31,31,4872,5341.34,4965.0,376.34,13.24,12.14,92.0,7.17,1,CIRCANA_SYNTHETIC,8.27,1.0117,2026-09-03T10:30:00Z
FCT000183,W0011,12-25-2025,2025,4,Q2,MKT002,Los Angeles,CA,West,CH003,Mass Merchandiser,RET001,National Grocery Co,National,CAT001,Deodorants & Fragrances,SUB002,Stick Deodorant,MFG004,Church & Dwight,BR016-Arm-Hammer,Arm,PROD103,885,Arm Stick Deodorant Original,12,CT,3,381,381,0,0,13716,6473.19,6473.19,0,16.99,16.99,58.5,12.98,0,CIRCANA_SYNTHETIC,0,0.4719,2026-09-03T10:30:00Z
FCT000184,W0052,04-23-2026,2026,12,Q4,MKT010,San Jose,CA,West,CH001,Grocery,RET002,Regional Foods,Regional,CAT001,Deodorants & Fragrances,SUB002,Stick Deodorant,MFG003,Henkel,BR015-Right Guard,Right Guard,PROD102,698,Right Guard Stick Deodorant Original,24,ROLL,3,362,266,96,96,26064,2471.16,1867.32,603.84,7.02,6.29,59.0,9.39,1,CIRCANA_SYNTHETIC,36.09,0.0874,2026-09-03T10:30:00Z
FCT000185,W0044,07-23-2026,2026,8,Q3,MKT009,Dallas,TX,South,CH005,Club,RET005,Warehouse Club,National,CAT001,Deodorants & Fragrances,SUB005,Antiperspirant,MFG003,Henkel,BR013-Monsavon,Monsavon,PROD403,405,Monsavon Antiperspirant Organic,18,FL OZ,3,222,222,0,0,11988,1778.22,1778.22,0,8.01,8.01,73.3,13.4,0,CIRCANA_SYNTHETIC,0,0.1483,2026-09-03T10:30:00Z
FCT000186,W0047,08-27-2026,2026,11,Q4,MKT001,New York,NY,Northeast,CH005,Club,RET004,Online Direct,National,CAT001,Deodorants & Fragrances,SUB005,Antiperspirant,MFG003,Henkel,BR012-Fa,Fa,PROD402,451,Fa Antiperspirant Organic,30,ROLL,4,267,201,66,66,32040,4979.1,3806.94,1172.16,18.94,17.76,94.6,12.26,1,CIRCANA_SYNTHETIC,32.84,0.148,2026-09-03T10:30:00Z
FCT000187,W0007,02-05-2026,2025,3,Q1,MKT005,Phoenix,AZ,West,CH002,Drug Store,RET005,Warehouse Club,National,CAT001,Deodorants & Fragrances,SUB003,Roll-On Deodorant,MFG002,Procter & Gamble,BR008-Secret,Secret,PROD205,907,Secret Roll-On Deodorant Light,8,FL OZ,6,564,421,143,143,27072,2228.43,1705.05,523.38,4.05,3.66,75.8,4.68,1,CIRCANA_SYNTHETIC,33.97,0.0762,2026-09-03T10:30:00Z
FCT000188,W0041,12-18-2025,2025,10,Q4,MKT005,Phoenix,AZ,West,CH004,E-Commerce,RET001,National Grocery Co,National,CAT001,Deodorants & Fragrances,SUB003,Roll-On Deodorant,MFG004,Church & Dwight,BR016-Arm-Hammer,Arm,PROD205,155,Arm Roll-On Deodorant Organic,12,PACK,1,291,291,0,0,3492,6387.45,6387.45,0,21.95,21.95,48.6,4.55,0,CIRCANA_SYNTHETIC,0,1.8292,2026-09-03T10:30:00Z
FCT000189,W0046,06-18-2026,2026,2,Q1,MKT007,San Antonio,TX,South,CH005,Club,RET004,Online Direct,National,CAT001,Deodorants & Fragrances,SUB002,Stick Deodorant,MFG002,Procter & Gamble,BR008-Secret,Secret,PROD103,690,Secret Stick Deodorant Organic,8,FL OZ,6,381,220,161,161,18288,1225.26,732.6,492.66,3.33,3.06,35.7,11.63,1,CIRCANA_SYNTHETIC,73.18,0.0638,2026-09-03T10:30:00Z
FCT000190,W0031,03-19-2026,2026,1,Q1,MKT010,San Jose,CA,West,CH004,E-Commerce,RET004,Online Direct,National,CAT001,Deodorants & Fragrances,SUB001,Aerosol Deodorant,MFG004,Church & Dwight,BR019-Brut,Brut,PROD002,118,Brut Aerosol Deodorant Original,12,FL OZ,1,323,323,0,0,3876,7273.96,7273.96,0,22.52,22.52,76.8,8.01,0,CIRCANA_SYNTHETIC,0,1.8767,2026-09-03T10:30:00Z
FCT000191,W0038,04-23-2026,2026,3,Q1,MKT005,Phoenix,AZ,West,CH002,Drug Store,RET001,National Grocery Co,National,CAT001,Deodorants & Fragrances,SUB002,Stick Deodorant,MFG004,Church & Dwight,BR020-Trojan,Trojan,PROD103,544,Trojan Stick Deodorant Organic,4,FL OZ,3,471,471,0,0,5652,5882.79,5882.79,0,12.49,12.49,59.0,7.91,0,CIRCANA_SYNTHETIC,0,1.0408,2026-09-03T10:30:00Z
FCT000192,W0015,10-16-2025,2025,3,Q1,MKT004,Houston,TX,South,CH002,Drug Store,RET004,Online Direct,National,CAT001,Deodorants & Fragrances,SUB004,Gel Deodorant,MFG001,Unilever,BR002-Axe,Axe,PROD303,138,Axe Gel Deodorant Classic,4,PACK,5,425,425,0,0,8500,2503.25,2503.25,0,5.89,5.89,47.5,9.79,0,CIRCANA_SYNTHETIC,0,0.2945,2026-09-03T10:30:00Z
FCT000193,W0004,10-30-2025,2025,2,Q1,MKT001,New York,NY,Northeast,CH005,Club,RET001,National Grocery Co,National,CAT001,Deodorants & Fragrances,SUB005,Antiperspirant,MFG001,Unilever,BR001-Dove,Dove,PROD405,408,Dove Antiperspirant Classic,6,PACK,3,374,277,97,97,6732,4669.26,3576.07,1093.19,12.91,11.27,72.1,9.49,1,CIRCANA_SYNTHETIC,35.02,0.6261,2026-09-03T10:30:00Z
FCT000194,W0033,10-16-2025,2025,10,Q4,MKT010,San Jose,CA,West,CH005,Club,RET002,Regional Foods,Regional,CAT001,Deodorants & Fragrances,SUB005,Antiperspirant,MFG004,Church & Dwight,BR016-Arm-Hammer,Arm,PROD403,635,Arm Antiperspirant Organic,6,OZ,4,194,194,0,0,4656,1274.58,1274.58,0,6.57,6.57,35.0,4.02,0,CIRCANA_SYNTHETIC,0,0.2737,2026-09-03T10:30:00Z
FCT000195,W0045,02-05-2026,2025,6,Q2,MKT003,Chicago,IL,Midwest,CH001,Grocery,RET005,Warehouse Club,National,CAT001,Deodorants & Fragrances,SUB004,Gel Deodorant,MFG004,Church & Dwight,BR017-Nubian,Nubian,PROD303,192,Nubian Gel Deodorant Fresh,4,OZ,1,51,51,0,0,204,1081.71,1081.71,0,21.21,21.21,70.2,2.32,0,CIRCANA_SYNTHETIC,0,5.3025,2026-09-03T10:30:00Z
FCT000196,W0004,07-23-2026,2026,3,Q1,MKT004,Houston,TX,South,CH004,E-Commerce,RET003,Pharmacy Plus,Regional,CAT001,Deodorants & Fragrances,SUB001,Aerosol Deodorant,MFG003,Henkel,BR014-Dial,Dial,PROD003,876,Dial Aerosol Deodorant Original,18,FL OZ,6,486,486,0,0,52488,4466.34,4466.34,0,9.19,9.19,75.4,1.52,0,CIRCANA_SYNTHETIC,0,0.0851,2026-09-03T10:30:00Z
FCT000197,W0047,07-30-2026,2026,6,Q2,MKT006,Philadelphia,PA,Northeast,CH003,Mass Merchandiser,RET004,Online Direct,National,CAT001,Deodorants & Fragrances,SUB002,Stick Deodorant,MFG005,Colgate Palmolive,BR023-Colgate,Colgate,PROD102,764,Colgate Stick Deodorant Organic,30,ROLL,4,172,143,29,29,20640,1396.96,1179.75,217.21,8.25,7.49,83.8,12.02,1,CIRCANA_SYNTHETIC,20.28,0.0624,2026-09-03T10:30:00Z
FCT000198,W0052,12-25-2025,2025,11,Q4,MKT003,Chicago,IL,Midwest,CH001,Grocery,RET004,Online Direct,National,CAT001,Deodorants & Fragrances,SUB002,Stick Deodorant,MFG005,Colgate Palmolive,BR024-Lady-Speed-Stick,Lady,PROD101,233,Lady Stick Deodorant Classic,30,FL OZ,5,298,142,156,156,44700,772.4,377.72,394.68,2.66,2.53,82.9,14.6,1,CIRCANA_SYNTHETIC,109.86,0.0169,2026-09-03T10:30:00Z
FCT000199,W0001,10-23-2025,2025,11,Q4,MKT008,San Diego,CA,West,CH001,Grocery,RET001,National Grocery Co,National,CAT001,Deodorants & Fragrances,SUB001,Aerosol Deodorant,MFG003,Henkel,BR013-Monsavon,Monsavon,PROD004,844,Monsavon Aerosol Deodorant Organic,24,PACK,5,392,392,0,0,47040,6989.36,6989.36,0,17.83,17.83,66.4,6.55,0,CIRCANA_SYNTHETIC,0,0.1486,2026-09-03T10:30:00Z
FCT000200,W0042,06-25-2026,2026,9,Q3,MKT003,Chicago,IL,Midwest,CH005,Club,RET005,Warehouse Club,National,CAT001,Deodorants & Fragrances,SUB003,Roll-On Deodorant,MFG001,Unilever,BR001-Dove,Dove,PROD204,663,Dove Roll-On Deodorant Classic,8,OZ,4,612,486,126,126,19584,5616.0,4553.82,1062.18,9.37,8.43,40.9,7.65,1,CIRCANA_SYNTHETIC,25.93,0.2634,2026-09-03T10:30:00Z
FCT000201,W0032,02-19-2026,2025,6,Q2,MKT008,San Diego,CA,West,CH004,E-Commerce,RET005,Warehouse Club,National,CAT001,Deodorants & Fragrances,SUB002,Stick Deodorant,MFG004,Church & Dwight,BR016-Arm-Hammer,Arm,PROD101,193,Arm Stick Deodorant Fresh,4,OZ,4,304,304,0,0,4864,3489.92,3489.92,0,11.48,11.48,61.8,0.1,0,CIRCANA_SYNTHETIC,0,0.7175,2026-09-03T10:30:00Z
FCT000202,W0015,02-12-2026,2025,6,Q2,MKT004,Houston,TX,South,CH004,E-Commerce,RET003,Pharmacy Plus,Regional,CAT001,Deodorants & Fragrances,SUB005,Antiperspirant,MFG003,Henkel,BR011-Nivea,Nivea,PROD405,748,Nivea Antiperspirant Light,24,ROLL,1,584,416,168,168,14016,2439.2,1763.84,675.36,4.24,4.02,20.2,5.39,1,CIRCANA_SYNTHETIC,40.38,0.1675,2026-09-03T10:30:00Z
FCT000203,W0017,12-04-2025,2025,4,Q2,MKT003,Chicago,IL,Midwest,CH004,E-Commerce,RET002,Regional Foods,Regional,CAT001,Deodorants & Fragrances,SUB001,Aerosol Deodorant,MFG004,Church & Dwight,BR016-Arm-Hammer,Arm,PROD001,875,Arm Aerosol Deodorant Classic,30,CT,4,111,111,0,0,13320,2326.56,2326.56,0,20.96,20.96,34.3,5.14,0,CIRCANA_SYNTHETIC,0,0.1747,2026-09-03T10:30:00Z
FCT000204,W0032,09-03-2026,2026,9,Q3,MKT008,San Diego,CA,West,CH004,E-Commerce,RET005,Warehouse Club,National,CAT001,Deodorants & Fragrances,SUB005,Antiperspirant,MFG005,Colgate Palmolive,BR022-Speed-Stick,Speed,PROD401,808,Speed Antiperspirant Fresh,30,PACK,4,333,333,0,0,39960,7745.58,7745.58,0,23.26,23.26,78.6,13.66,0,CIRCANA_SYNTHETIC,0,0.1938,2026-09-03T10:30:00Z
FCT000205,W0025,03-05-2026,2025,10,Q4,MKT007,San Antonio,TX,South,CH005,Club,RET005,Warehouse Club,National,CAT001,Deodorants & Fragrances,SUB002,Stick Deodorant,MFG003,Henkel,BR015-Right Guard,Right Guard,PROD101,816,Right Guard Stick Deodorant Fresh,30,FL OZ,3,190,190,0,0,17100,2359.8,2359.8,0,12.42,12.42,30.0,6.25,0,CIRCANA_SYNTHETIC,0,0.138,2026-09-03T10:30:00Z
FCT000206,W0046,04-30-2026,2026,11,Q4,MKT009,Dallas,TX,South,CH002,Drug Store,RET002,Regional Foods,Regional,CAT001,Deodorants & Fragrances,SUB005,Antiperspirant,MFG002,Procter & Gamble,BR010-Olay,Olay,PROD403,591,Olay Antiperspirant Fresh,8,PACK,5,427,394,33,33,17080,7612.8,7080.18,532.62,17.97,16.14,28.7,5.35,1,CIRCANA_SYNTHETIC,8.38,0.4035,2026-09-03T10:30:00Z
FCT000207,W0025,07-02-2026,2026,1,Q1,MKT007,San Antonio,TX,South,CH001,Grocery,RET005,Warehouse Club,National,CAT001,Deodorants & Fragrances,SUB005,Antiperspirant,MFG001,Unilever,BR001-Dove,Dove,PROD403,903,Dove Antiperspirant Light,18,CT,3,152,152,0,0,8208,2693.44,2693.44,0,17.72,17.72,31.0,1.02,0,CIRCANA_SYNTHETIC,0,0.3281,2026-09-03T10:30:00Z
FCT000208,W0015,10-09-2025,2025,11,Q4,MKT006,Philadelphia,PA,Northeast,CH004,E-Commerce,RET001,National Grocery Co,National,CAT001,Deodorants & Fragrances,SUB005,Antiperspirant,MFG005,Colgate Palmolive,BR025-Palmolive,Palmolive,PROD401,665,Palmolive Antiperspirant Original,18,OZ,4,301,171,130,130,21672,3274.81,1865.61,1409.2,10.91,10.84,93.2,4.76,1,CIRCANA_SYNTHETIC,76.02,0.1506,2026-09-03T10:30:00Z
FCT000209,W0035,10-09-2025,2025,10,Q4,MKT010,San Jose,CA,West,CH004,E-Commerce,RET002,Regional Foods,Regional,CAT001,Deodorants & Fragrances,SUB003,Roll-On Deodorant,MFG003,Henkel,BR015-Right Guard,Right Guard,PROD202,277,Right Guard Roll-On Deodorant Fresh,12,FL OZ,4,447,447,0,0,21456,2717.76,2717.76,0,6.08,6.08,71.2,2.89,0,CIRCANA_SYNTHETIC,0,0.1267,2026-09-03T10:30:00Z
FCT000210,W0011,12-18-2025,2025,5,Q2,MKT007,San Antonio,TX,South,CH003,Mass Merchandiser,RET005,Warehouse Club,National,CAT001,Deodorants & Fragrances,SUB004,Gel Deodorant,MFG003,Henkel,BR012-Fa,Fa,PROD301,740,Fa Gel Deodorant Fresh,48,CT,1,219,219,0,0,10512,1213.26,1213.26,0,5.54,5.54,44.2,0.86,0,CIRCANA_SYNTHETIC,0,0.1154,2026-09-03T10:30:00Z
FCT000211,W0015,06-18-2026,2026,9,Q3,MKT009,Dallas,TX,South,CH003,Mass Merchandiser,RET001,National Grocery Co,National,CAT001,Deodorants & Fragrances,SUB004,Gel Deodorant,MFG003,Henkel,BR015-Right Guard,Right Guard,PROD305,318,Right Guard Gel Deodorant Light,8,ROLL,5,452,452,0,0,18080,6486.2,6486.2,0,14.35,14.35,26.9,3.4,0,CIRCANA_SYNTHETIC,0,0.3588,2026-09-03T10:30:00Z
FCT000212,W0049,11-20-2025,2025,1,Q1,MKT004,Houston,TX,South,CH005,Club,RET005,Warehouse Club,National,CAT001,Deodorants & Fragrances,SUB003,Roll-On Deodorant,MFG004,Church & Dwight,BR020-Trojan,Trojan,PROD203,140,Trojan Roll-On Deodorant Light,24,ROLL,2,392,392,0,0,18816,8937.6,8937.6,0,22.8,22.8,66.0,9.35,0,CIRCANA_SYNTHETIC,0,0.475,2026-09-03T10:30:00Z
FCT000213,W0050,03-26-2026,2026,9,Q3,MKT005,Phoenix,AZ,West,CH005,Club,RET003,Pharmacy Plus,Regional,CAT001,Deodorants & Fragrances,SUB001,Aerosol Deodorant,MFG001,Unilever,BR005-Lume,Lume,PROD004,650,Lume Aerosol Deodorant Fresh,18,CT,3,310,299,11,11,16740,4282.99,4132.18,150.81,13.82,13.71,32.6,14.35,1,CIRCANA_SYNTHETIC,3.68,0.2539,2026-09-03T10:30:00Z
FCT000214,W0045,10-09-2025,2025,7,Q3,MKT004,Houston,TX,South,CH004,E-Commerce,RET001,National Grocery Co,National,CAT001,Deodorants & Fragrances,SUB001,Aerosol Deodorant,MFG002,Procter & Gamble,BR010-Olay,Olay,PROD002,282,Olay Aerosol Deodorant Light,8,OZ,4,432,432,0,0,13824,7987.68,7987.68,0,18.49,18.49,22.8,1.19,0,CIRCANA_SYNTHETIC,0,0.5778,2026-09-03T10:30:00Z
FCT000215,W0028,04-16-2026,2026,1,Q1,MKT005,Phoenix,AZ,West,CH004,E-Commerce,RET004,Online Direct,National,CAT001,Deodorants & Fragrances,SUB005,Antiperspirant,MFG004,Church & Dwight,BR019-Brut,Brut,PROD402,614,Brut Antiperspirant Original,4,PACK,1,424,394,30,30,1696,8185.06,7639.66,545.4,19.39,18.18,72.6,1.18,1,CIRCANA_SYNTHETIC,7.61,4.545,2026-09-03T10:30:00Z
FCT000216,W0043,08-27-2026,2026,8,Q3,MKT002,Los Angeles,CA,West,CH003,Mass Merchandiser,RET004,Online Direct,National,CAT001,Deodorants & Fragrances,SUB003,Roll-On Deodorant,MFG004,Church & Dwight,BR019-Brut,Brut,PROD205,749,Brut Roll-On Deodorant Organic,12,CT,6,323,323,0,0,23256,3549.77,3549.77,0,10.99,10.99,79.8,8.23,0,CIRCANA_SYNTHETIC,0,0.1526,2026-09-03T10:30:00Z
FCT000217,W0001,12-25-2025,2025,10,Q4,MKT009,Dallas,TX,South,CH005,Club,RET002,Regional Foods,Regional,CAT001,Deodorants & Fragrances,SUB003,Roll-On Deodorant,MFG001,Unilever,BR001-Dove,Dove,PROD201,761,Dove Roll-On Deodorant Fresh,6,FL OZ,2,465,325,140,140,5580,8893.45,6243.25,2650.2,19.21,18.93,45.8,6.25,1,CIRCANA_SYNTHETIC,43.08,1.5775,2026-09-03T10:30:00Z
FCT000218,W0012,11-13-2025,2025,10,Q4,MKT004,Houston,TX,South,CH005,Club,RET003,Pharmacy Plus,Regional,CAT001,Deodorants & Fragrances,SUB002,Stick Deodorant,MFG002,Procter & Gamble,BR006-Gillette,Gillette,PROD102,843,Gillette Stick Deodorant Fresh,48,PACK,1,485,485,0,0,23280,4214.65,4214.65,0,8.69,8.69,25.1,1.56,0,CIRCANA_SYNTHETIC,0,0.181,2026-09-03T10:30:00Z
FCT000219,W0005,06-11-2026,2026,6,Q2,MKT003,Chicago,IL,Midwest,CH002,Drug Store,RET001,National Grocery Co,National,CAT001,Deodorants & Fragrances,SUB003,Roll-On Deodorant,MFG003,Henkel,BR015-Right Guard,Right Guard,PROD203,104,Right Guard Roll-On Deodorant Light,18,PACK,2,364,280,84,84,13104,5343.52,4202.8,1140.72,15.01,13.58,43.7,6.48,1,CIRCANA_SYNTHETIC,30.0,0.3772,2026-09-03T10:30:00Z
FCT000220,W0030,02-19-2026,2025,6,Q2,MKT005,Phoenix,AZ,West,CH003,Mass Merchandiser,RET002,Regional Foods,Regional,CAT001,Deodorants & Fragrances,SUB002,Stick Deodorant,MFG003,Henkel,BR014-Dial,Dial,PROD104,651,Dial Stick Deodorant Organic,6,CT,6,440,299,141,141,15840,6964.42,4769.05,2195.37,15.95,15.57,84.4,2.19,1,CIRCANA_SYNTHETIC,47.16,0.4325,2026-09-03T10:30:00Z
FCT000221,W0026,09-25-2025,2025,10,Q4,MKT001,New York,NY,Northeast,CH005,Club,RET001,National Grocery Co,National,CAT001,Deodorants & Fragrances,SUB001,Aerosol Deodorant,MFG005,Colgate Palmolive,BR025-Palmolive,Palmolive,PROD001,328,Palmolive Aerosol Deodorant Fresh,18,PACK,5,68,68,0,0,6120,874.48,874.48,0,12.86,12.86,78.1,5.55,0,CIRCANA_SYNTHETIC,0,0.1429,2026-09-03T10:30:00Z
FCT000222,W0033,09-03-2026,2026,11,Q4,MKT009,Dallas,TX,South,CH005,Club,RET001,National Grocery Co,National,CAT001,Deodorants & Fragrances,SUB002,Stick Deodorant,MFG004,Church & Dwight,BR018-Purity,Purity,PROD104,775,Purity Stick Deodorant Organic,8,PACK,2,484,484,0,0,7744,5933.84,5933.84,0,12.26,12.26,33.4,14.24,0,CIRCANA_SYNTHETIC,0,0.7662,2026-09-03T10:30:00Z
FCT000223,W0024,05-28-2026,2026,1,Q1,MKT004,Houston,TX,South,CH004,E-Commerce,RET002,Regional Foods,Regional,CAT001,Deodorants & Fragrances,SUB003,Roll-On Deodorant,MFG001,Unilever,BR003-Degree,Degree,PROD201,764,Degree Roll-On Deodorant Light,24,ROLL,4,315,315,0,0,30240,7279.65,7279.65,0,23.11,23.11,86.1,0.69,0,CIRCANA_SYNTHETIC,0,0.2407,2026-09-03T10:30:00Z
FCT000224,W0025,11-20-2025,2025,7,Q3,MKT005,Phoenix,AZ,West,CH005,Club,RET005,Warehouse Club,National,CAT001,Deodorants & Fragrances,SUB005,Antiperspirant,MFG005,Colgate Palmolive,BR022-Speed-Stick,Speed,PROD403,988,Speed Antiperspirant Light,6,PACK,3,517,350,167,167,9306,5486.17,3731.0,1755.17,10.66,10.51,58.7,5.36,1,CIRCANA_SYNTHETIC,47.71,0.5839,2026-09-03T10:30:00Z
FCT000225,W0015,08-06-2026,2026,9,Q3,MKT001,New York,NY,Northeast,CH005,Club,RET002,Regional Foods,Regional,CAT001,Deodorants & Fragrances,SUB004,Gel Deodorant,MFG004,Church & Dwight,BR017-Nubian,Nubian,PROD305,438,Nubian Gel Deodorant Original,8,CT,3,196,158,38,38,4704,3089.88,2504.3,585.58,15.85,15.41,69.6,6.28,1,CIRCANA_SYNTHETIC,24.05,0.6421,2026-09-03T10:30:00Z
FCT000226,W0016,08-20-2026,2026,3,Q1,MKT004,Houston,TX,South,CH005,Club,RET002,Regional Foods,Regional,CAT001,Deodorants & Fragrances,SUB004,Gel Deodorant,MFG004,Church & Dwight,BR016-Arm-Hammer,Arm,PROD304,515,Arm Gel Deodorant Fresh,4,PACK,2,118,118,0,0,944,388.22,388.22,0,3.29,3.29,39.4,2.78,0,CIRCANA_SYNTHETIC,0,0.4113,2026-09-03T10:30:00Z
FCT000227,W0011,05-28-2026,2026,7,Q3,MKT004,Houston,TX,South,CH004,E-Commerce,RET005,Warehouse Club,National,CAT001,Deodorants & Fragrances,SUB003,Roll-On Deodorant,MFG004,Church & Dwight,BR019-Brut,Brut,PROD201,564,Brut Roll-On Deodorant Fresh,8,PACK,6,456,456,0,0,21888,6270.0,6270.0,0,13.75,13.75,32.6,10.32,0,CIRCANA_SYNTHETIC,0,0.2865,2026-09-03T10:30:00Z
FCT000228,W0034,01-22-2026,2025,11,Q4,MKT007,San Antonio,TX,South,CH002,Drug Store,RET001,National Grocery Co,National,CAT001,Deodorants & Fragrances,SUB002,Stick Deodorant,MFG001,Unilever,BR002-Axe,Axe,PROD104,870,Axe Stick Deodorant Original,6,CT,4,511,473,38,38,12264,11568.08,10756.02,812.06,22.74,21.37,85.8,8.02,1,CIRCANA_SYNTHETIC,8.03,0.8904,2026-09-03T10:30:00Z
FCT000229,W0027,03-26-2026,2026,1,Q1,MKT010,San Jose,CA,West,CH005,Club,RET001,National Grocery Co,National,CAT001,Deodorants & Fragrances,SUB004,Gel Deodorant,MFG004,Church & Dwight,BR020-Trojan,Trojan,PROD302,535,Trojan Gel Deodorant Organic,30,FL OZ,5,290,167,123,123,43500,5913.46,3425.17,2488.29,20.51,20.23,82.8,8.68,1,CIRCANA_SYNTHETIC,73.65,0.1349,2026-09-03T10:30:00Z
FCT000230,W0017,06-11-2026,2026,1,Q1,MKT002,Los Angeles,CA,West,CH003,Mass Merchandiser,RET005,Warehouse Club,National,CAT001,Deodorants & Fragrances,SUB004,Gel Deodorant,MFG005,Colgate Palmolive,BR024-Lady-Speed-Stick,Lady,PROD302,518,Lady Gel Deodorant Light,6,PACK,1,345,345,0,0,2070,3667.35,3667.35,0,10.63,10.63,35.4,12.08,0,CIRCANA_SYNTHETIC,0,1.7717,2026-09-03T10:30:00Z
FCT000231,W0037,03-26-2026,2026,10,Q4,MKT010,San Jose,CA,West,CH003,Mass Merchandiser,RET003,Pharmacy Plus,Regional,CAT001,Deodorants & Fragrances,SUB002,Stick Deodorant,MFG005,Colgate Palmolive,BR024-Lady-Speed-Stick,Lady,PROD104,359,Lady Stick Deodorant Light,12,ROLL,5,499,398,101,101,29940,9838.42,7971.94,1866.48,20.03,18.48,47.8,8.37,1,CIRCANA_SYNTHETIC,25.38,0.308,2026-09-03T10:30:00Z
FCT000232,W0014,01-22-2026,2025,7,Q3,MKT002,Los Angeles,CA,West,CH002,Drug Store,RET004,Online Direct,National,CAT001,Deodorants & Fragrances,SUB004,Gel Deodorant,MFG002,Procter & Gamble,BR006-Gillette,Gillette,PROD302,714,Gillette Gel Deodorant Classic,4,CT,4,600,460,140,140,9600,14008.6,11127.4,2881.2,24.19,20.58,26.8,2.27,1,CIRCANA_SYNTHETIC,30.43,1.2862,2026-09-03T10:30:00Z
FCT000233,W0047,03-19-2026,2026,7,Q3,MKT004,Houston,TX,South,CH003,Mass Merchandiser,RET001,National Grocery Co,National,CAT001,Deodorants & Fragrances,SUB001,Aerosol Deodorant,MFG005,Colgate Palmolive,BR021-Tom's,Tom's,PROD003,630,Tom's Aerosol Deodorant Light,4,CT,6,566,414,152,152,13584,7266.46,5535.18,1731.28,13.37,11.39,83.8,13.97,1,CIRCANA_SYNTHETIC,36.71,0.4746,2026-09-03T10:30:00Z
FCT000234,W0044,08-20-2026,2026,6,Q2,MKT009,Dallas,TX,South,CH005,Club,RET002,Regional Foods,Regional,CAT001,Deodorants & Fragrances,SUB001,Aerosol Deodorant,MFG005,Colgate Palmolive,BR022-Speed-Stick,Speed,PROD005,504,Speed Aerosol Deodorant Classic,4,CT,1,385,385,0,0,1540,9598.05,9598.05,0,24.93,24.93,78.5,5.36,0,CIRCANA_SYNTHETIC,0,6.2325,2026-09-03T10:30:00Z
FCT000235,W0038,04-02-2026,2026,6,Q2,MKT002,Los Angeles,CA,West,CH001,Grocery,RET005,Warehouse Club,National,CAT001,Deodorants & Fragrances,SUB005,Antiperspirant,MFG003,Henkel,BR015-Right Guard,Right Guard,PROD401,174,Right Guard Antiperspirant Fresh,12,ROLL,4,320,165,155,155,15360,4608.45,2511.3,2097.15,15.22,13.53,50.5,1.69,1,CIRCANA_SYNTHETIC,93.94,0.2819,2026-09-03T10:30:00Z
FCT000236,W0045,02-19-2026,2025,7,Q3,MKT009,Dallas,TX,South,CH003,Mass Merchandiser,RET005,Warehouse Club,National,CAT001,Deodorants & Fragrances,SUB003,Roll-On Deodorant,MFG005,Colgate Palmolive,BR023-Colgate,Colgate,PROD201,169,Colgate Roll-On Deodorant Classic,24,ROLL,6,506,444,62,62,72864,6327.24,5594.4,732.84,12.6,11.82,22.1,1.83,1,CIRCANA_SYNTHETIC,13.96,0.0821,2026-09-03T10:30:00Z
FCT000237,W0045,05-14-2026,2026,4,Q2,MKT007,San Antonio,TX,South,CH003,Mass Merchandiser,RET005,Warehouse Club,National,CAT001,Deodorants & Fragrances,SUB002,Stick Deodorant,MFG005,Colgate Palmolive,BR021-Tom's,Tom's,PROD103,375,Tom's Stick Deodorant Organic,24,OZ,5,199,97,102,102,23880,4472.9,2271.74,2201.16,23.42,21.58,46.5,13.43,1,CIRCANA_SYNTHETIC,105.15,0.1798,2026-09-03T10:30:00Z
FCT000238,W0013,05-21-2026,2026,10,Q4,MKT004,Houston,TX,South,CH002,Drug Store,RET003,Pharmacy Plus,Regional,CAT001,Deodorants & Fragrances,SUB004,Gel Deodorant,MFG002,Procter & Gamble,BR007-Old Spice,Old Spice,PROD302,654,Old Spice Gel Deodorant Original,6,OZ,1,328,129,199,199,1968,5576.01,2262.66,3313.35,17.54,16.65,66.0,11.49,1,CIRCANA_SYNTHETIC,154.26,2.775,2026-09-03T10:30:00Z
FCT000239,W0012,10-02-2025,2025,9,Q3,MKT006,Philadelphia,PA,Northeast,CH004,E-Commerce,RET005,Warehouse Club,National,CAT001,Deodorants & Fragrances,SUB003,Roll-On Deodorant,MFG003,Henkel,BR014-Dial,Dial,PROD205,503,Dial Roll-On Deodorant Organic,8,OZ,5,309,253,56,56,12360,6208.38,5156.14,1052.24,20.38,18.79,60.6,7.59,1,CIRCANA_SYNTHETIC,22.13,0.4698,2026-09-03T10:30:00Z
FCT000240,W0025,12-18-2025,2025,2,Q1,MKT008,San Diego,CA,West,CH003,Mass Merchandiser,RET001,National Grocery Co,National,CAT001,Deodorants & Fragrances,SUB001,Aerosol Deodorant,MFG001,Unilever,BR002-Axe,Axe,PROD005,288,Axe Aerosol Deodorant Classic,18,CT,5,391,235,156,156,35190,3010.27,1891.75,1118.52,8.05,7.17,91.9,5.21,1,CIRCANA_SYNTHETIC,66.38,0.0797,2026-09-03T10:30:00Z
FCT000241,W0012,12-25-2025,2025,3,Q1,MKT006,Philadelphia,PA,Northeast,CH003,Mass Merchandiser,RET004,Online Direct,National,CAT001,Deodorants & Fragrances,SUB002,Stick Deodorant,MFG003,Henkel,BR014-Dial,Dial,PROD104,919,Dial Stick Deodorant Organic,6,FL OZ,2,466,466,0,0,5592,6882.82,6882.82,0,14.77,14.77,84.2,3.02,0,CIRCANA_SYNTHETIC,0,1.2308,2026-09-03T10:30:00Z
FCT000242,W0047,04-16-2026,2026,8,Q3,MKT007,San Antonio,TX,South,CH004,E-Commerce,RET002,Regional Foods,Regional,CAT001,Deodorants & Fragrances,SUB001,Aerosol Deodorant,MFG005,Colgate Palmolive,BR025-Palmolive,Palmolive,PROD002,744,Palmolive Aerosol Deodorant Original,4,ROLL,1,321,178,143,143,1284,5379.12,3182.64,2196.48,17.88,15.36,81.0,7.2,1,CIRCANA_SYNTHETIC,80.34,3.84,2026-09-03T10:30:00Z
FCT000243,W0023,08-27-2026,2026,7,Q3,MKT006,Philadelphia,PA,Northeast,CH003,Mass Merchandiser,RET005,Warehouse Club,National,CAT001,Deodorants & Fragrances,SUB003,Roll-On Deodorant,MFG005,Colgate Palmolive,BR023-Colgate,Colgate,PROD203,391,Colgate Roll-On Deodorant Light,12,PACK,5,229,229,0,0,13740,3881.55,3881.55,0,16.95,16.95,60.4,14.69,0,CIRCANA_SYNTHETIC,0,0.2825,2026-09-03T10:30:00Z
FCT000244,W0030,11-27-2025,2025,3,Q1,MKT008,San Diego,CA,West,CH001,Grocery,RET004,Online Direct,National,CAT001,Deodorants & Fragrances,SUB005,Antiperspirant,MFG005,Colgate Palmolive,BR023-Colgate,Colgate,PROD404,181,Colgate Antiperspirant Organic,24,ROLL,6,377,377,0,0,54288,6062.16,6062.16,0,16.08,16.08,50.4,13.62,0,CIRCANA_SYNTHETIC,0,0.1117,2026-09-03T10:30:00Z
FCT000245,W0018,02-19-2026,2025,6,Q2,MKT006,Philadelphia,PA,Northeast,CH003,Mass Merchandiser,RET003,Pharmacy Plus,Regional,CAT001,Deodorants & Fragrances,SUB002,Stick Deodorant,MFG005,Colgate Palmolive,BR024-Lady-Speed-Stick,Lady,PROD103,181,Lady Stick Deodorant Organic,8,OZ,2,303,261,42,42,4848,5638.32,4891.14,747.18,18.74,17.79,90.5,10.54,1,CIRCANA_SYNTHETIC,16.09,1.1119,2026-09-03T10:30:00Z
FCT000246,W0002,09-25-2025,2025,7,Q3,MKT002,Los Angeles,CA,West,CH001,Grocery,RET004,Online Direct,National,CAT001,Deodorants & Fragrances,SUB004,Gel Deodorant,MFG005,Colgate Palmolive,BR021-Tom's,Tom's,PROD301,334,Tom's Gel Deodorant Organic,18,PACK,2,103,103,0,0,3708,405.82,405.82,0,3.94,3.94,89.9,5.91,0,CIRCANA_SYNTHETIC,0,0.1094,2026-09-03T10:30:00Z
FCT000247,W0043,04-02-2026,2026,6,Q2,MKT003,Chicago,IL,Midwest,CH005,Club,RET002,Regional Foods,Regional,CAT001,Deodorants & Fragrances,SUB004,Gel Deodorant,MFG001,Unilever,BR001-Dove,Dove,PROD302,567,Dove Gel Deodorant Fresh,18,PACK,4,427,289,138,138,30744,2176.45,1476.79,699.66,5.11,5.07,60.4,8.9,1,CIRCANA_SYNTHETIC,47.75,0.0704,2026-09-03T10:30:00Z
FCT000248,W0052,07-30-2026,2026,8,Q3,MKT005,Phoenix,AZ,West,CH003,Mass Merchandiser,RET004,Online Direct,National,CAT001,Deodorants & Fragrances,SUB005,Antiperspirant,MFG005,Colgate Palmolive,BR022-Speed-Stick,Speed,PROD405,393,Speed Antiperspirant Classic,18,CT,3,342,237,105,105,18468,749.28,530.88,218.4,2.24,2.08,76.9,2.13,1,CIRCANA_SYNTHETIC,44.3,0.0385,2026-09-03T10:30:00Z
FCT000249,W0015,09-18-2025,2025,1,Q1,MKT005,Phoenix,AZ,West,CH001,Grocery,RET004,Online Direct,National,CAT001,Deodorants & Fragrances,SUB004,Gel Deodorant,MFG003,Henkel,BR015-Right Guard,Right Guard,PROD304,369,Right Guard Gel Deodorant Original,30,ROLL,2,251,146,105,105,15060,1421.61,840.96,580.65,5.76,5.53,49.2,5.74,1,CIRCANA_SYNTHETIC,71.92,0.0922,2026-09-03T10:30:00Z
FCT000250,W0027,06-11-2026,2026,2,Q1,MKT010,San Jose,CA,West,CH003,Mass Merchandiser,RET003,Pharmacy Plus,Regional,CAT001,Deodorants & Fragrances,SUB002,Stick Deodorant,MFG005,Colgate Palmolive,BR023-Colgate,Colgate,PROD105,603,Colgate Stick Deodorant Organic,18,OZ,6,119,119,0,0,12852,1483.93,1483.93,0,12.47,12.47,54.0,10.54,0,CIRCANA_SYNTHETIC,0,0.1155,2026-09-03T10:30:00Z
FCT000251,W0019,05-07-2026,2026,3,Q1,MKT001,New York,NY,Northeast,CH005,Club,RET001,National Grocery Co,National,CAT001,Deodorants & Fragrances,SUB001,Aerosol Deodorant,MFG002,Procter & Gamble,BR006-Gillette,Gillette,PROD002,610,Gillette Aerosol Deodorant Light,12,OZ,2,424,422,2,2,10176,991.62,987.48,4.14,2.34,2.07,51.5,11.81,1,CIRCANA_SYNTHETIC,0.47,0.0862,2026-09-03T10:30:00Z
FCT000252,W0005,01-08-2026,2025,8,Q3,MKT002,Los Angeles,CA,West,CH002,Drug Store,RET001,National Grocery Co,National,CAT001,Deodorants & Fragrances,SUB001,Aerosol Deodorant,MFG003,Henkel,BR014-Dial,Dial,PROD003,889,Dial Aerosol Deodorant Classic,18,ROLL,1,148,148,0,0,2664,711.88,711.88,0,4.81,4.81,77.6,3.81,0,CIRCANA_SYNTHETIC,0,0.2672,2026-09-03T10:30:00Z
FCT000253,W0025,11-06-2025,2025,5,Q2,MKT008,San Diego,CA,West,CH001,Grocery,RET005,Warehouse Club,National,CAT001,Deodorants & Fragrances,SUB001,Aerosol Deodorant,MFG002,Procter & Gamble,BR009-Native,Native,PROD002,153,Native Aerosol Deodorant Organic,4,PACK,5,292,131,161,161,5840,1344.95,630.11,714.84,4.81,4.44,42.4,5.47,1,CIRCANA_SYNTHETIC,122.9,0.222,2026-09-03T10:30:00Z
FCT000254,W0008,03-12-2026,2026,4,Q2,MKT006,Philadelphia,PA,Northeast,CH001,Grocery,RET002,Regional Foods,Regional,CAT001,Deodorants & Fragrances,SUB002,Stick Deodorant,MFG003,Henkel,BR015-Right Guard,Right Guard,PROD104,193,Right Guard Stick Deodorant Fresh,48,PACK,2,71,71,0,0,6816,748.34,748.34,0,10.54,10.54,26.7,2.45,0,CIRCANA_SYNTHETIC,0,0.1098,2026-09-03T10:30:00Z
FCT000255,W0032,05-28-2026,2026,6,Q2,MKT006,Philadelphia,PA,Northeast,CH002,Drug Store,RET005,Warehouse Club,National,CAT001,Deodorants & Fragrances,SUB001,Aerosol Deodorant,MFG001,Unilever,BR002-Axe,Axe,PROD001,823,Axe Aerosol Deodorant Classic,12,OZ,6,574,462,112,112,41328,6086.78,4938.78,1148.0,10.69,10.25,38.8,0.69,1,CIRCANA_SYNTHETIC,24.24,0.1424,2026-09-03T10:30:00Z
FCT000256,W0021,10-16-2025,2025,8,Q3,MKT004,Houston,TX,South,CH005,Club,RET002,Regional Foods,Regional,CAT001,Deodorants & Fragrances,SUB005,Antiperspirant,MFG005,Colgate Palmolive,BR023-Colgate,Colgate,PROD404,100,Colgate Antiperspirant Fresh,8,OZ,5,647,494,153,153,25880,3513.52,2751.58,761.94,5.57,4.98,39.8,5.57,1,CIRCANA_SYNTHETIC,30.97,0.1245,2026-09-03T10:30:00Z
FCT000257,W0047,08-06-2026,2026,11,Q4,MKT010,San Jose,CA,West,CH003,Mass Merchandiser,RET005,Warehouse Club,National,CAT001,Deodorants & Fragrances,SUB002,Stick Deodorant,MFG002,Procter & Gamble,BR008-Secret,Secret,PROD101,635,Secret Stick Deodorant Original,48,PACK,2,281,147,134,134,26976,4304.34,2366.7,1937.64,16.1,14.46,68.1,1.75,1,CIRCANA_SYNTHETIC,91.16,0.1506,2026-09-03T10:30:00Z
FCT000258,W0007,08-20-2026,2026,10,Q4,MKT001,New York,NY,Northeast,CH002,Drug Store,RET001,National Grocery Co,National,CAT001,Deodorants & Fragrances,SUB002,Stick Deodorant,MFG004,Church & Dwight,BR017-Nubian,Nubian,PROD102,771,Nubian Stick Deodorant Classic,18,OZ,3,511,386,125,125,27594,3580.38,2732.88,847.5,7.08,6.78,21.0,13.82,1,CIRCANA_SYNTHETIC,32.38,0.1256,2026-09-03T10:30:00Z
FCT000259,W0040,05-07-2026,2026,9,Q3,MKT006,Philadelphia,PA,Northeast,CH005,Club,RET004,Online Direct,National,CAT001,Deodorants & Fragrances,SUB004,Gel Deodorant,MFG003,Henkel,BR011-Nivea,Nivea,PROD301,842,Nivea Gel Deodorant Organic,6,FL OZ,1,425,425,0,0,2550,10085.25,10085.25,0,23.73,23.73,92.0,1.55,0,CIRCANA_SYNTHETIC,0,3.955,2026-09-03T10:30:00Z
FCT000260,W0048,01-01-2026,2025,7,Q3,MKT009,Dallas,TX,South,CH002,Drug Store,RET005,Warehouse Club,National,CAT001,Deodorants & Fragrances,SUB002,Stick Deodorant,MFG002,Procter & Gamble,BR010-Olay,Olay,PROD102,284,Olay Stick Deodorant Fresh,24,ROLL,6,442,442,0,0,63648,7646.6,7646.6,0,17.3,17.3,86.2,2.59,0,CIRCANA_SYNTHETIC,0,0.1201,2026-09-03T10:30:00Z
FCT000261,W0021,01-01-2026,2025,6,Q2,MKT003,Chicago,IL,Midwest,CH005,Club,RET005,Warehouse Club,National,CAT001,Deodorants & Fragrances,SUB005,Antiperspirant,MFG004,Church & Dwight,BR018-Purity,Purity,PROD403,862,Purity Antiperspirant Light,30,FL OZ,5,456,261,195,195,68400,3338.79,1967.94,1370.85,7.54,7.03,48.1,8.3,1,CIRCANA_SYNTHETIC,74.71,0.0469,2026-09-03T10:30:00Z
FCT000262,W0002,01-15-2026,2025,3,Q1,MKT007,San Antonio,TX,South,CH001,Grocery,RET001,National Grocery Co,National,CAT001,Deodorants & Fragrances,SUB004,Gel Deodorant,MFG003,Henkel,BR015-Right Guard,Right Guard,PROD304,666,Right Guard Gel Deodorant Fresh,12,CT,3,129,53,76,76,4644,317.18,132.5,184.68,2.5,2.43,71.7,4.21,1,CIRCANA_SYNTHETIC,143.4,0.0675,2026-09-03T10:30:00Z
FCT000263,W0024,12-18-2025,2025,4,Q2,MKT008,San Diego,CA,West,CH003,Mass Merchandiser,RET002,Regional Foods,Regional,CAT001,Deodorants & Fragrances,SUB001,Aerosol Deodorant,MFG002,Procter & Gamble,BR008-Secret,Secret,PROD001,840,Secret Aerosol Deodorant Light,18,OZ,5,181,181,0,0,16290,2027.2,2027.2,0,11.2,11.2,88.8,11.04,0,CIRCANA_SYNTHETIC,0,0.1244,2026-09-03T10:30:00Z
FCT000264,W0047,09-11-2025,2025,10,Q4,MKT010,San Jose,CA,West,CH001,Grocery,RET005,Warehouse Club,National,CAT001,Deodorants & Fragrances,SUB002,Stick Deodorant,MFG003,Henkel,BR011-Nivea,Nivea,PROD104,888,Nivea Stick Deodorant Organic,4,FL OZ,3,289,90,199,199,3468,6051.25,2001.6,4049.65,22.24,20.35,89.8,1.9,1,CIRCANA_SYNTHETIC,221.11,1.6958,2026-09-03T10:30:00Z
FCT000265,W0037,07-02-2026,2026,6,Q2,MKT005,Phoenix,AZ,West,CH005,Club,RET001,National Grocery Co,National,CAT001,Deodorants & Fragrances,SUB004,Gel Deodorant,MFG003,Henkel,BR015-Right Guard,Right Guard,PROD301,542,Right Guard Gel Deodorant Light,4,ROLL,4,128,128,0,0,2048,2472.96,2472.96,0,19.32,19.32,63.1,1.44,0,CIRCANA_SYNTHETIC,0,1.2075,2026-09-03T10:30:00Z
FCT000266,W0036,03-12-2026,2026,5,Q2,MKT006,Philadelphia,PA,Northeast,CH001,Grocery,RET004,Online Direct,National,CAT001,Deodorants & Fragrances,SUB002,Stick Deodorant,MFG005,Colgate Palmolive,BR021-Tom's,Tom's,PROD102,685,Tom's Stick Deodorant Organic,30,CT,2,254,254,0,0,15240,3317.24,3317.24,0,13.06,13.06,34.9,5.99,0,CIRCANA_SYNTHETIC,0,0.2177,2026-09-03T10:30:00Z
FCT000267,W0008,11-13-2025,2025,7,Q3,MKT005,Phoenix,AZ,West,CH004,E-Commerce,RET003,Pharmacy Plus,Regional,CAT001,Deodorants & Fragrances,SUB002,Stick Deodorant,MFG005,Colgate Palmolive,BR021-Tom's,Tom's,PROD101,731,Tom's Stick Deodorant Classic,12,FL OZ,3,326,237,89,89,11736,4901.35,3711.42,1189.93,15.66,13.37,42.9,14.82,1,CIRCANA_SYNTHETIC,37.55,0.3714,2026-09-03T10:30:00Z
FCT000268,W0008,10-09-2025,2025,1,Q1,MKT004,Houston,TX,South,CH002,Drug Store,RET003,Pharmacy Plus,Regional,CAT001,Deodorants & Fragrances,SUB004,Gel Deodorant,MFG002,Procter & Gamble,BR006-Gillette,Gillette,PROD301,582,Gillette Gel Deodorant Original,8,FL OZ,1,367,367,0,0,2936,3633.3,3633.3,0,9.9,9.9,80.3,4.65,0,CIRCANA_SYNTHETIC,0,1.2375,2026-09-03T10:30:00Z
FCT000269,W0036,02-05-2026,2025,10,Q4,MKT004,Houston,TX,South,CH002,Drug Store,RET005,Warehouse Club,National,CAT001,Deodorants & Fragrances,SUB002,Stick Deodorant,MFG005,Colgate Palmolive,BR023-Colgate,Colgate,PROD105,161,Colgate Stick Deodorant Light,4,ROLL,5,405,405,0,0,8100,9250.2,9250.2,0,22.84,22.84,59.5,3.91,0,CIRCANA_SYNTHETIC,0,1.142,2026-09-03T10:30:00Z
FCT000270,W0043,05-07-2026,2026,11,Q4,MKT001,New York,NY,Northeast,CH004,E-Commerce,RET001,National Grocery Co,National,CAT001,Deodorants & Fragrances,SUB005,Antiperspirant,MFG001,Unilever,BR004-Rexona,Rexona,PROD403,423,Rexona Antiperspirant Classic,4,FL OZ,6,519,492,27,27,12456,5651.1,5357.88,293.22,10.89,10.86,58.1,10.67,1,CIRCANA_SYNTHETIC,5.49,0.4525,2026-09-03T10:30:00Z
FCT000271,W0016,01-15-2026,2025,5,Q2,MKT009,Dallas,TX,South,CH004,E-Commerce,RET005,Warehouse Club,National,CAT001,Deodorants & Fragrances,SUB002,Stick Deodorant,MFG001,Unilever,BR001-Dove,Dove,PROD102,613,Dove Stick Deodorant Light,8,OZ,3,400,300,100,100,9600,6924.0,5322.0,1602.0,17.74,16.02,42.7,14.94,1,CIRCANA_SYNTHETIC,33.33,0.6675,2026-09-03T10:30:00Z
FCT000272,W0022,03-12-2026,2026,11,Q4,MKT001,New York,NY,Northeast,CH005,Club,RET003,Pharmacy Plus,Regional,CAT001,Deodorants & Fragrances,SUB003,Roll-On Deodorant,MFG002,Procter & Gamble,BR007-Old Spice,Old Spice,PROD204,346,Old Spice Roll-On Deodorant Fresh,30,PACK,6,94,94,0,0,16920,1512.46,1512.46,0,16.09,16.09,66.9,3.49,0,CIRCANA_SYNTHETIC,0,0.0894,2026-09-03T10:30:00Z
FCT000273,W0014,11-20-2025,2025,3,Q1,MKT010,San Jose,CA,West,CH003,Mass Merchandiser,RET004,Online Direct,National,CAT001,Deodorants & Fragrances,SUB004,Gel Deodorant,MFG005,Colgate Palmolive,BR022-Speed-Stick,Speed,PROD303,888,Speed Gel Deodorant Organic,8,FL OZ,6,491,491,0,0,23568,8946.02,8946.02,0,18.22,18.22,59.3,2.12,0,CIRCANA_SYNTHETIC,0,0.3796,2026-09-03T10:30:00Z
FCT000274,W0010,10-16-2025,2025,1,Q1,MKT009,Dallas,TX,South,CH005,Club,RET001,National Grocery Co,National,CAT001,Deodorants & Fragrances,SUB003,Roll-On Deodorant,MFG002,Procter & Gamble,BR008-Secret,Secret,PROD201,255,Secret Roll-On Deodorant Organic,30,FL OZ,4,605,500,105,105,72600,11532.2,9575.0,1957.2,19.15,18.64,67.8,11.1,1,CIRCANA_SYNTHETIC,21.0,0.1553,2026-09-03T10:30:00Z
FCT000275,W0037,12-04-2025,2025,4,Q2,MKT001,New York,NY,Northeast,CH005,Club,RET005,Warehouse Club,National,CAT001,Deodorants & Fragrances,SUB002,Stick Deodorant,MFG003,Henkel,BR015-Right Guard,Right Guard,PROD102,719,Right Guard Stick Deodorant Classic,4,FL OZ,1,168,168,0,0,672,2995.44,2995.44,0,17.83,17.83,55.7,7.58,0,CIRCANA_SYNTHETIC,0,4.4575,2026-09-03T10:30:00Z
FCT000276,W0015,08-20-2026,2026,7,Q3,MKT008,San Diego,CA,West,CH004,E-Commerce,RET002,Regional Foods,Regional,CAT001,Deodorants & Fragrances,SUB002,Stick Deodorant,MFG002,Procter & Gamble,BR007-Old Spice,Old Spice,PROD104,281,Old Spice Stick Deodorant Classic,30,CT,6,188,188,0,0,33840,3278.72,3278.72,0,17.44,17.44,35.2,3.15,0,CIRCANA_SYNTHETIC,0,0.0969,2026-09-03T10:30:00Z
FCT000277,W0048,09-04-2025,2025,7,Q3,MKT004,Houston,TX,South,CH004,E-Commerce,RET004,Online Direct,National,CAT001,Deodorants & Fragrances,SUB003,Roll-On Deodorant,MFG001,Unilever,BR005-Lume,Lume,PROD204,631,Lume Roll-On Deodorant Fresh,4,PACK,1,407,251,156,156,1628,4992.81,3109.89,1882.92,12.39,12.07,23.2,14.94,1,CIRCANA_SYNTHETIC,62.15,3.0175,2026-09-03T10:30:00Z
FCT000278,W0029,03-12-2026,2026,5,Q2,MKT007,San Antonio,TX,South,CH005,Club,RET001,National Grocery Co,National,CAT001,Deodorants & Fragrances,SUB001,Aerosol Deodorant,MFG002,Procter & Gamble,BR008-Secret,Secret,PROD005,761,Secret Aerosol Deodorant Classic,30,FL OZ,5,328,286,42,42,49200,7544.56,6618.04,926.52,23.14,22.06,87.8,7.01,1,CIRCANA_SYNTHETIC,14.69,0.1471,2026-09-03T10:30:00Z
FCT000279,W0027,04-16-2026,2026,8,Q3,MKT003,Chicago,IL,Midwest,CH005,Club,RET005,Warehouse Club,National,CAT001,Deodorants & Fragrances,SUB005,Antiperspirant,MFG002,Procter & Gamble,BR009-Native,Native,PROD401,431,Native Antiperspirant Organic,48,PACK,6,141,141,0,0,40608,3186.6,3186.6,0,22.6,22.6,86.2,1.44,0,CIRCANA_SYNTHETIC,0,0.0785,2026-09-03T10:30:00Z
FCT000280,W0047,09-18-2025,2025,9,Q3,MKT008,San Diego,CA,West,CH003,Mass Merchandiser,RET001,National Grocery Co,National,CAT001,Deodorants & Fragrances,SUB001,Aerosol Deodorant,MFG005,Colgate Palmolive,BR024-Lady-Speed-Stick,Lady,PROD001,253,Lady Aerosol Deodorant Organic,30,OZ,2,243,243,0,0,14580,5584.14,5584.14,0,22.98,22.98,62.4,9.93,0,CIRCANA_SYNTHETIC,0,0.383,2026-09-03T10:30:00Z
FCT000281,W0041,06-18-2026,2026,2,Q1,MKT007,San Antonio,TX,South,CH003,Mass Merchandiser,RET003,Pharmacy Plus,Regional,CAT001,Deodorants & Fragrances,SUB002,Stick Deodorant,MFG004,Church & Dwight,BR018-Purity,Purity,PROD101,926,Purity Stick Deodorant Original,4,PACK,3,153,153,0,0,1836,348.84,348.84,0,2.28,2.28,57.3,7.53,0,CIRCANA_SYNTHETIC,0,0.19,2026-09-03T10:30:00Z
FCT000282,W0006,12-11-2025,2025,10,Q4,MKT010,San Jose,CA,West,CH004,E-Commerce,RET004,Online Direct,National,CAT001,Deodorants & Fragrances,SUB002,Stick Deodorant,MFG004,Church & Dwight,BR019-Brut,Brut,PROD102,251,Brut Stick Deodorant Original,18,PACK,6,175,175,0,0,18900,2593.5,2593.5,0,14.82,14.82,81.9,0.83,0,CIRCANA_SYNTHETIC,0,0.1372,2026-09-03T10:30:00Z
FCT000283,W0006,08-13-2026,2026,2,Q1,MKT001,New York,NY,Northeast,CH005,Club,RET005,Warehouse Club,National,CAT001,Deodorants & Fragrances,SUB001,Aerosol Deodorant,MFG003,Henkel,BR013-Monsavon,Monsavon,PROD002,566,Monsavon Aerosol Deodorant Fresh,18,PACK,6,182,141,41,41,19656,3213.11,2523.9,689.21,17.9,16.81,79.0,2.74,1,CIRCANA_SYNTHETIC,29.08,0.1556,2026-09-03T10:30:00Z
FCT000284,W0049,02-26-2026,2025,9,Q3,MKT005,Phoenix,AZ,West,CH003,Mass Merchandiser,RET003,Pharmacy Plus,Regional,CAT001,Deodorants & Fragrances,SUB001,Aerosol Deodorant,MFG004,Church & Dwight,BR016-Arm-Hammer,Arm,PROD001,637,Arm Aerosol Deodorant Organic,48,CT,1,199,199,0,0,9552,3578.02,3578.02,0,17.98,17.98,40.6,7.95,0,CIRCANA_SYNTHETIC,0,0.3746,2026-09-03T10:30:00Z
FCT000285,W0047,10-30-2025,2025,10,Q4,MKT002,Los Angeles,CA,West,CH005,Club,RET005,Warehouse Club,National,CAT001,Deodorants & Fragrances,SUB005,Antiperspirant,MFG001,Unilever,BR004-Rexona,Rexona,PROD401,608,Rexona Antiperspirant Fresh,24,FL OZ,5,423,268,155,155,50760,6308.99,4081.64,2227.35,15.23,14.37,89.5,9.25,1,CIRCANA_SYNTHETIC,57.84,0.1197,2026-09-03T10:30:00Z
FCT000286,W0008,08-27-2026,2026,8,Q3,MKT010,San Jose,CA,West,CH002,Drug Store,RET003,Pharmacy Plus,Regional,CAT001,Deodorants & Fragrances,SUB004,Gel Deodorant,MFG002,Procter & Gamble,BR006-Gillette,Gillette,PROD302,752,Gillette Gel Deodorant Organic,12,PACK,4,427,427,0,0,20496,4919.04,4919.04,0,11.52,11.52,45.0,8.45,0,CIRCANA_SYNTHETIC,0,0.24,2026-09-03T10:30:00Z
FCT000287,W0036,04-16-2026,2026,1,Q1,MKT005,Phoenix,AZ,West,CH001,Grocery,RET003,Pharmacy Plus,Regional,CAT001,Deodorants & Fragrances,SUB002,Stick Deodorant,MFG003,Henkel,BR015-Right Guard,Right Guard,PROD103,279,Right Guard Stick Deodorant Organic,24,FL OZ,4,401,401,0,0,38496,7482.66,7482.66,0,18.66,18.66,66.2,0.53,0,CIRCANA_SYNTHETIC,0,0.1944,2026-09-03T10:30:00Z
FCT000288,W0041,02-12-2026,2025,9,Q3,MKT008,San Diego,CA,West,CH001,Grocery,RET002,Regional Foods,Regional,CAT001,Deodorants & Fragrances,SUB003,Roll-On Deodorant,MFG004,Church & Dwight,BR017-Nubian,Nubian,PROD204,313,Nubian Roll-On Deodorant Fresh,30,OZ,5,486,286,200,200,72900,4241.68,2539.68,1702.0,8.88,8.51,43.7,8.08,1,CIRCANA_SYNTHETIC,69.93,0.0567,2026-09-03T10:30:00Z
FCT000289,W0041,01-08-2026,2025,3,Q1,MKT003,Chicago,IL,Midwest,CH003,Mass Merchandiser,RET001,National Grocery Co,National,CAT001,Deodorants & Fragrances,SUB003,Roll-On Deodorant,MFG003,Henkel,BR014-Dial,Dial,PROD201,998,Dial Roll-On Deodorant Organic,6,FL OZ,6,297,145,152,152,10692,6309.41,3150.85,3158.56,21.73,20.78,40.4,1.39,1,CIRCANA_SYNTHETIC,104.83,0.5772,2026-09-03T10:30:00Z
FCT000290,W0024,09-18-2025,2025,1,Q1,MKT004,Houston,TX,South,CH005,Club,RET003,Pharmacy Plus,Regional,CAT001,Deodorants & Fragrances,SUB004,Gel Deodorant,MFG002,Procter & Gamble,BR006-Gillette,Gillette,PROD303,448,Gillette Gel Deodorant Classic,48,PACK,1,97,97,0,0,4656,1976.86,1976.86,0,20.38,20.38,87.9,2.4,0,CIRCANA_SYNTHETIC,0,0.4246,2026-09-03T10:30:00Z
FCT000291,W0030,03-19-2026,2026,12,Q4,MKT002,Los Angeles,CA,West,CH005,Club,RET002,Regional Foods,Regional,CAT001,Deodorants & Fragrances,SUB003,Roll-On Deodorant,MFG002,Procter & Gamble,BR006-Gillette,Gillette,PROD202,147,Gillette Roll-On Deodorant Original,18,OZ,6,52,52,0,0,5616,1118.52,1118.52,0,21.51,21.51,85.4,5.07,0,CIRCANA_SYNTHETIC,0,0.1992,2026-09-03T10:30:00Z
FCT000292,W0019,05-07-2026,2026,9,Q3,MKT005,Phoenix,AZ,West,CH002,Drug Store,RET003,Pharmacy Plus,Regional,CAT001,Deodorants & Fragrances,SUB001,Aerosol Deodorant,MFG002,Procter & Gamble,BR007-Old Spice,Old Spice,PROD005,204,Old Spice Aerosol Deodorant Organic,6,FL OZ,2,557,445,112,112,6684,3046.34,2500.9,545.44,5.62,4.87,91.9,8.44,1,CIRCANA_SYNTHETIC,25.17,0.4058,2026-09-03T10:30:00Z
FCT000293,W0011,08-06-2026,2026,5,Q2,MKT005,Phoenix,AZ,West,CH002,Drug Store,RET003,Pharmacy Plus,Regional,CAT001,Deodorants & Fragrances,SUB005,Antiperspirant,MFG005,Colgate Palmolive,BR022-Speed-Stick,Speed,PROD403,536,Speed Antiperspirant Classic,4,CT,1,439,326,113,113,1756,5562.31,4182.58,1379.73,12.83,12.21,27.9,0.9,1,CIRCANA_SYNTHETIC,34.66,3.0525,2026-09-03T10:30:00Z
FCT000294,W0013,10-23-2025,2025,11,Q4,MKT008,San Diego,CA,West,CH005,Club,RET003,Pharmacy Plus,Regional,CAT001,Deodorants & Fragrances,SUB005,Antiperspirant,MFG003,Henkel,BR013-Monsavon,Monsavon,PROD405,199,Monsavon Antiperspirant Classic,48,PACK,2,436,436,0,0,41856,1805.04,1805.04,0,4.14,4.14,80.2,10.51,0,CIRCANA_SYNTHETIC,0,0.0431,2026-09-03T10:30:00Z
FCT000295,W0024,03-12-2026,2026,3,Q1,MKT004,Houston,TX,South,CH002,Drug Store,RET002,Regional Foods,Regional,CAT001,Deodorants & Fragrances,SUB004,Gel Deodorant,MFG005,Colgate Palmolive,BR023-Colgate,Colgate,PROD304,389,Colgate Gel Deodorant Light,48,ROLL,1,536,453,83,83,25728,1836.99,1585.5,251.49,3.5,3.03,55.9,12.7,1,CIRCANA_SYNTHETIC,18.32,0.0631,2026-09-03T10:30:00Z
FCT000296,W0051,04-23-2026,2026,9,Q3,MKT007,San Antonio,TX,South,CH001,Grocery,RET003,Pharmacy Plus,Regional,CAT001,Deodorants & Fragrances,SUB005,Antiperspirant,MFG005,Colgate Palmolive,BR021-Tom's,Tom's,PROD401,313,Tom's Antiperspirant Fresh,30,CT,5,406,255,151,151,60900,2940.64,1938.0,1002.64,7.6,6.64,56.2,1.08,1,CIRCANA_SYNTHETIC,59.22,0.0443,2026-09-03T10:30:00Z
FCT000297,W0048,10-23-2025,2025,10,Q4,MKT006,Philadelphia,PA,Northeast,CH005,Club,RET002,Regional Foods,Regional,CAT001,Deodorants & Fragrances,SUB004,Gel Deodorant,MFG002,Procter & Gamble,BR006-Gillette,Gillette,PROD305,712,Gillette Gel Deodorant Original,48,FL OZ,5,259,108,151,151,62160,1047.9,459.0,588.9,4.25,3.9,43.1,6.15,1,CIRCANA_SYNTHETIC,139.81,0.0163,2026-09-03T10:30:00Z
FCT000298,W0049,11-27-2025,2025,1,Q1,MKT001,New York,NY,Northeast,CH001,Grocery,RET002,Regional Foods,Regional,CAT001,Deodorants & Fragrances,SUB003,Roll-On Deodorant,MFG002,Procter & Gamble,BR010-Olay,Olay,PROD204,310,Olay Roll-On Deodorant Light,8,ROLL,5,388,388,0,0,15520,3375.6,3375.6,0,8.7,8.7,66.2,6.76,0,CIRCANA_SYNTHETIC,0,0.2175,2026-09-03T10:30:00Z
FCT000299,W0040,01-22-2026,2025,7,Q3,MKT007,San Antonio,TX,South,CH003,Mass Merchandiser,RET001,National Grocery Co,National,CAT001,Deodorants & Fragrances,SUB005,Antiperspirant,MFG005,Colgate Palmolive,BR021-Tom's,Tom's,PROD403,673,Tom's Antiperspirant Light,18,OZ,3,486,486,0,0,26244,11041.92,11041.92,0,22.72,22.72,92.6,0.11,0,CIRCANA_SYNTHETIC,0,0.4207,2026-09-03T10:30:00Z
FCT000300,W0046,03-19-2026,2026,7,Q3,MKT004,Houston,TX,South,CH004,E-Commerce,RET005,Warehouse Club,National,CAT001,Deodorants & Fragrances,SUB003,Roll-On Deodorant,MFG004,Church & Dwight,BR018-Purity,Purity,PROD201,527,Purity Roll-On Deodorant Organic,12,CT,4,411,272,139,139,19728,2088.55,1414.4,674.15,5.2,4.85,83.2,5.47,1,CIRCANA_SYNTHETIC,51.1,0.101,2026-09-03T10:30:00Z
FCT000301,W0043,02-26-2026,2025,3,Q1,MKT001,New York,NY,Northeast,CH001,Grocery,RET001,National Grocery Co,National,CAT001,Deodorants & Fragrances,SUB002,Stick Deodorant,MFG002,Procter & Gamble,BR009-Native,Native,PROD102,621,Native Stick Deodorant Classic,30,ROLL,6,120,120,0,0,21600,1908.0,1908.0,0,15.9,15.9,51.9,2.78,0,CIRCANA_SYNTHETIC,0,0.0883,2026-09-03T10:30:00Z
FCT000302,W0037,01-29-2026,2025,12,Q4,MKT004,Houston,TX,South,CH002,Drug Store,RET004,Online Direct,National,CAT001,Deodorants & Fragrances,SUB004,Gel Deodorant,MFG005,Colgate Palmolive,BR021-Tom's,Tom's,PROD303,594,Tom's Gel Deodorant Light,18,ROLL,5,414,414,0,0,37260,6317.64,6317.64,0,15.26,15.26,22.5,0.66,0,CIRCANA_SYNTHETIC,0,0.1696,2026-09-03T10:30:00Z
FCT000303,W0034,07-30-2026,2026,9,Q3,MKT002,Los Angeles,CA,West,CH002,Drug Store,RET005,Warehouse Club,National,CAT001,Deodorants & Fragrances,SUB005,Antiperspirant,MFG003,Henkel,BR014-Dial,Dial,PROD404,154,Dial Antiperspirant Light,48,OZ,6,175,175,0,0,50400,2899.75,2899.75,0,16.57,16.57,79.9,4.76,0,CIRCANA_SYNTHETIC,0,0.0575,2026-09-03T10:30:00Z
FCT000304,W0023,09-11-2025,2025,5,Q2,MKT009,Dallas,TX,South,CH004,E-Commerce,RET005,Warehouse Club,National,CAT001,Deodorants & Fragrances,SUB004,Gel Deodorant,MFG003,Henkel,BR014-Dial,Dial,PROD304,398,Dial Gel Deodorant Fresh,18,PACK,3,144,135,9,9,7776,488.61,460.35,28.26,3.41,3.14,32.7,0.87,1,CIRCANA_SYNTHETIC,6.67,0.0581,2026-09-03T10:30:00Z
FCT000305,W0017,07-09-2026,2026,10,Q4,MKT002,Los Angeles,CA,West,CH002,Drug Store,RET005,Warehouse Club,National,CAT001,Deodorants & Fragrances,SUB003,Roll-On Deodorant,MFG001,Unilever,BR003-Degree,Degree,PROD204,927,Degree Roll-On Deodorant Organic,4,OZ,5,255,190,65,65,5100,1511.05,1143.8,367.25,6.02,5.65,31.3,6.76,1,CIRCANA_SYNTHETIC,34.21,0.2825,2026-09-03T10:30:00Z
FCT000306,W0010,12-11-2025,2025,3,Q1,MKT003,Chicago,IL,Midwest,CH005,Club,RET001,National Grocery Co,National,CAT001,Deodorants & Fragrances,SUB002,Stick Deodorant,MFG003,Henkel,BR011-Nivea,Nivea,PROD104,453,Nivea Stick Deodorant Original,30,CT,6,540,435,105,105,97200,6475.5,5272.2,1203.3,12.12,11.46,35.8,11.04,1,CIRCANA_SYNTHETIC,24.14,0.0637,2026-09-03T10:30:00Z
FCT000307,W0031,10-09-2025,2025,9,Q3,MKT003,Chicago,IL,Midwest,CH004,E-Commerce,RET004,Online Direct,National,CAT001,Deodorants & Fragrances,SUB001,Aerosol Deodorant,MFG004,Church & Dwight,BR018-Purity,Purity,PROD001,916,Purity Aerosol Deodorant Classic,30,ROLL,3,244,244,0,0,21960,1302.96,1302.96,0,5.34,5.34,85.3,0.28,0,CIRCANA_SYNTHETIC,0,0.0593,2026-09-03T10:30:00Z
FCT000308,W0040,11-20-2025,2025,5,Q2,MKT001,New York,NY,Northeast,CH001,Grocery,RET005,Warehouse Club,National,CAT001,Deodorants & Fragrances,SUB003,Roll-On Deodorant,MFG003,Henkel,BR014-Dial,Dial,PROD205,788,Dial Roll-On Deodorant Fresh,6,FL OZ,6,256,188,68,68,9216,3867.64,2902.72,964.92,15.44,14.19,70.6,3.7,1,CIRCANA_SYNTHETIC,36.17,0.3942,2026-09-03T10:30:00Z
FCT000309,W0005,09-03-2026,2026,7,Q3,MKT003,Chicago,IL,Midwest,CH003,Mass Merchandiser,RET005,Warehouse Club,National,CAT001,Deodorants & Fragrances,SUB005,Antiperspirant,MFG001,Unilever,BR001-Dove,Dove,PROD403,124,Dove Antiperspirant Fresh,6,ROLL,3,318,318,0,0,5724,2241.9,2241.9,0,7.05,7.05,41.2,2.98,0,CIRCANA_SYNTHETIC,0,0.3917,2026-09-03T10:30:00Z
FCT000310,W0039,07-09-2026,2026,7,Q3,MKT004,Houston,TX,South,CH005,Club,RET001,National Grocery Co,National,CAT001,Deodorants & Fragrances,SUB001,Aerosol Deodorant,MFG001,Unilever,BR001-Dove,Dove,PROD005,383,Dove Aerosol Deodorant Classic,8,FL OZ,3,106,106,0,0,2544,1350.44,1350.44,0,12.74,12.74,90.2,9.62,0,CIRCANA_SYNTHETIC,0,0.5308,2026-09-03T10:30:00Z
FCT000311,W0022,08-13-2026,2026,5,Q2,MKT002,Los Angeles,CA,West,CH003,Mass Merchandiser,RET001,National Grocery Co,National,CAT001,Deodorants & Fragrances,SUB003,Roll-On Deodorant,MFG004,Church & Dwight,BR019-Brut,Brut,PROD202,887,Brut Roll-On Deodorant Classic,6,ROLL,2,253,141,112,112,3036,3836.36,2261.64,1574.72,16.04,14.06,56.9,2.24,1,CIRCANA_SYNTHETIC,79.43,1.1717,2026-09-03T10:30:00Z
FCT000312,W0005,12-25-2025,2025,12,Q4,MKT008,San Diego,CA,West,CH003,Mass Merchandiser,RET001,National Grocery Co,National,CAT001,Deodorants & Fragrances,SUB005,Antiperspirant,MFG001,Unilever,BR001-Dove,Dove,PROD401,255,Dove Antiperspirant Light,4,ROLL,2,561,447,114,114,4488,9257.52,7607.94,1649.58,17.02,14.47,22.8,5.92,1,CIRCANA_SYNTHETIC,25.5,1.8088,2026-09-03T10:30:00Z
FCT000313,W0047,09-25-2025,2025,2,Q1,MKT009,Dallas,TX,South,CH004,E-Commerce,RET004,Online Direct,National,CAT001,Deodorants & Fragrances,SUB005,Antiperspirant,MFG004,Church & Dwight,BR019-Brut,Brut,PROD401,798,Brut Antiperspirant Light,30,ROLL,1,51,51,0,0,1530,767.55,767.55,0,15.05,15.05,90.1,5.45,0,CIRCANA_SYNTHETIC,0,0.5017,2026-09-03T10:30:00Z
FCT000314,W0049,09-25-2025,2025,5,Q2,MKT006,Philadelphia,PA,Northeast,CH005,Club,RET003,Pharmacy Plus,Regional,CAT001,Deodorants & Fragrances,SUB001,Aerosol Deodorant,MFG001,Unilever,BR004-Rexona,Rexona,PROD001,745,Rexona Aerosol Deodorant Light,4,ROLL,6,140,140,0,0,3360,894.6,894.6,0,6.39,6.39,72.2,13.46,0,CIRCANA_SYNTHETIC,0,0.2662,2026-09-03T10:30:00Z
FCT000315,W0047,12-18-2025,2025,4,Q2,MKT004,Houston,TX,South,CH002,Drug Store,RET001,National Grocery Co,National,CAT001,Deodorants & Fragrances,SUB001,Aerosol Deodorant,MFG002,Procter & Gamble,BR006-Gillette,Gillette,PROD004,447,Gillette Aerosol Deodorant Original,18,ROLL,5,265,249,16,16,23850,6399.47,6023.31,376.16,24.19,23.51,92.5,0.34,1,CIRCANA_SYNTHETIC,6.43,0.2612,2026-09-03T10:30:00Z
FCT000316,W0010,10-09-2025,2025,10,Q4,MKT002,Los Angeles,CA,West,CH002,Drug Store,RET005,Warehouse Club,National,CAT001,Deodorants & Fragrances,SUB001,Aerosol Deodorant,MFG004,Church & Dwight,BR020-Trojan,Trojan,PROD004,146,Trojan Aerosol Deodorant Organic,4,CT,4,86,86,0,0,1376,1465.44,1465.44,0,17.04,17.04,55.3,13.78,0,CIRCANA_SYNTHETIC,0,1.065,2026-09-03T10:30:00Z
FCT000317,W0011,12-18-2025,2025,2,Q1,MKT001,New York,NY,Northeast,CH003,Mass Merchandiser,RET001,National Grocery Co,National,CAT001,Deodorants & Fragrances,SUB001,Aerosol Deodorant,MFG004,Church & Dwight,BR020-Trojan,Trojan,PROD002,930,Trojan Aerosol Deodorant Classic,48,PACK,5,108,108,0,0,25920,763.56,763.56,0,7.07,7.07,80.3,6.45,0,CIRCANA_SYNTHETIC,0,0.0295,2026-09-03T10:30:00Z
FCT000318,W0038,06-18-2026,2026,6,Q2,MKT009,Dallas,TX,South,CH002,Drug Store,RET003,Pharmacy Plus,Regional,CAT001,Deodorants & Fragrances,SUB001,Aerosol Deodorant,MFG002,Procter & Gamble,BR006-Gillette,Gillette,PROD005,349,Gillette Aerosol Deodorant Fresh,18,CT,4,111,111,0,0,7992,651.57,651.57,0,5.87,5.87,47.7,2.56,0,CIRCANA_SYNTHETIC,0,0.0815,2026-09-03T10:30:00Z
FCT000319,W0006,09-03-2026,2026,1,Q1,MKT010,San Jose,CA,West,CH004,E-Commerce,RET002,Regional Foods,Regional,CAT001,Deodorants & Fragrances,SUB002,Stick Deodorant,MFG001,Unilever,BR004-Rexona,Rexona,PROD101,311,Rexona Stick Deodorant Organic,18,ROLL,6,95,95,0,0,10260,1954.15,1954.15,0,20.57,20.57,77.9,10.42,0,CIRCANA_SYNTHETIC,0,0.1905,2026-09-03T10:30:00Z
FCT000320,W0039,06-18-2026,2026,12,Q4,MKT007,San Antonio,TX,South,CH002,Drug Store,RET002,Regional Foods,Regional,CAT001,Deodorants & Fragrances,SUB005,Antiperspirant,MFG005,Colgate Palmolive,BR021-Tom's,Tom's,PROD404,197,Tom's Antiperspirant Fresh,18,FL OZ,4,385,363,22,22,27720,807.07,765.93,41.14,2.11,1.87,28.8,8.0,1,CIRCANA_SYNTHETIC,6.06,0.026,2026-09-03T10:30:00Z
FCT000321,W0013,07-16-2026,2026,3,Q1,MKT004,Houston,TX,South,CH004,E-Commerce,RET002,Regional Foods,Regional,CAT001,Deodorants & Fragrances,SUB005,Antiperspirant,MFG003,Henkel,BR011-Nivea,Nivea,PROD405,924,Nivea Antiperspirant Classic,8,OZ,1,349,304,45,45,2792,5792.67,5116.32,676.35,16.83,15.03,52.6,5.08,1,CIRCANA_SYNTHETIC,14.8,1.8787,2026-09-03T10:30:00Z
FCT000322,W0033,07-16-2026,2026,2,Q1,MKT009,Dallas,TX,South,CH002,Drug Store,RET002,Regional Foods,Regional,CAT001,Deodorants & Fragrances,SUB001,Aerosol Deodorant,MFG001,Unilever,BR004-Rexona,Rexona,PROD001,433,Rexona Aerosol Deodorant Organic,48,PACK,5,419,419,0,0,100560,3980.5,3980.5,0,9.5,9.5,34.9,10.19,0,CIRCANA_SYNTHETIC,0,0.0396,2026-09-03T10:30:00Z
FCT000323,W0015,08-06-2026,2026,8,Q3,MKT002,Los Angeles,CA,West,CH002,Drug Store,RET004,Online Direct,National,CAT001,Deodorants & Fragrances,SUB003,Roll-On Deodorant,MFG002,Procter & Gamble,BR009-Native,Native,PROD202,747,Native Roll-On Deodorant Light,8,CT,5,188,77,111,111,7520,2214.83,959.42,1255.41,12.46,11.31,30.2,10.83,1,CIRCANA_SYNTHETIC,144.16,0.2828,2026-09-03T10:30:00Z
FCT000324,W0009,07-16-2026,2026,8,Q3,MKT003,Chicago,IL,Midwest,CH001,Grocery,RET005,Warehouse Club,National,CAT001,Deodorants & Fragrances,SUB002,Stick Deodorant,MFG001,Unilever,BR003-Degree,Degree,PROD103,274,Degree Stick Deodorant Fresh,24,CT,3,307,264,43,43,22104,4853.66,4192.32,661.34,15.88,15.38,67.8,9.21,1,CIRCANA_SYNTHETIC,16.29,0.2136,2026-09-03T10:30:00Z
FCT000325,W0030,05-07-2026,2026,1,Q1,MKT009,Dallas,TX,South,CH004,E-Commerce,RET002,Regional Foods,Regional,CAT001,Deodorants & Fragrances,SUB001,Aerosol Deodorant,MFG005,Colgate Palmolive,BR024-Lady-Speed-Stick,Lady,PROD004,687,Lady Aerosol Deodorant Original,12,FL OZ,4,489,426,63,63,23472,7480.62,6530.58,950.04,15.33,15.08,64.4,2.32,1,CIRCANA_SYNTHETIC,14.79,0.3142,2026-09-03T10:30:00Z
FCT000326,W0026,02-05-2026,2025,12,Q4,MKT008,San Diego,CA,West,CH005,Club,RET001,National Grocery Co,National,CAT001,Deodorants & Fragrances,SUB001,Aerosol Deodorant,MFG004,Church & Dwight,BR020-Trojan,Trojan,PROD001,323,Trojan Aerosol Deodorant Organic,48,CT,1,281,281,0,0,13488,4172.85,4172.85,0,14.85,14.85,20.9,11.0,0,CIRCANA_SYNTHETIC,0,0.3094,2026-09-03T10:30:00Z
FCT000327,W0046,02-12-2026,2025,10,Q4,MKT002,Los Angeles,CA,West,CH001,Grocery,RET004,Online Direct,National,CAT001,Deodorants & Fragrances,SUB003,Roll-On Deodorant,MFG003,Henkel,BR012-Fa,Fa,PROD202,575,Fa Roll-On Deodorant Original,48,CT,6,282,282,0,0,81216,3192.24,3192.24,0,11.32,11.32,79.2,5.62,0,CIRCANA_SYNTHETIC,0,0.0393,2026-09-03T10:30:00Z
FCT000328,W0045,12-04-2025,2025,9,Q3,MKT009,Dallas,TX,South,CH001,Grocery,RET003,Pharmacy Plus,Regional,CAT001,Deodorants & Fragrances,SUB004,Gel Deodorant,MFG004,Church & Dwight,BR018-Purity,Purity,PROD303,790,Purity Gel Deodorant Light,6,PACK,3,453,453,0,0,8154,8570.76,8570.76,0,18.92,18.92,24.1,14.19,0,CIRCANA_SYNTHETIC,0,1.0511,2026-09-03T10:30:00Z
FCT000329,W0024,06-18-2026,2026,11,Q4,MKT006,Philadelphia,PA,Northeast,CH004,E-Commerce,RET005,Warehouse Club,National,CAT001,Deodorants & Fragrances,SUB001,Aerosol Deodorant,MFG001,Unilever,BR003-Degree,Degree,PROD004,870,Degree Aerosol Deodorant Fresh,12,CT,3,337,337,0,0,12132,2524.13,2524.13,0,7.49,7.49,28.5,7.23,0,CIRCANA_SYNTHETIC,0,0.2081,2026-09-03T10:30:00Z
FCT000330,W0004,08-06-2026,2026,6,Q2,MKT006,Philadelphia,PA,Northeast,CH003,Mass Merchandiser,RET005,Warehouse Club,National,CAT001,Deodorants & Fragrances,SUB002,Stick Deodorant,MFG004,Church & Dwight,BR018-Purity,Purity,PROD103,476,Purity Stick Deodorant Original,6,ROLL,6,405,281,124,124,14580,5717.27,3998.63,1718.64,14.23,13.86,87.5,6.83,1,CIRCANA_SYNTHETIC,44.13,0.385,2026-09-03T10:30:00Z
FCT000331,W0007,06-25-2026,2026,5,Q2,MKT002,Los Angeles,CA,West,CH004,E-Commerce,RET002,Regional Foods,Regional,CAT001,Deodorants & Fragrances,SUB004,Gel Deodorant,MFG003,Henkel,BR011-Nivea,Nivea,PROD301,400,Nivea Gel Deodorant Classic,8,ROLL,2,406,406,0,0,6496,8980.72,8980.72,0,22.12,22.12,59.1,9.45,0,CIRCANA_SYNTHETIC,0,1.3825,2026-09-03T10:30:00Z
FCT000332,W0005,08-27-2026,2026,4,Q2,MKT007,San Antonio,TX,South,CH004,E-Commerce,RET001,National Grocery Co,National,CAT001,Deodorants & Fragrances,SUB004,Gel Deodorant,MFG003,Henkel,BR012-Fa,Fa,PROD303,411,Fa Gel Deodorant Fresh,24,FL OZ,4,408,260,148,148,39168,6280.12,4069.0,2211.12,15.65,14.94,83.1,6.73,1,CIRCANA_SYNTHETIC,56.92,0.1556,2026-09-03T10:30:00Z
FCT000333,W0050,08-13-2026,2026,3,Q1,MKT005,Phoenix,AZ,West,CH002,Drug Store,RET004,Online Direct,National,CAT001,Deodorants & Fragrances,SUB003,Roll-On Deodorant,MFG003,Henkel,BR013-Monsavon,Monsavon,PROD202,809,Monsavon Roll-On Deodorant Organic,8,PACK,2,311,195,116,116,4976,5484.55,3582.15,1902.4,18.37,16.4,93.0,12.61,1,CIRCANA_SYNTHETIC,59.49,1.025,2026-09-03T10:30:00Z
FCT000334,W0017,03-26-2026,2026,3,Q1,MKT001,New York,NY,Northeast,CH003,Mass Merchandiser,RET005,Warehouse Club,National,CAT001,Deodorants & Fragrances,SUB002,Stick Deodorant,MFG002,Procter & Gamble,BR009-Native,Native,PROD101,646,Native Stick Deodorant Light,4,FL OZ,3,337,337,0,0,4044,1819.8,1819.8,0,5.4,5.4,53.6,14.63,0,CIRCANA_SYNTHETIC,0,0.45,2026-09-03T10:30:00Z
FCT000335,W0001,10-09-2025,2025,9,Q3,MKT008,San Diego,CA,West,CH002,Drug Store,RET004,Online Direct,National,CAT001,Deodorants & Fragrances,SUB001,Aerosol Deodorant,MFG003,Henkel,BR012-Fa,Fa,PROD004,918,Fa Aerosol Deodorant Fresh,18,ROLL,3,561,381,180,180,30294,13470.3,9258.3,4212.0,24.3,23.4,94.6,10.04,1,CIRCANA_SYNTHETIC,47.24,0.4333,2026-09-03T10:30:00Z
FCT000336,W0020,08-27-2026,2026,7,Q3,MKT008,San Diego,CA,West,CH001,Grocery,RET002,Regional Foods,Regional,CAT001,Deodorants & Fragrances,SUB003,Roll-On Deodorant,MFG005,Colgate Palmolive,BR021-Tom's,Tom's,PROD201,327,Tom's Roll-On Deodorant Light,24,OZ,3,278,278,0,0,20016,909.06,909.06,0,3.27,3.27,68.1,8.79,0,CIRCANA_SYNTHETIC,0,0.0454,2026-09-03T10:30:00Z
FCT000337,W0013,01-29-2026,2025,6,Q2,MKT009,Dallas,TX,South,CH004,E-Commerce,RET001,National Grocery Co,National,CAT001,Deodorants & Fragrances,SUB001,Aerosol Deodorant,MFG005,Colgate Palmolive,BR024-Lady-Speed-Stick,Lady,PROD001,112,Lady Aerosol Deodorant Light,24,ROLL,2,391,391,0,0,18768,7221.77,7221.77,0,18.47,18.47,52.1,5.85,0,CIRCANA_SYNTHETIC,0,0.3848,2026-09-03T10:30:00Z
FCT000338,W0048,03-05-2026,2025,8,Q3,MKT008,San Diego,CA,West,CH005,Club,RET001,National Grocery Co,National,CAT001,Deodorants & Fragrances,SUB003,Roll-On Deodorant,MFG002,Procter & Gamble,BR009-Native,Native,PROD203,988,Native Roll-On Deodorant Fresh,30,ROLL,2,319,133,186,186,19140,6531.1,2822.26,3708.84,21.22,19.94,30.8,4.62,1,CIRCANA_SYNTHETIC,139.85,0.3323,2026-09-03T10:30:00Z
FCT000339,W0027,06-18-2026,2026,9,Q3,MKT007,San Antonio,TX,South,CH001,Grocery,RET001,National Grocery Co,National,CAT001,Deodorants & Fragrances,SUB001,Aerosol Deodorant,MFG004,Church & Dwight,BR018-Purity,Purity,PROD005,409,Purity Aerosol Deodorant Fresh,8,CT,2,558,413,145,145,8928,11469.87,8730.82,2739.05,21.14,18.89,56.8,12.36,1,CIRCANA_SYNTHETIC,35.11,1.1806,2026-09-03T10:30:00Z
FCT000340,W0017,04-23-2026,2026,11,Q4,MKT008,San Diego,CA,West,CH002,Drug Store,RET001,National Grocery Co,National,CAT001,Deodorants & Fragrances,SUB004,Gel Deodorant,MFG001,Unilever,BR002-Axe,Axe,PROD305,383,Axe Gel Deodorant Classic,18,ROLL,2,280,113,167,167,10080,3623.26,1504.03,2119.23,13.31,12.69,38.4,1.88,1,CIRCANA_SYNTHETIC,147.79,0.3525,2026-09-03T10:30:00Z
FCT000341,W0041,11-06-2025,2025,8,Q3,MKT010,San Jose,CA,West,CH004,E-Commerce,RET005,Warehouse Club,National,CAT001,Deodorants & Fragrances,SUB005,Antiperspirant,MFG004,Church & Dwight,BR018-Purity,Purity,PROD403,809,Purity Antiperspirant Organic,4,FL OZ,2,241,241,0,0,1928,3706.58,3706.58,0,15.38,15.38,31.0,6.97,0,CIRCANA_SYNTHETIC,0,1.9225,2026-09-03T10:30:00Z
FCT000342,W0019,04-30-2026,2026,9,Q3,MKT005,Phoenix,AZ,West,CH003,Mass Merchandiser,RET004,Online Direct,National,CAT001,Deodorants & Fragrances,SUB002,Stick Deodorant,MFG003,Henkel,BR011-Nivea,Nivea,PROD101,423,Nivea Stick Deodorant Light,12,CT,1,313,313,0,0,3756,4936.01,4936.01,0,15.77,15.77,32.5,4.91,0,CIRCANA_SYNTHETIC,0,1.3142,2026-09-03T10:30:00Z
FCT000343,W0009,01-15-2026,2025,5,Q2,MKT009,Dallas,TX,South,CH005,Club,RET003,Pharmacy Plus,Regional,CAT001,Deodorants & Fragrances,SUB003,Roll-On Deodorant,MFG002,Procter & Gamble,BR006-Gillette,Gillette,PROD201,672,Gillette Roll-On Deodorant Fresh,30,FL OZ,2,572,448,124,124,34320,2425.72,1953.28,472.44,4.36,3.81,36.6,2.91,1,CIRCANA_SYNTHETIC,27.68,0.0635,2026-09-03T10:30:00Z
FCT000344,W0023,04-23-2026,2026,12,Q4,MKT002,Los Angeles,CA,West,CH001,Grocery,RET002,Regional Foods,Regional,CAT001,Deodorants & Fragrances,SUB004,Gel Deodorant,MFG001,Unilever,BR004-Rexona,Rexona,PROD304,810,Rexona Gel Deodorant Organic,24,CT,6,234,121,113,113,33696,2068.79,1090.21,978.58,9.01,8.66,28.9,2.02,1,CIRCANA_SYNTHETIC,93.39,0.0601,2026-09-03T10:30:00Z
FCT000345,W0005,08-27-2026,2026,8,Q3,MKT004,Houston,TX,South,CH002,Drug Store,RET001,National Grocery Co,National,CAT001,Deodorants & Fragrances,SUB003,Roll-On Deodorant,MFG004,Church & Dwight,BR016-Arm-Hammer,Arm,PROD202,167,Arm Roll-On Deodorant Light,6,OZ,6,121,71,50,50,4356,1573.51,980.51,593.0,13.81,11.86,28.9,3.87,1,CIRCANA_SYNTHETIC,70.42,0.3294,2026-09-03T10:30:00Z
FCT000346,W0043,04-02-2026,2026,1,Q1,MKT010,San Jose,CA,West,CH002,Drug Store,RET005,Warehouse Club,National,CAT001,Deodorants & Fragrances,SUB001,Aerosol Deodorant,MFG002,Procter & Gamble,BR007-Old Spice,Old Spice,PROD001,727,Old Spice Aerosol Deodorant Organic,18,PACK,3,124,124,0,0,6696,1252.4,1252.4,0,10.1,10.1,84.1,11.73,0,CIRCANA_SYNTHETIC,0,0.187,2026-09-03T10:30:00Z
FCT000347,W0011,10-02-2025,2025,9,Q3,MKT001,New York,NY,Northeast,CH005,Club,RET002,Regional Foods,Regional,CAT001,Deodorants & Fragrances,SUB001,Aerosol Deodorant,MFG002,Procter & Gamble,BR008-Secret,Secret,PROD005,289,Secret Aerosol Deodorant Classic,6,CT,5,421,421,0,0,12630,9085.18,9085.18,0,21.58,21.58,55.6,10.5,0,CIRCANA_SYNTHETIC,0,0.7193,2026-09-03T10:30:00Z
FCT000348,W0027,07-16-2026,2026,6,Q2,MKT007,San Antonio,TX,South,CH004,E-Commerce,RET002,Regional Foods,Regional,CAT001,Deodorants & Fragrances,SUB002,Stick Deodorant,MFG005,Colgate Palmolive,BR022-Speed-Stick,Speed,PROD103,839,Speed Stick Deodorant Original,6,PACK,2,288,288,0,0,3456,3859.2,3859.2,0,13.4,13.4,47.1,4.4,0,CIRCANA_SYNTHETIC,0,1.1167,2026-09-03T10:30:00Z
FCT000349,W0048,04-23-2026,2026,11,Q4,MKT002,Los Angeles,CA,West,CH004,E-Commerce,RET003,Pharmacy Plus,Regional,CAT001,Deodorants & Fragrances,SUB003,Roll-On Deodorant,MFG004,Church & Dwight,BR020-Trojan,Trojan,PROD204,795,Trojan Roll-On Deodorant Light,30,FL OZ,4,306,165,141,141,36720,1815.96,1046.1,769.86,6.34,5.46,83.1,7.19,1,CIRCANA_SYNTHETIC,85.45,0.0455,2026-09-03T10:30:00Z
FCT000350,W0008,07-02-2026,2026,7,Q3,MKT002,Los Angeles,CA,West,CH004,E-Commerce,RET004,Online Direct,National,CAT001,Deodorants & Fragrances,SUB001,Aerosol Deodorant,MFG005,Colgate Palmolive,BR021-Tom's,Tom's,PROD004,513,Tom's Aerosol Deodorant Original,6,CT,1,556,405,151,151,3336,5576.97,4199.85,1377.12,10.37,9.12,35.0,12.68,1,CIRCANA_SYNTHETIC,37.28,1.52,2026-09-03T10:30:00Z
FCT000351,W0023,02-05-2026,2025,11,Q4,MKT005,Phoenix,AZ,West,CH005,Club,RET005,Warehouse Club,National,CAT001,Deodorants & Fragrances,SUB004,Gel Deodorant,MFG003,Henkel,BR014-Dial,Dial,PROD304,237,Dial Gel Deodorant Original,18,CT,4,428,298,130,130,30816,1852.44,1335.04,517.4,4.48,3.98,57.3,9.46,1,CIRCANA_SYNTHETIC,43.62,0.0553,2026-09-03T10:30:00Z
FCT000352,W0044,04-16-2026,2026,3,Q1,MKT008,San Diego,CA,West,CH001,Grocery,RET002,Regional Foods,Regional,CAT001,Deodorants & Fragrances,SUB001,Aerosol Deodorant,MFG004,Church & Dwight,BR020-Trojan,Trojan,PROD001,777,Trojan Aerosol Deodorant Classic,6,OZ,6,527,368,159,159,18972,10059.3,7098.72,2960.58,19.29,18.62,79.5,3.11,1,CIRCANA_SYNTHETIC,43.21,0.5172,2026-09-03T10:30:00Z
FCT000353,W0049,08-20-2026,2026,7,Q3,MKT009,Dallas,TX,South,CH003,Mass Merchandiser,RET005,Warehouse Club,National,CAT001,Deodorants & Fragrances,SUB005,Antiperspirant,MFG005,Colgate Palmolive,BR021-Tom's,Tom's,PROD403,775,Tom's Antiperspirant Light,48,FL OZ,4,246,246,0,0,47232,2996.28,2996.28,0,12.18,12.18,22.7,2.74,0,CIRCANA_SYNTHETIC,0,0.0634,2026-09-03T10:30:00Z
FCT000354,W0037,11-06-2025,2025,8,Q3,MKT003,Chicago,IL,Midwest,CH003,Mass Merchandiser,RET004,Online Direct,National,CAT001,Deodorants & Fragrances,SUB004,Gel Deodorant,MFG004,Church & Dwight,BR016-Arm-Hammer,Arm,PROD304,461,Arm Gel Deodorant Light,8,PACK,1,436,293,143,143,3488,4677.31,3223.0,1454.31,11.0,10.17,92.8,9.29,1,CIRCANA_SYNTHETIC,48.81,1.2712,2026-09-03T10:30:00Z
FCT000355,W0052,10-09-2025,2025,10,Q4,MKT010,San Jose,CA,West,CH001,Grocery,RET002,Regional Foods,Regional,CAT001,Deodorants & Fragrances,SUB001,Aerosol Deodorant,MFG003,Henkel,BR013-Monsavon,Monsavon,PROD001,157,Monsavon Aerosol Deodorant Organic,24,ROLL,1,441,441,0,0,10584,5225.85,5225.85,0,11.85,11.85,94.4,6.24,0,CIRCANA_SYNTHETIC,0,0.4937,2026-09-03T10:30:00Z
FCT000356,W0022,06-25-2026,2026,1,Q1,MKT010,San Jose,CA,West,CH001,Grocery,RET001,National Grocery Co,National,CAT001,Deodorants & Fragrances,SUB002,Stick Deodorant,MFG003,Henkel,BR011-Nivea,Nivea,PROD103,424,Nivea Stick Deodorant Classic,30,PACK,5,186,69,117,117,27900,3935.28,1568.37,2366.91,22.73,20.23,72.2,8.86,1,CIRCANA_SYNTHETIC,169.57,0.1349,2026-09-03T10:30:00Z
FCT000357,W0032,01-22-2026,2025,11,Q4,MKT002,Los Angeles,CA,West,CH004,E-Commerce,RET001,National Grocery Co,National,CAT001,Deodorants & Fragrances,SUB003,Roll-On Deodorant,MFG002,Procter & Gamble,BR008-Secret,Secret,PROD205,970,Secret Roll-On Deodorant Fresh,18,FL OZ,4,292,135,157,157,21024,1882.36,896.4,985.96,6.64,6.28,93.1,1.22,1,CIRCANA_SYNTHETIC,116.3,0.0872,2026-09-03T10:30:00Z
FCT000358,W0040,10-09-2025,2025,2,Q1,MKT001,New York,NY,Northeast,CH003,Mass Merchandiser,RET005,Warehouse Club,National,CAT001,Deodorants & Fragrances,SUB003,Roll-On Deodorant,MFG004,Church & Dwight,BR017-Nubian,Nubian,PROD203,455,Nubian Roll-On Deodorant Original,24,FL OZ,1,353,353,0,0,8472,5305.59,5305.59,0,15.03,15.03,59.8,6.46,0,CIRCANA_SYNTHETIC,0,0.6262,2026-09-03T10:30:00Z
FCT000359,W0026,05-14-2026,2026,10,Q4,MKT007,San Antonio,TX,South,CH005,Club,RET003,Pharmacy Plus,Regional,CAT001,Deodorants & Fragrances,SUB005,Antiperspirant,MFG002,Procter & Gamble,BR009-Native,Native,PROD403,943,Native Antiperspirant Classic,8,OZ,6,588,393,195,195,28224,10617.69,7144.74,3472.95,18.18,17.81,63.3,3.27,1,CIRCANA_SYNTHETIC,49.62,0.371,2026-09-03T10:30:00Z
FCT000360,W0024,02-12-2026,2025,3,Q1,MKT007,San Antonio,TX,South,CH005,Club,RET001,National Grocery Co,National,CAT001,Deodorants & Fragrances,SUB005,Antiperspirant,MFG005,Colgate Palmolive,BR022-Speed-Stick,Speed,PROD405,308,Speed Antiperspirant Classic,18,ROLL,4,127,127,0,0,9144,1184.91,1184.91,0,9.33,9.33,82.3,1.06,0,CIRCANA_SYNTHETIC,0,0.1296,2026-09-03T10:30:00Z
FCT000361,W0008,07-02-2026,2026,4,Q2,MKT005,Phoenix,AZ,West,CH005,Club,RET002,Regional Foods,Regional,CAT001,Deodorants & Fragrances,SUB003,Roll-On Deodorant,MFG004,Church & Dwight,BR017-Nubian,Nubian,PROD202,137,Nubian Roll-On Deodorant Organic,18,ROLL,4,175,175,0,0,12600,2604.0,2604.0,0,14.88,14.88,52.7,9.74,0,CIRCANA_SYNTHETIC,0,0.2067,2026-09-03T10:30:00Z
FCT000362,W0042,08-20-2026,2026,12,Q4,MKT001,New York,NY,Northeast,CH003,Mass Merchandiser,RET003,Pharmacy Plus,Regional,CAT001,Deodorants & Fragrances,SUB003,Roll-On Deodorant,MFG005,Colgate Palmolive,BR022-Speed-Stick,Speed,PROD202,472,Speed Roll-On Deodorant Original,4,OZ,3,455,450,5,5,5460,7205.6,7128.0,77.6,15.84,15.52,87.5,6.16,1,CIRCANA_SYNTHETIC,1.11,1.2933,2026-09-03T10:30:00Z
FCT000363,W0043,12-18-2025,2025,9,Q3,MKT002,Los Angeles,CA,West,CH005,Club,RET005,Warehouse Club,National,CAT001,Deodorants & Fragrances,SUB002,Stick Deodorant,MFG001,Unilever,BR005-Lume,Lume,PROD102,925,Lume Stick Deodorant Organic,12,PACK,1,327,304,23,23,3924,6421.14,6013.12,408.02,19.78,17.74,82.4,11.08,1,CIRCANA_SYNTHETIC,7.57,1.4783,2026-09-03T10:30:00Z
FCT000364,W0027,05-14-2026,2026,10,Q4,MKT002,Los Angeles,CA,West,CH002,Drug Store,RET002,Regional Foods,Regional,CAT001,Deodorants & Fragrances,SUB002,Stick Deodorant,MFG003,Henkel,BR014-Dial,Dial,PROD102,384,Dial Stick Deodorant Organic,24,OZ,3,301,301,0,0,21672,4379.55,4379.55,0,14.55,14.55,55.6,3.77,0,CIRCANA_SYNTHETIC,0,0.2021,2026-09-03T10:30:00Z
FCT000365,W0045,09-18-2025,2025,11,Q4,MKT005,Phoenix,AZ,West,CH001,Grocery,RET005,Warehouse Club,National,CAT001,Deodorants & Fragrances,SUB004,Gel Deodorant,MFG001,Unilever,BR001-Dove,Dove,PROD303,224,Dove Gel Deodorant Fresh,30,FL OZ,6,179,179,0,0,32220,4304.95,4304.95,0,24.05,24.05,47.2,12.2,0,CIRCANA_SYNTHETIC,0,0.1336,2026-09-03T10:30:00Z
FCT000366,W0049,05-21-2026,2026,5,Q2,MKT001,New York,NY,Northeast,CH004,E-Commerce,RET003,Pharmacy Plus,Regional,CAT001,Deodorants & Fragrances,SUB004,Gel Deodorant,MFG003,Henkel,BR011-Nivea,Nivea,PROD304,908,Nivea Gel Deodorant Original,8,ROLL,6,490,490,0,0,23520,4557.0,4557.0,0,9.3,9.3,80.9,9.7,0,CIRCANA_SYNTHETIC,0,0.1938,2026-09-03T10:30:00Z
FCT000367,W0011,10-30-2025,2025,5,Q2,MKT008,San Diego,CA,West,CH004,E-Commerce,RET003,Pharmacy Plus,Regional,CAT001,Deodorants & Fragrances,SUB001,Aerosol Deodorant,MFG004,Church & Dwight,BR016-Arm-Hammer,Arm,PROD004,128,Arm Aerosol Deodorant Original,30,PACK,6,230,230,0,0,41400,4763.3,4763.3,0,20.71,20.71,75.3,6.85,0,CIRCANA_SYNTHETIC,0,0.1151,2026-09-03T10:30:00Z
FCT000368,W0037,07-30-2026,2026,2,Q1,MKT001,New York,NY,Northeast,CH004,E-Commerce,RET002,Regional Foods,Regional,CAT001,Deodorants & Fragrances,SUB004,Gel Deodorant,MFG003,Henkel,BR013-Monsavon,Monsavon,PROD302,994,Monsavon Gel Deodorant Organic,8,PACK,6,177,177,0,0,8496,2024.88,2024.88,0,11.44,11.44,90.5,6.83,0,CIRCANA_SYNTHETIC,0,0.2383,2026-09-03T10:30:00Z
FCT000369,W0024,06-18-2026,2026,7,Q3,MKT006,Philadelphia,PA,Northeast,CH003,Mass Merchandiser,RET002,Regional Foods,Regional,CAT001,Deodorants & Fragrances,SUB002,Stick Deodorant,MFG001,Unilever,BR004-Rexona,Rexona,PROD105,573,Rexona Stick Deodorant Organic,12,OZ,1,623,477,146,146,7476,14292.71,11080.71,3212.0,23.23,22.0,67.0,13.61,1,CIRCANA_SYNTHETIC,30.61,1.8333,2026-09-03T10:30:00Z
FCT000370,W0010,07-30-2026,2026,6,Q2,MKT007,San Antonio,TX,South,CH005,Club,RET004,Online Direct,National,CAT001,Deodorants & Fragrances,SUB002,Stick Deodorant,MFG005,Colgate Palmolive,BR023-Colgate,Colgate,PROD101,947,Colgate Stick Deodorant Classic,6,OZ,6,340,340,0,0,12240,4790.6,4790.6,0,14.09,14.09,78.0,13.93,0,CIRCANA_SYNTHETIC,0,0.3914,2026-09-03T10:30:00Z
FCT000371,W0009,02-26-2026,2025,4,Q2,MKT004,Houston,TX,South,CH003,Mass Merchandiser,RET003,Pharmacy Plus,Regional,CAT001,Deodorants & Fragrances,SUB002,Stick Deodorant,MFG004,Church & Dwight,BR019-Brut,Brut,PROD102,368,Brut Stick Deodorant Organic,18,CT,4,471,471,0,0,33912,2896.65,2896.65,0,6.15,6.15,79.4,0.53,0,CIRCANA_SYNTHETIC,0,0.0854,2026-09-03T10:30:00Z
FCT000372,W0009,04-16-2026,2026,12,Q4,MKT010,San Jose,CA,West,CH004,E-Commerce,RET001,National Grocery Co,National,CAT001,Deodorants & Fragrances,SUB002,Stick Deodorant,MFG001,Unilever,BR004-Rexona,Rexona,PROD103,340,Rexona Stick Deodorant Classic,30,ROLL,6,455,401,54,54,81900,7043.44,6311.74,731.7,15.74,13.55,61.8,0.88,1,CIRCANA_SYNTHETIC,13.47,0.0753,2026-09-03T10:30:00Z
FCT000373,W0025,04-23-2026,2026,7,Q3,MKT001,New York,NY,Northeast,CH001,Grocery,RET003,Pharmacy Plus,Regional,CAT001,Deodorants & Fragrances,SUB005,Antiperspirant,MFG005,Colgate Palmolive,BR025-Palmolive,Palmolive,PROD405,235,Palmolive Antiperspirant Original,4,PACK,2,260,117,143,143,2080,1993.03,934.83,1058.2,7.99,7.4,89.8,13.18,1,CIRCANA_SYNTHETIC,122.22,0.925,2026-09-03T10:30:00Z
FCT000374,W0009,01-29-2026,2025,5,Q2,MKT003,Chicago,IL,Midwest,CH003,Mass Merchandiser,RET001,National Grocery Co,National,CAT001,Deodorants & Fragrances,SUB005,Antiperspirant,MFG003,Henkel,BR011-Nivea,Nivea,PROD404,603,Nivea Antiperspirant Organic,18,PACK,3,342,270,72,72,18468,4665.42,3750.3,915.12,13.89,12.71,32.4,11.08,1,CIRCANA_SYNTHETIC,26.67,0.2354,2026-09-03T10:30:00Z
FCT000375,W0031,05-14-2026,2026,3,Q1,MKT003,Chicago,IL,Midwest,CH001,Grocery,RET002,Regional Foods,Regional,CAT001,Deodorants & Fragrances,SUB001,Aerosol Deodorant,MFG002,Procter & Gamble,BR006-Gillette,Gillette,PROD002,966,Gillette Aerosol Deodorant Organic,48,OZ,4,302,273,29,29,57984,3067.35,2784.6,282.75,10.2,9.75,56.4,7.45,1,CIRCANA_SYNTHETIC,10.62,0.0508,2026-09-03T10:30:00Z
FCT000376,W0018,12-25-2025,2025,11,Q4,MKT004,Houston,TX,South,CH003,Mass Merchandiser,RET002,Regional Foods,Regional,CAT001,Deodorants & Fragrances,SUB003,Roll-On Deodorant,MFG002,Procter & Gamble,BR010-Olay,Olay,PROD201,610,Olay Roll-On Deodorant Original,4,PACK,5,348,348,0,0,6960,2140.2,2140.2,0,6.15,6.15,89.0,3.77,0,CIRCANA_SYNTHETIC,0,0.3075,2026-09-03T10:30:00Z
FCT000377,W0021,07-02-2026,2026,1,Q1,MKT002,Los Angeles,CA,West,CH004,E-Commerce,RET003,Pharmacy Plus,Regional,CAT001,Deodorants & Fragrances,SUB001,Aerosol Deodorant,MFG005,Colgate Palmolive,BR021-Tom's,Tom's,PROD003,144,Tom's Aerosol Deodorant Fresh,48,ROLL,6,285,285,0,0,82080,6831.45,6831.45,0,23.97,23.97,64.6,0.19,0,CIRCANA_SYNTHETIC,0,0.0832,2026-09-03T10:30:00Z
FCT000378,W0052,08-13-2026,2026,12,Q4,MKT003,Chicago,IL,Midwest,CH002,Drug Store,RET001,National Grocery Co,National,CAT001,Deodorants & Fragrances,SUB003,Roll-On Deodorant,MFG003,Henkel,BR013-Monsavon,Monsavon,PROD205,508,Monsavon Roll-On Deodorant Original,30,OZ,4,330,330,0,0,39600,2597.1,2597.1,0,7.87,7.87,38.0,11.59,0,CIRCANA_SYNTHETIC,0,0.0656,2026-09-03T10:30:00Z
FCT000379,W0020,01-29-2026,2025,7,Q3,MKT007,San Antonio,TX,South,CH004,E-Commerce,RET003,Pharmacy Plus,Regional,CAT001,Deodorants & Fragrances,SUB002,Stick Deodorant,MFG002,Procter & Gamble,BR006-Gillette,Gillette,PROD102,497,Gillette Stick Deodorant Classic,8,FL OZ,6,554,400,154,154,26592,2270.74,1684.0,586.74,4.21,3.81,35.0,6.74,1,CIRCANA_SYNTHETIC,38.5,0.0794,2026-09-03T10:30:00Z
FCT000380,W0012,02-26-2026,2025,11,Q4,MKT007,San Antonio,TX,South,CH001,Grocery,RET004,Online Direct,National,CAT001,Deodorants & Fragrances,SUB005,Antiperspirant,MFG003,Henkel,BR015-Right Guard,Right Guard,PROD405,744,Right Guard Antiperspirant Fresh,24,ROLL,6,107,97,10,10,15408,762.72,694.52,68.2,7.16,6.82,31.6,7.48,1,CIRCANA_SYNTHETIC,10.31,0.0474,2026-09-03T10:30:00Z
FCT000381,W0009,11-06-2025,2025,5,Q2,MKT007,San Antonio,TX,South,CH001,Grocery,RET004,Online Direct,National,CAT001,Deodorants & Fragrances,SUB003,Roll-On Deodorant,MFG003,Henkel,BR012-Fa,Fa,PROD204,210,Fa Roll-On Deodorant Fresh,30,FL OZ,5,317,317,0,0,47550,982.7,982.7,0,3.1,3.1,25.7,0.77,0,CIRCANA_SYNTHETIC,0,0.0207,2026-09-03T10:30:00Z
FCT000382,W0038,07-30-2026,2026,9,Q3,MKT008,San Diego,CA,West,CH005,Club,RET003,Pharmacy Plus,Regional,CAT001,Deodorants & Fragrances,SUB004,Gel Deodorant,MFG003,Henkel,BR013-Monsavon,Monsavon,PROD301,821,Monsavon Gel Deodorant Light,48,CT,2,108,108,0,0,10368,2310.12,2310.12,0,21.39,21.39,23.4,6.3,0,CIRCANA_SYNTHETIC,0,0.2228,2026-09-03T10:30:00Z
FCT000383,W0014,06-18-2026,2026,2,Q1,MKT008,San Diego,CA,West,CH005,Club,RET003,Pharmacy Plus,Regional,CAT001,Deodorants & Fragrances,SUB005,Antiperspirant,MFG003,Henkel,BR012-Fa,Fa,PROD404,571,Fa Antiperspirant Classic,6,ROLL,5,668,496,172,172,20040,1572.04,1195.36,376.68,2.41,2.19,21.0,9.87,1,CIRCANA_SYNTHETIC,34.68,0.073,2026-09-03T10:30:00Z
FCT000384,W0009,07-09-2026,2026,1,Q1,MKT010,San Jose,CA,West,CH003,Mass Merchandiser,RET004,Online Direct,National,CAT001,Deodorants & Fragrances,SUB003,Roll-On Deodorant,MFG003,Henkel,BR011-Nivea,Nivea,PROD205,546,Nivea Roll-On Deodorant Fresh,4,CT,1,107,107,0,0,428,728.67,728.67,0,6.81,6.81,68.6,9.78,0,CIRCANA_SYNTHETIC,0,1.7025,2026-09-03T10:30:00Z
FCT000385,W0008,06-25-2026,2026,3,Q1,MKT008,San Diego,CA,West,CH002,Drug Store,RET004,Online Direct,National,CAT001,Deodorants & Fragrances,SUB001,Aerosol Deodorant,MFG004,Church & Dwight,BR016-Arm-Hammer,Arm,PROD003,441,Arm Aerosol Deodorant Original,4,ROLL,5,418,298,120,120,8360,3072.44,2258.84,813.6,7.58,6.78,82.2,5.94,1,CIRCANA_SYNTHETIC,40.27,0.339,2026-09-03T10:30:00Z
FCT000386,W0003,01-29-2026,2025,7,Q3,MKT008,San Diego,CA,West,CH005,Club,RET005,Warehouse Club,National,CAT001,Deodorants & Fragrances,SUB004,Gel Deodorant,MFG005,Colgate Palmolive,BR023-Colgate,Colgate,PROD304,374,Colgate Gel Deodorant Classic,48,CT,6,463,312,151,151,133344,1498.7,1060.8,437.9,3.4,2.9,63.2,8.34,1,CIRCANA_SYNTHETIC,48.4,0.0101,2026-09-03T10:30:00Z
FCT000387,W0011,04-30-2026,2026,12,Q4,MKT010,San Jose,CA,West,CH003,Mass Merchandiser,RET004,Online Direct,National,CAT001,Deodorants & Fragrances,SUB001,Aerosol Deodorant,MFG004,Church & Dwight,BR016-Arm-Hammer,Arm,PROD004,716,Arm Aerosol Deodorant Classic,24,ROLL,2,290,290,0,0,13920,3967.2,3967.2,0,13.68,13.68,64.1,10.31,0,CIRCANA_SYNTHETIC,0,0.285,2026-09-03T10:30:00Z
FCT000388,W0014,04-30-2026,2026,12,Q4,MKT007,San Antonio,TX,South,CH003,Mass Merchandiser,RET004,Online Direct,National,CAT001,Deodorants & Fragrances,SUB003,Roll-On Deodorant,MFG002,Procter & Gamble,BR010-Olay,Olay,PROD204,525,Olay Roll-On Deodorant Classic,48,CT,2,391,391,0,0,37536,2576.69,2576.69,0,6.59,6.59,65.4,1.6,0,CIRCANA_SYNTHETIC,0,0.0686,2026-09-03T10:30:00Z
FCT000389,W0023,11-06-2025,2025,3,Q1,MKT009,Dallas,TX,South,CH001,Grocery,RET001,National Grocery Co,National,CAT001,Deodorants & Fragrances,SUB002,Stick Deodorant,MFG003,Henkel,BR013-Monsavon,Monsavon,PROD102,329,Monsavon Stick Deodorant Classic,4,OZ,3,473,473,0,0,5676,5628.7,5628.7,0,11.9,11.9,66.3,1.9,0,CIRCANA_SYNTHETIC,0,0.9917,2026-09-03T10:30:00Z
FCT000390,W0039,11-13-2025,2025,2,Q1,MKT001,New York,NY,Northeast,CH005,Club,RET003,Pharmacy Plus,Regional,CAT001,Deodorants & Fragrances,SUB003,Roll-On Deodorant,MFG002,Procter & Gamble,BR010-Olay,Olay,PROD203,204,Olay Roll-On Deodorant Fresh,48,OZ,1,274,274,0,0,13152,5474.52,5474.52,0,19.98,19.98,65.7,12.89,0,CIRCANA_SYNTHETIC,0,0.4163,2026-09-03T10:30:00Z
FCT000391,W0047,04-30-2026,2026,12,Q4,MKT003,Chicago,IL,Midwest,CH001,Grocery,RET002,Regional Foods,Regional,CAT001,Deodorants & Fragrances,SUB005,Antiperspirant,MFG003,Henkel,BR012-Fa,Fa,PROD401,549,Fa Antiperspirant Classic,48,OZ,2,569,440,129,129,54624,9388.0,7427.2,1960.8,16.88,15.2,30.3,12.74,1,CIRCANA_SYNTHETIC,29.32,0.1583,2026-09-03T10:30:00Z
FCT000392,W0018,03-26-2026,2026,12,Q4,MKT006,Philadelphia,PA,Northeast,CH003,Mass Merchandiser,RET005,Warehouse Club,National,CAT001,Deodorants & Fragrances,SUB002,Stick Deodorant,MFG002,Procter & Gamble,BR006-Gillette,Gillette,PROD104,519,Gillette Stick Deodorant Classic,12,CT,5,395,234,161,161,23700,4404.15,2737.8,1666.35,11.7,10.35,80.1,6.26,1,CIRCANA_SYNTHETIC,68.8,0.1725,2026-09-03T10:30:00Z
FCT000393,W0022,04-16-2026,2026,7,Q3,MKT003,Chicago,IL,Midwest,CH001,Grocery,RET005,Warehouse Club,National,CAT001,Deodorants & Fragrances,SUB001,Aerosol Deodorant,MFG001,Unilever,BR001-Dove,Dove,PROD004,159,Dove Aerosol Deodorant Fresh,4,ROLL,1,272,272,0,0,1088,4672.96,4672.96,0,17.18,17.18,68.1,13.55,0,CIRCANA_SYNTHETIC,0,4.295,2026-09-03T10:30:00Z
FCT000394,W0018,01-15-2026,2025,10,Q4,MKT009,Dallas,TX,South,CH003,Mass Merchandiser,RET003,Pharmacy Plus,Regional,CAT001,Deodorants & Fragrances,SUB004,Gel Deodorant,MFG003,Henkel,BR011-Nivea,Nivea,PROD304,767,Nivea Gel Deodorant Classic,30,ROLL,6,408,408,0,0,73440,2741.76,2741.76,0,6.72,6.72,60.8,11.85,0,CIRCANA_SYNTHETIC,0,0.0373,2026-09-03T10:30:00Z
FCT000395,W0025,10-16-2025,2025,12,Q4,MKT005,Phoenix,AZ,West,CH001,Grocery,RET001,National Grocery Co,National,CAT001,Deodorants & Fragrances,SUB004,Gel Deodorant,MFG005,Colgate Palmolive,BR023-Colgate,Colgate,PROD302,750,Colgate Gel Deodorant Organic,18,CT,1,316,316,0,0,5688,4351.32,4351.32,0,13.77,13.77,43.4,5.18,0,CIRCANA_SYNTHETIC,0,0.765,2026-09-03T10:30:00Z
FCT000396,W0033,07-16-2026,2026,12,Q4,MKT010,San Jose,CA,West,CH003,Mass Merchandiser,RET002,Regional Foods,Regional,CAT001,Deodorants & Fragrances,SUB001,Aerosol Deodorant,MFG003,Henkel,BR014-Dial,Dial,PROD005,227,Dial Aerosol Deodorant Classic,24,FL OZ,6,480,480,0,0,69120,6561.6,6561.6,0,13.67,13.67,29.3,11.37,0,CIRCANA_SYNTHETIC,0,0.0949,2026-09-03T10:30:00Z
FCT000397,W0046,11-27-2025,2025,11,Q4,MKT008,San Diego,CA,West,CH003,Mass Merchandiser,RET002,Regional Foods,Regional,CAT001,Deodorants & Fragrances,SUB005,Antiperspirant,MFG005,Colgate Palmolive,BR025-Palmolive,Palmolive,PROD401,831,Palmolive Antiperspirant Classic,18,FL OZ,6,229,229,0,0,24732,4591.45,4591.45,0,20.05,20.05,73.6,10.12,0,CIRCANA_SYNTHETIC,0,0.1856,2026-09-03T10:30:00Z
FCT000398,W0007,07-02-2026,2026,12,Q4,MKT009,Dallas,TX,South,CH005,Club,RET002,Regional Foods,Regional,CAT001,Deodorants & Fragrances,SUB001,Aerosol Deodorant,MFG003,Henkel,BR014-Dial,Dial,PROD003,793,Dial Aerosol Deodorant Fresh,6,OZ,1,579,474,105,105,3474,6653.13,5578.98,1074.15,11.77,10.23,36.1,1.26,1,CIRCANA_SYNTHETIC,22.15,1.705,2026-09-03T10:30:00Z
FCT000399,W0041,02-26-2026,2025,8,Q3,MKT009,Dallas,TX,South,CH004,E-Commerce,RET003,Pharmacy Plus,Regional,CAT001,Deodorants & Fragrances,SUB005,Antiperspirant,MFG005,Colgate Palmolive,BR024-Lady-Speed-Stick,Lady,PROD405,983,Lady Antiperspirant Fresh,8,CT,5,530,424,106,106,21200,2585.34,2086.08,499.26,4.92,4.71,29.7,10.6,1,CIRCANA_SYNTHETIC,25.0,0.1177,2026-09-03T10:30:00Z
FCT000400,W0008,12-11-2025,2025,7,Q3,MKT008,San Diego,CA,West,CH001,Grocery,RET002,Regional Foods,Regional,CAT001,Deodorants & Fragrances,SUB002,Stick Deodorant,MFG005,Colgate Palmolive,BR023-Colgate,Colgate,PROD104,483,Colgate Stick Deodorant Light,24,PACK,3,111,111,0,0,7992,325.23,325.23,0,2.93,2.93,31.5,5.63,0,CIRCANA_SYNTHETIC,0,0.0407,2026-09-03T10:30:00Z
FCT000401,W0020,04-30-2026,2026,4,Q2,MKT003,Chicago,IL,Midwest,CH002,Drug Store,RET005,Warehouse Club,National,CAT001,Deodorants & Fragrances,SUB004,Gel Deodorant,MFG004,Church & Dwight,BR016-Arm-Hammer,Arm,PROD301,592,Arm Gel Deodorant Fresh,48,OZ,1,469,469,0,0,22512,6842.71,6842.71,0,14.59,14.59,25.1,0.77,0,CIRCANA_SYNTHETIC,0,0.304,2026-09-03T10:30:00Z
FCT000402,W0049,07-09-2026,2026,9,Q3,MKT006,Philadelphia,PA,Northeast,CH004,E-Commerce,RET004,Online Direct,National,CAT001,Deodorants & Fragrances,SUB005,Antiperspirant,MFG005,Colgate Palmolive,BR022-Speed-Stick,Speed,PROD404,338,Speed Antiperspirant Classic,48,CT,6,554,439,115,115,159552,5219.72,4161.72,1058.0,9.48,9.2,69.8,6.2,1,CIRCANA_SYNTHETIC,26.2,0.0319,2026-09-03T10:30:00Z
FCT000403,W0037,11-27-2025,2025,12,Q4,MKT008,San Diego,CA,West,CH003,Mass Merchandiser,RET001,National Grocery Co,National,CAT001,Deodorants & Fragrances,SUB005,Antiperspirant,MFG002,Procter & Gamble,BR006-Gillette,Gillette,PROD401,683,Gillette Antiperspirant Fresh,6,PACK,1,502,337,165,165,3012,3166.81,2166.91,999.9,6.43,6.06,63.3,0.89,1,CIRCANA_SYNTHETIC,48.96,1.01,2026-09-03T10:30:00Z
FCT000404,W0018,09-18-2025,2025,4,Q2,MKT001,New York,NY,Northeast,CH001,Grocery,RET005,Warehouse Club,National,CAT001,Deodorants & Fragrances,SUB004,Gel Deodorant,MFG002,Procter & Gamble,BR006-Gillette,Gillette,PROD305,982,Gillette Gel Deodorant Original,48,OZ,5,474,474,0,0,113760,7565.04,7565.04,0,15.96,15.96,50.1,0.77,0,CIRCANA_SYNTHETIC,0,0.0665,2026-09-03T10:30:00Z
FCT000405,W0017,07-30-2026,2026,2,Q1,MKT007,San Antonio,TX,South,CH001,Grocery,RET005,Warehouse Club,National,CAT001,Deodorants & Fragrances,SUB004,Gel Deodorant,MFG003,Henkel,BR014-Dial,Dial,PROD302,517,Dial Gel Deodorant Organic,8,FL OZ,2,327,327,0,0,5232,2027.4,2027.4,0,6.2,6.2,77.6,2.4,0,CIRCANA_SYNTHETIC,0,0.3875,2026-09-03T10:30:00Z
FCT000406,W0007,04-16-2026,2026,3,Q1,MKT003,Chicago,IL,Midwest,CH001,Grocery,RET001,National Grocery Co,National,CAT001,Deodorants & Fragrances,SUB005,Antiperspirant,MFG003,Henkel,BR014-Dial,Dial,PROD403,870,Dial Antiperspirant Fresh,30,OZ,1,281,215,66,66,8430,1854.96,1431.9,423.06,6.66,6.41,64.0,7.45,1,CIRCANA_SYNTHETIC,30.7,0.2137,2026-09-03T10:30:00Z
FCT000407,W0005,02-05-2026,2025,1,Q1,MKT001,New York,NY,Northeast,CH003,Mass Merchandiser,RET004,Online Direct,National,CAT001,Deodorants & Fragrances,SUB001,Aerosol Deodorant,MFG005,Colgate Palmolive,BR024-Lady-Speed-Stick,Lady,PROD003,904,Lady Aerosol Deodorant Organic,4,FL OZ,5,433,374,59,59,8660,10391.66,9035.84,1355.82,24.16,22.98,38.5,8.37,1,CIRCANA_SYNTHETIC,15.78,1.149,2026-09-03T10:30:00Z
FCT000408,W0024,01-08-2026,2025,3,Q1,MKT008,San Diego,CA,West,CH001,Grocery,RET005,Warehouse Club,National,CAT001,Deodorants & Fragrances,SUB005,Antiperspirant,MFG002,Procter & Gamble,BR007-Old Spice,Old Spice,PROD404,735,Old Spice Antiperspirant Light,30,PACK,4,325,325,0,0,39000,962.0,962.0,0,2.96,2.96,80.9,14.42,0,CIRCANA_SYNTHETIC,0,0.0247,2026-09-03T10:30:00Z
FCT000409,W0023,11-27-2025,2025,4,Q2,MKT008,San Diego,CA,West,CH003,Mass Merchandiser,RET005,Warehouse Club,National,CAT001,Deodorants & Fragrances,SUB001,Aerosol Deodorant,MFG003,Henkel,BR014-Dial,Dial,PROD001,386,Dial Aerosol Deodorant Classic,6,FL OZ,1,114,73,41,41,684,1204.4,809.57,394.83,11.09,9.63,30.5,8.39,1,CIRCANA_SYNTHETIC,56.16,1.605,2026-09-03T10:30:00Z
FCT000410,W0016,11-13-2025,2025,6,Q2,MKT006,Philadelphia,PA,Northeast,CH003,Mass Merchandiser,RET003,Pharmacy Plus,Regional,CAT001,Deodorants & Fragrances,SUB005,Antiperspirant,MFG004,Church & Dwight,BR018-Purity,Purity,PROD405,109,Purity Antiperspirant Organic,24,OZ,6,274,157,117,117,39456,1384.9,797.56,587.34,5.08,5.02,65.7,0.16,1,CIRCANA_SYNTHETIC,74.52,0.0349,2026-09-03T10:30:00Z
FCT000411,W0002,09-04-2025,2025,11,Q4,MKT007,San Antonio,TX,South,CH005,Club,RET001,National Grocery Co,National,CAT001,Deodorants & Fragrances,SUB005,Antiperspirant,MFG001,Unilever,BR005-Lume,Lume,PROD404,108,Lume Antiperspirant Original,24,ROLL,5,425,394,31,31,51000,4308.69,4030.62,278.07,10.23,8.97,77.6,10.49,1,CIRCANA_SYNTHETIC,7.87,0.0748,2026-09-03T10:30:00Z
FCT000412,W0044,10-23-2025,2025,6,Q2,MKT008,San Diego,CA,West,CH001,Grocery,RET002,Regional Foods,Regional,CAT001,Deodorants & Fragrances,SUB003,Roll-On Deodorant,MFG001,Unilever,BR003-Degree,Degree,PROD202,604,Degree Roll-On Deodorant Fresh,18,CT,2,96,96,0,0,3456,2355.84,2355.84,0,24.54,24.54,92.5,0.65,0,CIRCANA_SYNTHETIC,0,0.6817,2026-09-03T10:30:00Z
FCT000413,W0032,06-25-2026,2026,9,Q3,MKT007,San Antonio,TX,South,CH001,Grocery,RET003,Pharmacy Plus,Regional,CAT001,Deodorants & Fragrances,SUB001,Aerosol Deodorant,MFG005,Colgate Palmolive,BR025-Palmolive,Palmolive,PROD002,683,Palmolive Aerosol Deodorant Organic,8,OZ,5,387,387,0,0,15480,1915.65,1915.65,0,4.95,4.95,24.9,3.97,0,CIRCANA_SYNTHETIC,0,0.1237,2026-09-03T10:30:00Z
FCT000414,W0001,02-26-2026,2025,11,Q4,MKT009,Dallas,TX,South,CH005,Club,RET003,Pharmacy Plus,Regional,CAT001,Deodorants & Fragrances,SUB002,Stick Deodorant,MFG005,Colgate Palmolive,BR024-Lady-Speed-Stick,Lady,PROD101,470,Lady Stick Deodorant Fresh,24,ROLL,4,487,487,0,0,46752,4042.1,4042.1,0,8.3,8.3,71.0,7.05,0,CIRCANA_SYNTHETIC,0,0.0865,2026-09-03T10:30:00Z
FCT000415,W0001,03-12-2026,2026,4,Q2,MKT005,Phoenix,AZ,West,CH004,E-Commerce,RET005,Warehouse Club,National,CAT001,Deodorants & Fragrances,SUB002,Stick Deodorant,MFG004,Church & Dwight,BR018-Purity,Purity,PROD101,418,Purity Stick Deodorant Original,4,CT,6,237,91,146,146,5688,2546.77,1069.25,1477.52,11.75,10.12,38.7,2.55,1,CIRCANA_SYNTHETIC,160.44,0.4217,2026-09-03T10:30:00Z
FCT000416,W0016,07-23-2026,2026,8,Q3,MKT007,San Antonio,TX,South,CH001,Grocery,RET005,Warehouse Club,National,CAT001,Deodorants & Fragrances,SUB001,Aerosol Deodorant,MFG003,Henkel,BR013-Monsavon,Monsavon,PROD004,734,Monsavon Aerosol Deodorant Classic,4,FL OZ,5,224,224,0,0,4480,4538.24,4538.24,0,20.26,20.26,90.8,11.66,0,CIRCANA_SYNTHETIC,0,1.013,2026-09-03T10:30:00Z
FCT000417,W0021,10-30-2025,2025,2,Q1,MKT002,Los Angeles,CA,West,CH001,Grocery,RET001,National Grocery Co,National,CAT001,Deodorants & Fragrances,SUB004,Gel Deodorant,MFG001,Unilever,BR004-Rexona,Rexona,PROD305,157,Rexona Gel Deodorant Fresh,48,OZ,3,81,81,0,0,11664,1300.05,1300.05,0,16.05,16.05,52.4,1.62,0,CIRCANA_SYNTHETIC,0,0.1115,2026-09-03T10:30:00Z
FCT000418,W0039,09-18-2025,2025,11,Q4,MKT007,San Antonio,TX,South,CH001,Grocery,RET005,Warehouse Club,National,CAT001,Deodorants & Fragrances,SUB003,Roll-On Deodorant,MFG004,Church & Dwight,BR017-Nubian,Nubian,PROD204,791,Nubian Roll-On Deodorant Original,30,ROLL,4,282,282,0,0,33840,6271.68,6271.68,0,22.24,22.24,66.4,5.16,0,CIRCANA_SYNTHETIC,0,0.1853,2026-09-03T10:30:00Z
FCT000419,W0039,10-23-2025,2025,2,Q1,MKT010,San Jose,CA,West,CH002,Drug Store,RET001,National Grocery Co,National,CAT001,Deodorants & Fragrances,SUB005,Antiperspirant,MFG001,Unilever,BR001-Dove,Dove,PROD403,290,Dove Antiperspirant Organic,8,PACK,3,343,343,0,0,8232,3488.31,3488.31,0,10.17,10.17,56.1,9.35,0,CIRCANA_SYNTHETIC,0,0.4238,2026-09-03T10:30:00Z
FCT000420,W0042,10-02-2025,2025,6,Q2,MKT003,Chicago,IL,Midwest,CH003,Mass Merchandiser,RET005,Warehouse Club,National,CAT001,Deodorants & Fragrances,SUB001,Aerosol Deodorant,MFG004,Church & Dwight,BR020-Trojan,Trojan,PROD001,700,Trojan Aerosol Deodorant Organic,8,CT,4,486,348,138,138,15552,4298.4,3166.8,1131.6,9.1,8.2,47.7,0.22,1,CIRCANA_SYNTHETIC,39.66,0.2562,2026-09-03T10:30:00Z
FCT000421,W0013,11-27-2025,2025,4,Q2,MKT009,Dallas,TX,South,CH001,Grocery,RET004,Online Direct,National,CAT001,Deodorants & Fragrances,SUB002,Stick Deodorant,MFG003,Henkel,BR012-Fa,Fa,PROD105,972,Fa Stick Deodorant Fresh,12,ROLL,6,224,224,0,0,16128,4011.84,4011.84,0,17.91,17.91,55.1,10.42,0,CIRCANA_SYNTHETIC,0,0.2487,2026-09-03T10:30:00Z
FCT000422,W0051,08-20-2026,2026,8,Q3,MKT007,San Antonio,TX,South,CH003,Mass Merchandiser,RET002,Regional Foods,Regional,CAT001,Deodorants & Fragrances,SUB005,Antiperspirant,MFG001,Unilever,BR004-Rexona,Rexona,PROD403,934,Rexona Antiperspirant Light,12,CT,4,51,51,0,0,2448,833.85,833.85,0,16.35,16.35,37.9,11.05,0,CIRCANA_SYNTHETIC,0,0.3406,2026-09-03T10:30:00Z
FCT000423,W0023,08-27-2026,2026,9,Q3,MKT003,Chicago,IL,Midwest,CH001,Grocery,RET003,Pharmacy Plus,Regional,CAT001,Deodorants & Fragrances,SUB002,Stick Deodorant,MFG001,Unilever,BR001-Dove,Dove,PROD104,130,Dove Stick Deodorant Organic,18,ROLL,2,122,122,0,0,4392,2015.44,2015.44,0,16.52,16.52,88.5,5.46,0,CIRCANA_SYNTHETIC,0,0.4589,2026-09-03T10:30:00Z
FCT000424,W0016,06-18-2026,2026,4,Q2,MKT004,Houston,TX,South,CH003,Mass Merchandiser,RET002,Regional Foods,Regional,CAT001,Deodorants & Fragrances,SUB003,Roll-On Deodorant,MFG003,Henkel,BR015-Right Guard,Right Guard,PROD202,213,Right Guard Roll-On Deodorant Light,18,OZ,1,140,140,0,0,2520,2956.8,2956.8,0,21.12,21.12,30.3,9.86,0,CIRCANA_SYNTHETIC,0,1.1733,2026-09-03T10:30:00Z
FCT000425,W0052,12-04-2025,2025,7,Q3,MKT004,Houston,TX,South,CH003,Mass Merchandiser,RET003,Pharmacy Plus,Regional,CAT001,Deodorants & Fragrances,SUB003,Roll-On Deodorant,MFG002,Procter & Gamble,BR010-Olay,Olay,PROD204,713,Olay Roll-On Deodorant Classic,8,CT,2,110,110,0,0,1760,705.1,705.1,0,6.41,6.41,48.4,5.68,0,CIRCANA_SYNTHETIC,0,0.4006,2026-09-03T10:30:00Z
FCT000426,W0021,05-21-2026,2026,1,Q1,MKT010,San Jose,CA,West,CH002,Drug Store,RET005,Warehouse Club,National,CAT001,Deodorants & Fragrances,SUB001,Aerosol Deodorant,MFG003,Henkel,BR012-Fa,Fa,PROD005,620,Fa Aerosol Deodorant Classic,48,CT,6,528,496,32,32,152064,2033.44,1919.52,113.92,3.87,3.56,69.8,1.07,1,CIRCANA_SYNTHETIC,6.45,0.0124,2026-09-03T10:30:00Z
FCT000427,W0045,02-05-2026,2025,12,Q4,MKT008,San Diego,CA,West,CH002,Drug Store,RET003,Pharmacy Plus,Regional,CAT001,Deodorants & Fragrances,SUB004,Gel Deodorant,MFG003,Henkel,BR015-Right Guard,Right Guard,PROD305,505,Right Guard Gel Deodorant Organic,30,PACK,6,360,292,68,68,64800,999.96,829.28,170.68,2.84,2.51,35.2,12.96,1,CIRCANA_SYNTHETIC,23.29,0.0139,2026-09-03T10:30:00Z
FCT000428,W0006,07-09-2026,2026,2,Q1,MKT010,San Jose,CA,West,CH002,Drug Store,RET003,Pharmacy Plus,Regional,CAT001,Deodorants & Fragrances,SUB004,Gel Deodorant,MFG003,Henkel,BR015-Right Guard,Right Guard,PROD304,542,Right Guard Gel Deodorant Classic,24,CT,5,409,277,132,132,49080,1177.51,817.15,360.36,2.95,2.73,45.2,6.82,1,CIRCANA_SYNTHETIC,47.65,0.0227,2026-09-03T10:30:00Z
FCT000429,W0015,05-14-2026,2026,11,Q4,MKT005,Phoenix,AZ,West,CH004,E-Commerce,RET001,National Grocery Co,National,CAT001,Deodorants & Fragrances,SUB004,Gel Deodorant,MFG002,Procter & Gamble,BR009-Native,Native,PROD303,333,Native Gel Deodorant Original,6,FL OZ,5,233,233,0,0,6990,3213.07,3213.07,0,13.79,13.79,68.3,11.81,0,CIRCANA_SYNTHETIC,0,0.4597,2026-09-03T10:30:00Z
FCT000430,W0044,04-09-2026,2026,5,Q2,MKT001,New York,NY,Northeast,CH005,Club,RET002,Regional Foods,Regional,CAT001,Deodorants & Fragrances,SUB001,Aerosol Deodorant,MFG003,Henkel,BR012-Fa,Fa,PROD003,656,Fa Aerosol Deodorant Light,18,CT,6,627,431,196,196,67716,9561.23,6848.59,2712.64,15.89,13.84,84.1,10.77,1,CIRCANA_SYNTHETIC,45.48,0.1281,2026-09-03T10:30:00Z
FCT000431,W0031,11-20-2025,2025,9,Q3,MKT006,Philadelphia,PA,Northeast,CH004,E-Commerce,RET004,Online Direct,National,CAT001,Deodorants & Fragrances,SUB003,Roll-On Deodorant,MFG005,Colgate Palmolive,BR021-Tom's,Tom's,PROD203,701,Tom's Roll-On Deodorant Fresh,30,CT,2,493,493,0,0,29580,9189.52,9189.52,0,18.64,18.64,35.7,3.58,0,CIRCANA_SYNTHETIC,0,0.3107,2026-09-03T10:30:00Z
FCT000432,W0014,02-19-2026,2025,8,Q3,MKT002,Los Angeles,CA,West,CH003,Mass Merchandiser,RET002,Regional Foods,Regional,CAT001,Deodorants & Fragrances,SUB004,Gel Deodorant,MFG004,Church & Dwight,BR019-Brut,Brut,PROD303,774,Brut Gel Deodorant Light,8,PACK,2,241,241,0,0,3856,2176.23,2176.23,0,9.03,9.03,75.3,7.55,0,CIRCANA_SYNTHETIC,0,0.5644,2026-09-03T10:30:00Z
FCT000433,W0038,08-27-2026,2026,10,Q4,MKT007,San Antonio,TX,South,CH004,E-Commerce,RET005,Warehouse Club,National,CAT001,Deodorants & Fragrances,SUB002,Stick Deodorant,MFG003,Henkel,BR013-Monsavon,Monsavon,PROD104,987,Monsavon Stick Deodorant Classic,8,FL OZ,5,121,121,0,0,4840,1995.29,1995.29,0,16.49,16.49,65.2,9.16,0,CIRCANA_SYNTHETIC,0,0.4122,2026-09-03T10:30:00Z
FCT000434,W0007,04-09-2026,2026,10,Q4,MKT002,Los Angeles,CA,West,CH005,Club,RET004,Online Direct,National,CAT001,Deodorants & Fragrances,SUB002,Stick Deodorant,MFG002,Procter & Gamble,BR009-Native,Native,PROD104,127,Native Stick Deodorant Organic,6,CT,1,454,377,77,77,2724,7787.76,6605.04,1182.72,17.52,15.36,82.0,9.09,1,CIRCANA_SYNTHETIC,20.42,2.56,2026-09-03T10:30:00Z
FCT000435,W0005,02-12-2026,2025,1,Q1,MKT005,Phoenix,AZ,West,CH002,Drug Store,RET002,Regional Foods,Regional,CAT001,Deodorants & Fragrances,SUB001,Aerosol Deodorant,MFG003,Henkel,BR015-Right Guard,Right Guard,PROD004,860,Right Guard Aerosol Deodorant Original,8,FL OZ,4,317,315,2,2,10144,3486.96,3465.0,21.96,11.0,10.98,29.7,6.33,1,CIRCANA_SYNTHETIC,0.63,0.3431,2026-09-03T10:30:00Z
FCT000436,W0039,12-25-2025,2025,5,Q2,MKT004,Houston,TX,South,CH003,Mass Merchandiser,RET004,Online Direct,National,CAT001,Deodorants & Fragrances,SUB002,Stick Deodorant,MFG004,Church & Dwight,BR017-Nubian,Nubian,PROD102,508,Nubian Stick Deodorant Fresh,48,FL OZ,2,307,307,0,0,29472,666.19,666.19,0,2.17,2.17,30.7,1.05,0,CIRCANA_SYNTHETIC,0,0.0226,2026-09-03T10:30:00Z
FCT000437,W0003,10-09-2025,2025,2,Q1,MKT010,San Jose,CA,West,CH004,E-Commerce,RET004,Online Direct,National,CAT001,Deodorants & Fragrances,SUB005,Antiperspirant,MFG004,Church & Dwight,BR020-Trojan,Trojan,PROD403,732,Trojan Antiperspirant Classic,24,FL OZ,4,496,380,116,116,47616,7932.24,6118.0,1814.24,16.1,15.64,33.1,3.81,1,CIRCANA_SYNTHETIC,30.53,0.1629,2026-09-03T10:30:00Z
FCT000438,W0011,05-07-2026,2026,11,Q4,MKT010,San Jose,CA,West,CH001,Grocery,RET004,Online Direct,National,CAT001,Deodorants & Fragrances,SUB004,Gel Deodorant,MFG001,Unilever,BR002-Axe,Axe,PROD302,207,Axe Gel Deodorant Fresh,12,ROLL,4,408,391,17,17,19584,10098.34,9704.62,393.72,24.82,23.16,94.6,1.24,1,CIRCANA_SYNTHETIC,4.35,0.4825,2026-09-03T10:30:00Z
FCT000439,W0030,08-27-2026,2026,2,Q1,MKT003,Chicago,IL,Midwest,CH003,Mass Merchandiser,RET002,Regional Foods,Regional,CAT001,Deodorants & Fragrances,SUB004,Gel Deodorant,MFG005,Colgate Palmolive,BR021-Tom's,Tom's,PROD304,786,Tom's Gel Deodorant Classic,30,CT,4,332,245,87,87,39840,925.0,703.15,221.85,2.87,2.55,73.2,2.13,1,CIRCANA_SYNTHETIC,35.51,0.0212,2026-09-03T10:30:00Z
FCT000440,W0031,09-04-2025,2025,5,Q2,MKT002,Los Angeles,CA,West,CH005,Club,RET002,Regional Foods,Regional,CAT001,Deodorants & Fragrances,SUB004,Gel Deodorant,MFG004,Church & Dwight,BR017-Nubian,Nubian,PROD301,272,Nubian Gel Deodorant Original,4,PACK,1,137,137,0,0,548,832.96,832.96,0,6.08,6.08,29.3,11.15,0,CIRCANA_SYNTHETIC,0,1.52,2026-09-03T10:30:00Z
FCT000441,W0044,01-08-2026,2025,4,Q2,MKT008,San Diego,CA,West,CH003,Mass Merchandiser,RET002,Regional Foods,Regional,CAT001,Deodorants & Fragrances,SUB003,Roll-On Deodorant,MFG002,Procter & Gamble,BR006-Gillette,Gillette,PROD202,885,Gillette Roll-On Deodorant Organic,6,ROLL,6,418,406,12,12,15048,3784.14,3690.54,93.6,9.09,7.8,20.3,11.61,1,CIRCANA_SYNTHETIC,2.96,0.2167,2026-09-03T10:30:00Z
FCT000442,W0001,04-09-2026,2026,4,Q2,MKT004,Houston,TX,South,CH001,Grocery,RET001,National Grocery Co,National,CAT001,Deodorants & Fragrances,SUB003,Roll-On Deodorant,MFG004,Church & Dwight,BR016-Arm-Hammer,Arm,PROD202,434,Arm Roll-On Deodorant Light,6,CT,6,162,162,0,0,5832,946.08,946.08,0,5.84,5.84,51.2,1.7,0,CIRCANA_SYNTHETIC,0,0.1622,2026-09-03T10:30:00Z
FCT000443,W0014,07-23-2026,2026,6,Q2,MKT009,Dallas,TX,South,CH004,E-Commerce,RET004,Online Direct,National,CAT001,Deodorants & Fragrances,SUB005,Antiperspirant,MFG001,Unilever,BR002-Axe,Axe,PROD402,765,Axe Antiperspirant Fresh,30,FL OZ,1,141,138,3,3,4230,1541.28,1511.1,30.18,10.95,10.06,25.0,12.24,1,CIRCANA_SYNTHETIC,2.17,0.3353,2026-09-03T10:30:00Z
FCT000444,W0007,10-23-2025,2025,9,Q3,MKT004,Houston,TX,South,CH004,E-Commerce,RET003,Pharmacy Plus,Regional,CAT001,Deodorants & Fragrances,SUB001,Aerosol Deodorant,MFG005,Colgate Palmolive,BR024-Lady-Speed-Stick,Lady,PROD001,889,Lady Aerosol Deodorant Organic,6,PACK,3,178,178,0,0,3204,4373.46,4373.46,0,24.57,24.57,72.2,10.2,0,CIRCANA_SYNTHETIC,0,1.365,2026-09-03T10:30:00Z
FCT000445,W0038,02-19-2026,2025,7,Q3,MKT008,San Diego,CA,West,CH001,Grocery,RET003,Pharmacy Plus,Regional,CAT001,Deodorants & Fragrances,SUB002,Stick Deodorant,MFG001,Unilever,BR005-Lume,Lume,PROD103,855,Lume Stick Deodorant Classic,4,CT,1,307,307,0,0,1228,4967.26,4967.26,0,16.18,16.18,87.3,4.7,0,CIRCANA_SYNTHETIC,0,4.045,2026-09-03T10:30:00Z
FCT000446,W0013,07-02-2026,2026,7,Q3,MKT001,New York,NY,Northeast,CH002,Drug Store,RET003,Pharmacy Plus,Regional,CAT001,Deodorants & Fragrances,SUB005,Antiperspirant,MFG004,Church & Dwight,BR018-Purity,Purity,PROD401,436,Purity Antiperspirant Organic,4,CT,6,378,378,0,0,9072,5957.28,5957.28,0,15.76,15.76,90.9,11.11,0,CIRCANA_SYNTHETIC,0,0.6567,2026-09-03T10:30:00Z
FCT000447,W0047,04-09-2026,2026,6,Q2,MKT009,Dallas,TX,South,CH004,E-Commerce,RET003,Pharmacy Plus,Regional,CAT001,Deodorants & Fragrances,SUB003,Roll-On Deodorant,MFG001,Unilever,BR002-Axe,Axe,PROD201,633,Axe Roll-On Deodorant Light,4,CT,6,155,155,0,0,3720,2791.55,2791.55,0,18.01,18.01,36.7,13.1,0,CIRCANA_SYNTHETIC,0,0.7504,2026-09-03T10:30:00Z
FCT000448,W0041,07-02-2026,2026,4,Q2,MKT002,Los Angeles,CA,West,CH004,E-Commerce,RET001,National Grocery Co,National,CAT001,Deodorants & Fragrances,SUB004,Gel Deodorant,MFG002,Procter & Gamble,BR006-Gillette,Gillette,PROD301,180,Gillette Gel Deodorant Classic,8,PACK,5,96,96,0,0,3840,2027.52,2027.52,0,21.12,21.12,89.9,3.62,0,CIRCANA_SYNTHETIC,0,0.528,2026-09-03T10:30:00Z
FCT000449,W0016,04-23-2026,2026,5,Q2,MKT004,Houston,TX,South,CH002,Drug Store,RET004,Online Direct,National,CAT001,Deodorants & Fragrances,SUB003,Roll-On Deodorant,MFG002,Procter & Gamble,BR010-Olay,Olay,PROD202,532,Olay Roll-On Deodorant Fresh,18,ROLL,1,426,375,51,51,7668,10051.83,8951.25,1100.58,23.87,21.58,48.3,7.11,1,CIRCANA_SYNTHETIC,13.6,1.1989,2026-09-03T10:30:00Z
FCT000450,W0039,01-08-2026,2025,3,Q1,MKT001,New York,NY,Northeast,CH004,E-Commerce,RET004,Online Direct,National,CAT001,Deodorants & Fragrances,SUB002,Stick Deodorant,MFG001,Unilever,BR003-Degree,Degree,PROD104,173,Degree Stick Deodorant Light,30,ROLL,3,181,181,0,0,16290,2249.83,2249.83,0,12.43,12.43,48.1,9.13,0,CIRCANA_SYNTHETIC,0,0.1381,2026-09-03T10:30:00Z
FCT000451,W0047,10-16-2025,2025,6,Q2,MKT003,Chicago,IL,Midwest,CH002,Drug Store,RET001,National Grocery Co,National,CAT001,Deodorants & Fragrances,SUB004,Gel Deodorant,MFG001,Unilever,BR005-Lume,Lume,PROD302,139,Lume Gel Deodorant Original,30,FL OZ,4,363,257,106,106,43560,4738.12,3407.82,1330.3,13.26,12.55,64.1,6.19,1,CIRCANA_SYNTHETIC,41.25,0.1046,2026-09-03T10:30:00Z
FCT000452,W0046,01-29-2026,2025,11,Q4,MKT004,Houston,TX,South,CH004,E-Commerce,RET003,Pharmacy Plus,Regional,CAT001,Deodorants & Fragrances,SUB005,Antiperspirant,MFG003,Henkel,BR015-Right Guard,Right Guard,PROD402,823,Right Guard Antiperspirant Original,30,ROLL,6,420,406,14,14,75600,3217.2,3118.08,99.12,7.68,7.08,89.1,5.49,1,CIRCANA_SYNTHETIC,3.45,0.0393,2026-09-03T10:30:00Z
FCT000453,W0038,11-13-2025,2025,3,Q1,MKT008,San Diego,CA,West,CH002,Drug Store,RET003,Pharmacy Plus,Regional,CAT001,Deodorants & Fragrances,SUB003,Roll-On Deodorant,MFG002,Procter & Gamble,BR010-Olay,Olay,PROD205,293,Olay Roll-On Deodorant Classic,6,ROLL,4,109,109,0,0,2616,1988.16,1988.16,0,18.24,18.24,93.1,1.3,0,CIRCANA_SYNTHETIC,0,0.76,2026-09-03T10:30:00Z
FCT000454,W0020,10-16-2025,2025,7,Q3,MKT005,Phoenix,AZ,West,CH005,Club,RET005,Warehouse Club,National,CAT001,Deodorants & Fragrances,SUB004,Gel Deodorant,MFG004,Church & Dwight,BR020-Trojan,Trojan,PROD303,415,Trojan Gel Deodorant Original,24,CT,3,105,105,0,0,7560,2018.1,2018.1,0,19.22,19.22,89.8,6.03,0,CIRCANA_SYNTHETIC,0,0.2669,2026-09-03T10:30:00Z
FCT000455,W0042,04-30-2026,2026,12,Q4,MKT002,Los Angeles,CA,West,CH001,Grocery,RET004,Online Direct,National,CAT001,Deodorants & Fragrances,SUB004,Gel Deodorant,MFG005,Colgate Palmolive,BR024-Lady-Speed-Stick,Lady,PROD301,680,Lady Gel Deodorant Organic,24,CT,6,182,137,45,45,26208,908.83,697.33,211.5,5.09,4.7,57.7,1.74,1,CIRCANA_SYNTHETIC,32.85,0.0326,2026-09-03T10:30:00Z
FCT000456,W0041,12-04-2025,2025,2,Q1,MKT003,Chicago,IL,Midwest,CH002,Drug Store,RET003,Pharmacy Plus,Regional,CAT001,Deodorants & Fragrances,SUB002,Stick Deodorant,MFG004,Church & Dwight,BR019-Brut,Brut,PROD101,340,Brut Stick Deodorant Classic,18,OZ,4,90,90,0,0,6480,438.3,438.3,0,4.87,4.87,24.8,0.54,0,CIRCANA_SYNTHETIC,0,0.0676,2026-09-03T10:30:00Z
FCT000457,W0007,06-04-2026,2026,9,Q3,MKT001,New York,NY,Northeast,CH003,Mass Merchandiser,RET001,National Grocery Co,National,CAT001,Deodorants & Fragrances,SUB001,Aerosol Deodorant,MFG005,Colgate Palmolive,BR021-Tom's,Tom's,PROD001,798,Tom's Aerosol Deodorant Light,18,ROLL,4,242,242,0,0,17424,4697.22,4697.22,0,19.41,19.41,65.3,5.11,0,CIRCANA_SYNTHETIC,0,0.2696,2026-09-03T10:30:00Z
FCT000458,W0022,09-11-2025,2025,2,Q1,MKT007,San Antonio,TX,South,CH004,E-Commerce,RET005,Warehouse Club,National,CAT001,Deodorants & Fragrances,SUB002,Stick Deodorant,MFG001,Unilever,BR003-Degree,Degree,PROD103,816,Degree Stick Deodorant Organic,30,CT,1,283,283,0,0,8490,4482.72,4482.72,0,15.84,15.84,85.2,4.26,0,CIRCANA_SYNTHETIC,0,0.528,2026-09-03T10:30:00Z
FCT000459,W0041,09-04-2025,2025,6,Q2,MKT008,San Diego,CA,West,CH005,Club,RET004,Online Direct,National,CAT001,Deodorants & Fragrances,SUB004,Gel Deodorant,MFG002,Procter & Gamble,BR006-Gillette,Gillette,PROD305,509,Gillette Gel Deodorant Fresh,24,OZ,6,374,374,0,0,53856,3549.26,3549.26,0,9.49,9.49,53.3,9.14,0,CIRCANA_SYNTHETIC,0,0.0659,2026-09-03T10:30:00Z
FCT000460,W0013,10-23-2025,2025,3,Q1,MKT008,San Diego,CA,West,CH001,Grocery,RET004,Online Direct,National,CAT001,Deodorants & Fragrances,SUB003,Roll-On Deodorant,MFG003,Henkel,BR015-Right Guard,Right Guard,PROD204,578,Right Guard Roll-On Deodorant Organic,48,OZ,3,115,115,0,0,16560,2431.1,2431.1,0,21.14,21.14,94.7,14.81,0,CIRCANA_SYNTHETIC,0,0.1468,2026-09-03T10:30:00Z
FCT000461,W0049,11-13-2025,2025,12,Q4,MKT009,Dallas,TX,South,CH002,Drug Store,RET002,Regional Foods,Regional,CAT001,Deodorants & Fragrances,SUB001,Aerosol Deodorant,MFG002,Procter & Gamble,BR007-Old Spice,Old Spice,PROD004,387,Old Spice Aerosol Deodorant Organic,30,OZ,2,104,104,0,0,6240,2430.48,2430.48,0,23.37,23.37,44.5,5.81,0,CIRCANA_SYNTHETIC,0,0.3895,2026-09-03T10:30:00Z
FCT000462,W0015,12-25-2025,2025,10,Q4,MKT003,Chicago,IL,Midwest,CH005,Club,RET004,Online Direct,National,CAT001,Deodorants & Fragrances,SUB004,Gel Deodorant,MFG001,Unilever,BR003-Degree,Degree,PROD301,903,Degree Gel Deodorant Fresh,24,ROLL,6,379,379,0,0,54576,7235.11,7235.11,0,19.09,19.09,74.4,9.84,0,CIRCANA_SYNTHETIC,0,0.1326,2026-09-03T10:30:00Z
FCT000463,W0006,04-09-2026,2026,12,Q4,MKT005,Phoenix,AZ,West,CH001,Grocery,RET003,Pharmacy Plus,Regional,CAT001,Deodorants & Fragrances,SUB002,Stick Deodorant,MFG001,Unilever,BR001-Dove,Dove,PROD102,854,Dove Stick Deodorant Original,6,PACK,3,431,431,0,0,7758,2124.83,2124.83,0,4.93,4.93,43.5,5.76,0,CIRCANA_SYNTHETIC,0,0.2739,2026-09-03T10:30:00Z
FCT000464,W0050,03-26-2026,2026,11,Q4,MKT009,Dallas,TX,South,CH002,Drug Store,RET004,Online Direct,National,CAT001,Deodorants & Fragrances,SUB001,Aerosol Deodorant,MFG004,Church & Dwight,BR018-Purity,Purity,PROD005,935,Purity Aerosol Deodorant Light,12,OZ,4,316,316,0,0,15168,698.36,698.36,0,2.21,2.21,83.9,4.81,0,CIRCANA_SYNTHETIC,0,0.046,2026-09-03T10:30:00Z
FCT000465,W0039,04-16-2026,2026,5,Q2,MKT003,Chicago,IL,Midwest,CH005,Club,RET003,Pharmacy Plus,Regional,CAT001,Deodorants & Fragrances,SUB004,Gel Deodorant,MFG002,Procter & Gamble,BR006-Gillette,Gillette,PROD304,929,Gillette Gel Deodorant Light,48,CT,4,190,190,0,0,36480,1653.0,1653.0,0,8.7,8.7,92.5,0.98,0,CIRCANA_SYNTHETIC,0,0.0453,2026-09-03T10:30:00Z
FCT000466,W0043,06-25-2026,2026,1,Q1,MKT001,New York,NY,Northeast,CH002,Drug Store,RET004,Online Direct,National,CAT001,Deodorants & Fragrances,SUB002,Stick Deodorant,MFG004,Church & Dwight,BR018-Purity,Purity,PROD102,299,Purity Stick Deodorant Fresh,48,FL OZ,4,330,222,108,108,63360,3542.46,2439.78,1102.68,10.99,10.21,41.2,10.48,1,CIRCANA_SYNTHETIC,48.65,0.0532,2026-09-03T10:30:00Z
FCT000467,W0042,06-25-2026,2026,10,Q4,MKT006,Philadelphia,PA,Northeast,CH005,Club,RET001,National Grocery Co,National,CAT001,Deodorants & Fragrances,SUB001,Aerosol Deodorant,MFG003,Henkel,BR014-Dial,Dial,PROD002,766,Dial Aerosol Deodorant Original,48,FL OZ,2,276,276,0,0,26496,1882.32,1882.32,0,6.82,6.82,80.3,3.02,0,CIRCANA_SYNTHETIC,0,0.071,2026-09-03T10:30:00Z
FCT000468,W0007,04-02-2026,2026,8,Q3,MKT003,Chicago,IL,Midwest,CH004,E-Commerce,RET004,Online Direct,National,CAT001,Deodorants & Fragrances,SUB005,Antiperspirant,MFG002,Procter & Gamble,BR006-Gillette,Gillette,PROD401,839,Gillette Antiperspirant Classic,6,PACK,6,76,76,0,0,2736,744.04,744.04,0,9.79,9.79,52.5,2.31,0,CIRCANA_SYNTHETIC,0,0.2719,2026-09-03T10:30:00Z
FCT000469,W0012,11-20-2025,2025,12,Q4,MKT004,Houston,TX,South,CH004,E-Commerce,RET004,Online Direct,National,CAT001,Deodorants & Fragrances,SUB001,Aerosol Deodorant,MFG003,Henkel,BR015-Right Guard,Right Guard,PROD001,219,Right Guard Aerosol Deodorant Original,6,ROLL,6,624,447,177,177,22464,6626.76,4823.13,1803.63,10.79,10.19,53.4,0.27,1,CIRCANA_SYNTHETIC,39.6,0.2831,2026-09-03T10:30:00Z
FCT000470,W0031,05-07-2026,2026,12,Q4,MKT004,Houston,TX,South,CH001,Grocery,RET005,Warehouse Club,National,CAT001,Deodorants & Fragrances,SUB004,Gel Deodorant,MFG005,Colgate Palmolive,BR025-Palmolive,Palmolive,PROD305,228,Palmolive Gel Deodorant Original,8,ROLL,4,456,456,0,0,14592,11400.0,11400.0,0,25.0,25.0,72.7,4.55,0,CIRCANA_SYNTHETIC,0,0.7812,2026-09-03T10:30:00Z
FCT000471,W0035,09-18-2025,2025,9,Q3,MKT003,Chicago,IL,Midwest,CH004,E-Commerce,RET001,National Grocery Co,National,CAT001,Deodorants & Fragrances,SUB001,Aerosol Deodorant,MFG004,Church & Dwight,BR020-Trojan,Trojan,PROD005,668,Trojan Aerosol Deodorant Classic,6,CT,6,214,82,132,132,7704,4478.0,1856.48,2621.52,22.64,19.86,64.9,2.78,1,CIRCANA_SYNTHETIC,160.98,0.5517,2026-09-03T10:30:00Z
FCT000472,W0036,05-14-2026,2026,1,Q1,MKT003,Chicago,IL,Midwest,CH005,Club,RET002,Regional Foods,Regional,CAT001,Deodorants & Fragrances,SUB001,Aerosol Deodorant,MFG002,Procter & Gamble,BR006-Gillette,Gillette,PROD001,354,Gillette Aerosol Deodorant Light,18,FL OZ,5,113,113,0,0,10170,672.35,672.35,0,5.95,5.95,93.3,9.91,0,CIRCANA_SYNTHETIC,0,0.0661,2026-09-03T10:30:00Z
FCT000473,W0045,04-16-2026,2026,9,Q3,MKT009,Dallas,TX,South,CH004,E-Commerce,RET002,Regional Foods,Regional,CAT001,Deodorants & Fragrances,SUB005,Antiperspirant,MFG005,Colgate Palmolive,BR024-Lady-Speed-Stick,Lady,PROD403,952,Lady Antiperspirant Organic,12,OZ,6,497,360,137,137,35784,10035.02,7506.0,2529.02,20.85,18.46,34.1,4.57,1,CIRCANA_SYNTHETIC,38.06,0.2564,2026-09-03T10:30:00Z
FCT000474,W0047,12-04-2025,2025,7,Q3,MKT004,Houston,TX,South,CH005,Club,RET003,Pharmacy Plus,Regional,CAT001,Deodorants & Fragrances,SUB005,Antiperspirant,MFG003,Henkel,BR012-Fa,Fa,PROD405,360,Fa Antiperspirant Classic,18,FL OZ,4,331,331,0,0,23832,5607.14,5607.14,0,16.94,16.94,32.2,6.9,0,CIRCANA_SYNTHETIC,0,0.2353,2026-09-03T10:30:00Z
FCT000475,W0043,11-20-2025,2025,9,Q3,MKT002,Los Angeles,CA,West,CH003,Mass Merchandiser,RET002,Regional Foods,Regional,CAT001,Deodorants & Fragrances,SUB005,Antiperspirant,MFG003,Henkel,BR015-Right Guard,Right Guard,PROD402,376,Right Guard Antiperspirant Original,8,FL OZ,4,264,264,0,0,8448,2830.08,2830.08,0,10.72,10.72,92.3,3.79,0,CIRCANA_SYNTHETIC,0,0.335,2026-09-03T10:30:00Z
FCT000476,W0050,05-07-2026,2026,3,Q1,MKT002,Los Angeles,CA,West,CH003,Mass Merchandiser,RET001,National Grocery Co,National,CAT001,Deodorants & Fragrances,SUB005,Antiperspirant,MFG003,Henkel,BR013-Monsavon,Monsavon,PROD404,901,Monsavon Antiperspirant Original,4,OZ,4,190,190,0,0,3040,4660.7,4660.7,0,24.53,24.53,36.7,14.28,0,CIRCANA_SYNTHETIC,0,1.5331,2026-09-03T10:30:00Z
FCT000477,W0045,12-25-2025,2025,5,Q2,MKT010,San Jose,CA,West,CH004,E-Commerce,RET001,National Grocery Co,National,CAT001,Deodorants & Fragrances,SUB005,Antiperspirant,MFG005,Colgate Palmolive,BR023-Colgate,Colgate,PROD403,907,Colgate Antiperspirant Fresh,4,CT,3,386,361,25,25,4632,9120.72,8580.97,539.75,23.77,21.59,45.9,11.15,1,CIRCANA_SYNTHETIC,6.93,1.7992,2026-09-03T10:30:00Z
FCT000478,W0043,07-09-2026,2026,3,Q1,MKT003,Chicago,IL,Midwest,CH003,Mass Merchandiser,RET001,National Grocery Co,National,CAT001,Deodorants & Fragrances,SUB004,Gel Deodorant,MFG005,Colgate Palmolive,BR022-Speed-Stick,Speed,PROD305,528,Speed Gel Deodorant Classic,18,OZ,6,528,340,188,188,57024,8520.56,5678.0,2842.56,16.7,15.12,78.3,10.21,1,CIRCANA_SYNTHETIC,55.29,0.14,2026-09-03T10:30:00Z
FCT000479,W0034,10-23-2025,2025,4,Q2,MKT008,San Diego,CA,West,CH005,Club,RET003,Pharmacy Plus,Regional,CAT001,Deodorants & Fragrances,SUB004,Gel Deodorant,MFG003,Henkel,BR014-Dial,Dial,PROD303,195,Dial Gel Deodorant Organic,18,ROLL,3,397,375,22,22,21438,8485.94,8040.0,445.94,21.44,20.27,25.8,3.68,1,CIRCANA_SYNTHETIC,5.87,0.3754,2026-09-03T10:30:00Z
FCT000480,W0047,07-09-2026,2026,8,Q3,MKT009,Dallas,TX,South,CH004,E-Commerce,RET001,National Grocery Co,National,CAT001,Deodorants & Fragrances,SUB001,Aerosol Deodorant,MFG004,Church & Dwight,BR020-Trojan,Trojan,PROD003,819,Trojan Aerosol Deodorant Fresh,6,ROLL,1,488,313,175,175,2928,7852.46,5061.21,2791.25,16.17,15.95,75.9,10.74,1,CIRCANA_SYNTHETIC,55.91,2.6583,2026-09-03T10:30:00Z
FCT000481,W0044,10-02-2025,2025,9,Q3,MKT010,San Jose,CA,West,CH001,Grocery,RET005,Warehouse Club,National,CAT001,Deodorants & Fragrances,SUB002,Stick Deodorant,MFG004,Church & Dwight,BR017-Nubian,Nubian,PROD105,488,Nubian Stick Deodorant Organic,6,FL OZ,2,139,139,0,0,1668,1919.59,1919.59,0,13.81,13.81,91.4,6.4,0,CIRCANA_SYNTHETIC,0,1.1508,2026-09-03T10:30:00Z
FCT000482,W0031,04-30-2026,2026,5,Q2,MKT004,Houston,TX,South,CH005,Club,RET001,National Grocery Co,National,CAT001,Deodorants & Fragrances,SUB001,Aerosol Deodorant,MFG003,Henkel,BR013-Monsavon,Monsavon,PROD003,136,Monsavon Aerosol Deodorant Classic,30,CT,3,51,51,0,0,4590,1191.87,1191.87,0,23.37,23.37,91.9,7.78,0,CIRCANA_SYNTHETIC,0,0.2597,2026-09-03T10:30:00Z
FCT000483,W0023,07-23-2026,2026,1,Q1,MKT001,New York,NY,Northeast,CH005,Club,RET004,Online Direct,National,CAT001,Deodorants & Fragrances,SUB001,Aerosol Deodorant,MFG003,Henkel,BR013-Monsavon,Monsavon,PROD003,257,Monsavon Aerosol Deodorant Classic,30,FL OZ,1,466,419,47,47,13980,2002.27,1814.27,188.0,4.33,4.0,26.4,7.76,1,CIRCANA_SYNTHETIC,11.22,0.1333,2026-09-03T10:30:00Z
FCT000484,W0024,04-23-2026,2026,6,Q2,MKT003,Chicago,IL,Midwest,CH003,Mass Merchandiser,RET002,Regional Foods,Regional,CAT001,Deodorants & Fragrances,SUB004,Gel Deodorant,MFG004,Church & Dwight,BR019-Brut,Brut,PROD301,105,Brut Gel Deodorant Light,18,OZ,4,280,143,137,137,20160,4587.92,2443.87,2144.05,17.09,15.65,30.5,11.23,1,CIRCANA_SYNTHETIC,95.8,0.2174,2026-09-03T10:30:00Z
FCT000485,W0048,04-09-2026,2026,1,Q1,MKT005,Phoenix,AZ,West,CH001,Grocery,RET002,Regional Foods,Regional,CAT001,Deodorants & Fragrances,SUB001,Aerosol Deodorant,MFG004,Church & Dwight,BR019-Brut,Brut,PROD002,607,Brut Aerosol Deodorant Organic,12,ROLL,6,391,391,0,0,28152,9622.51,9622.51,0,24.61,24.61,28.9,7.39,0,CIRCANA_SYNTHETIC,0,0.3418,2026-09-03T10:30:00Z
FCT000486,W0009,07-02-2026,2026,6,Q2,MKT007,San Antonio,TX,South,CH002,Drug Store,RET001,National Grocery Co,National,CAT001,Deodorants & Fragrances,SUB004,Gel Deodorant,MFG001,Unilever,BR001-Dove,Dove,PROD305,108,Dove Gel Deodorant Classic,12,OZ,6,442,442,0,0,31824,9321.78,9321.78,0,21.09,21.09,52.2,9.0,0,CIRCANA_SYNTHETIC,0,0.2929,2026-09-03T10:30:00Z
FCT000487,W0010,10-16-2025,2025,9,Q3,MKT008,San Diego,CA,West,CH001,Grocery,RET004,Online Direct,National,CAT001,Deodorants & Fragrances,SUB003,Roll-On Deodorant,MFG002,Procter & Gamble,BR010-Olay,Olay,PROD203,303,Olay Roll-On Deodorant Classic,18,OZ,3,177,177,0,0,9558,4401.99,4401.99,0,24.87,24.87,38.6,12.33,0,CIRCANA_SYNTHETIC,0,0.4606,2026-09-03T10:30:00Z
FCT000488,W0008,07-09-2026,2026,7,Q3,MKT003,Chicago,IL,Midwest,CH002,Drug Store,RET005,Warehouse Club,National,CAT001,Deodorants & Fragrances,SUB005,Antiperspirant,MFG002,Procter & Gamble,BR007-Old Spice,Old Spice,PROD405,489,Old Spice Antiperspirant Classic,12,CT,4,190,190,0,0,9120,457.9,457.9,0,2.41,2.41,35.0,12.98,0,CIRCANA_SYNTHETIC,0,0.0502,2026-09-03T10:30:00Z
FCT000489,W0028,11-20-2025,2025,1,Q1,MKT006,Philadelphia,PA,Northeast,CH004,E-Commerce,RET004,Online Direct,National,CAT001,Deodorants & Fragrances,SUB002,Stick Deodorant,MFG001,Unilever,BR005-Lume,Lume,PROD102,100,Lume Stick Deodorant Original,24,FL OZ,3,174,106,68,68,12528,3055.62,1947.22,1108.4,18.37,16.3,87.1,2.81,1,CIRCANA_SYNTHETIC,64.15,0.2264,2026-09-03T10:30:00Z
FCT000490,W0012,05-14-2026,2026,8,Q3,MKT008,San Diego,CA,West,CH003,Mass Merchandiser,RET005,Warehouse Club,National,CAT001,Deodorants & Fragrances,SUB002,Stick Deodorant,MFG001,Unilever,BR004-Rexona,Rexona,PROD103,859,Rexona Stick Deodorant Light,6,OZ,6,298,221,77,77,10728,676.06,510.51,165.55,2.31,2.15,84.6,5.04,1,CIRCANA_SYNTHETIC,34.84,0.0597,2026-09-03T10:30:00Z
FCT000491,W0009,11-27-2025,2025,12,Q4,MKT004,Houston,TX,South,CH005,Club,RET004,Online Direct,National,CAT001,Deodorants & Fragrances,SUB002,Stick Deodorant,MFG001,Unilever,BR001-Dove,Dove,PROD103,733,Dove Stick Deodorant Light,12,CT,6,71,71,0,0,5112,869.75,869.75,0,12.25,12.25,27.4,14.13,0,CIRCANA_SYNTHETIC,0,0.1701,2026-09-03T10:30:00Z
FCT000492,W0027,01-01-2026,2025,12,Q4,MKT009,Dallas,TX,South,CH002,Drug Store,RET001,National Grocery Co,National,CAT001,Deodorants & Fragrances,SUB004,Gel Deodorant,MFG002,Procter & Gamble,BR007-Old Spice,Old Spice,PROD302,636,Old Spice Gel Deodorant Fresh,24,FL OZ,4,693,499,194,194,66528,11004.65,8228.51,2776.14,16.49,14.31,52.7,7.29,1,CIRCANA_SYNTHETIC,38.88,0.1491,2026-09-03T10:30:00Z
FCT000493,W0004,09-18-2025,2025,12,Q4,MKT005,Phoenix,AZ,West,CH002,Drug Store,RET003,Pharmacy Plus,Regional,CAT001,Deodorants & Fragrances,SUB002,Stick Deodorant,MFG001,Unilever,BR005-Lume,Lume,PROD105,548,Lume Stick Deodorant Fresh,30,ROLL,6,429,429,0,0,77220,6113.25,6113.25,0,14.25,14.25,58.5,1.22,0,CIRCANA_SYNTHETIC,0,0.0792,2026-09-03T10:30:00Z
FCT000494,W0001,06-25-2026,2026,10,Q4,MKT007,San Antonio,TX,South,CH005,Club,RET003,Pharmacy Plus,Regional,CAT001,Deodorants & Fragrances,SUB005,Antiperspirant,MFG002,Procter & Gamble,BR007-Old Spice,Old Spice,PROD404,972,Old Spice Antiperspirant Organic,4,PACK,4,353,353,0,0,5648,4797.27,4797.27,0,13.59,13.59,74.0,3.96,0,CIRCANA_SYNTHETIC,0,0.8494,2026-09-03T10:30:00Z
FCT000495,W0016,04-30-2026,2026,1,Q1,MKT002,Los Angeles,CA,West,CH002,Drug Store,RET002,Regional Foods,Regional,CAT001,Deodorants & Fragrances,SUB003,Roll-On Deodorant,MFG001,Unilever,BR005-Lume,Lume,PROD205,647,Lume Roll-On Deodorant Original,8,FL OZ,1,192,192,0,0,1536,3221.76,3221.76,0,16.78,16.78,38.7,12.37,0,CIRCANA_SYNTHETIC,0,2.0975,2026-09-03T10:30:00Z
FCT000496,W0047,07-09-2026,2026,7,Q3,MKT006,Philadelphia,PA,Northeast,CH003,Mass Merchandiser,RET001,National Grocery Co,National,CAT001,Deodorants & Fragrances,SUB003,Roll-On Deodorant,MFG005,Colgate Palmolive,BR023-Colgate,Colgate,PROD205,773,Colgate Roll-On Deodorant Fresh,4,FL OZ,2,230,216,14,14,1840,4295.58,4060.8,234.78,18.8,16.77,39.2,0.33,1,CIRCANA_SYNTHETIC,6.48,2.0962,2026-09-03T10:30:00Z
FCT000497,W0021,05-07-2026,2026,4,Q2,MKT010,San Jose,CA,West,CH005,Club,RET002,Regional Foods,Regional,CAT001,Deodorants & Fragrances,SUB004,Gel Deodorant,MFG004,Church & Dwight,BR017-Nubian,Nubian,PROD303,935,Nubian Gel Deodorant Organic,12,ROLL,3,243,129,114,114,8748,1266.75,697.89,568.86,5.41,4.99,57.2,6.94,1,CIRCANA_SYNTHETIC,88.37,0.1386,2026-09-03T10:30:00Z
FCT000498,W0012,09-04-2025,2025,7,Q3,MKT003,Chicago,IL,Midwest,CH003,Mass Merchandiser,RET001,National Grocery Co,National,CAT001,Deodorants & Fragrances,SUB005,Antiperspirant,MFG003,Henkel,BR012-Fa,Fa,PROD404,202,Fa Antiperspirant Fresh,8,OZ,4,85,85,0,0,2720,649.4,649.4,0,7.64,7.64,88.2,14.56,0,CIRCANA_SYNTHETIC,0,0.2387,2026-09-03T10:30:00Z
FCT000499,W0001,10-02-2025,2025,11,Q4,MKT002,Los Angeles,CA,West,CH004,E-Commerce,RET004,Online Direct,National,CAT001,Deodorants & Fragrances,SUB001,Aerosol Deodorant,MFG001,Unilever,BR001-Dove,Dove,PROD005,109,Dove Aerosol Deodorant Original,12,OZ,3,117,117,0,0,4212,617.76,617.76,0,5.28,5.28,67.1,0.3,0,CIRCANA_SYNTHETIC,0,0.1467,2026-09-03T10:30:00Z
FCT000500,W0020,04-09-2026,2026,8,Q3,MKT003,Chicago,IL,Midwest,CH004,E-Commerce,RET005,Warehouse Club,National,CAT001,Deodorants & Fragrances,SUB001,Aerosol Deodorant,MFG004,Church & Dwight,BR017-Nubian,Nubian,PROD002,145,Nubian Aerosol Deodorant Original,4,PACK,6,174,174,0,0,4176,1418.1,1418.1,0,8.15,8.15,60.8,0.42,0,CIRCANA_SYNTHETIC,0,0.3396,2026-09-03T10:30:00Z
FCT000501,W0015,02-26-2026,2025,7,Q3,MKT007,San Antonio,TX,South,CH002,Drug Store,RET001,National Grocery Co,National,CAT001,Deodorants & Fragrances,SUB001,Aerosol Deodorant,MFG002,Procter & Gamble,BR006-Gillette,Gillette,PROD005,215,Gillette Aerosol Deodorant Classic,18,CT,6,230,230,0,0,24840,2495.5,2495.5,0,10.85,10.85,86.3,12.36,0,CIRCANA_SYNTHETIC,0,0.1005,2026-09-03T10:30:00Z
FCT000502,W0022,07-16-2026,2026,6,Q2,MKT002,Los Angeles,CA,West,CH003,Mass Merchandiser,RET003,Pharmacy Plus,Regional,CAT001,Deodorants & Fragrances,SUB001,Aerosol Deodorant,MFG001,Unilever,BR005-Lume,Lume,PROD002,253,Lume Aerosol Deodorant Light,8,CT,4,72,72,0,0,2304,1022.4,1022.4,0,14.2,14.2,65.0,10.22,0,CIRCANA_SYNTHETIC,0,0.4437,2026-09-03T10:30:00Z
FCT000503,W0051,09-03-2026,2026,3,Q1,MKT005,Phoenix,AZ,West,CH004,E-Commerce,RET003,Pharmacy Plus,Regional,CAT001,Deodorants & Fragrances,SUB003,Roll-On Deodorant,MFG003,Henkel,BR011-Nivea,Nivea,PROD201,168,Nivea Roll-On Deodorant Original,8,ROLL,4,213,213,0,0,6816,3959.67,3959.67,0,18.59,18.59,78.9,7.23,0,CIRCANA_SYNTHETIC,0,0.5809,2026-09-03T10:30:00Z
FCT000504,W0023,04-16-2026,2026,8,Q3,MKT002,Los Angeles,CA,West,CH003,Mass Merchandiser,RET002,Regional Foods,Regional,CAT001,Deodorants & Fragrances,SUB003,Roll-On Deodorant,MFG002,Procter & Gamble,BR009-Native,Native,PROD202,528,Native Roll-On Deodorant Fresh,30,PACK,6,473,296,177,177,85140,4522.58,2862.32,1660.26,9.67,9.38,69.0,3.76,1,CIRCANA_SYNTHETIC,59.8,0.0521,2026-09-03T10:30:00Z
FCT000505,W0006,12-18-2025,2025,12,Q4,MKT008,San Diego,CA,West,CH005,Club,RET005,Warehouse Club,National,CAT001,Deodorants & Fragrances,SUB005,Antiperspirant,MFG002,Procter & Gamble,BR009-Native,Native,PROD405,585,Native Antiperspirant Organic,12,OZ,2,466,319,147,147,11184,4628.31,3292.08,1336.23,10.32,9.09,83.8,5.5,1,CIRCANA_SYNTHETIC,46.08,0.3787,2026-09-03T10:30:00Z
FCT000506,W0036,03-05-2026,2025,4,Q2,MKT006,Philadelphia,PA,Northeast,CH002,Drug Store,RET003,Pharmacy Plus,Regional,CAT001,Deodorants & Fragrances,SUB001,Aerosol Deodorant,MFG004,Church & Dwight,BR017-Nubian,Nubian,PROD003,486,Nubian Aerosol Deodorant Original,12,OZ,6,473,473,0,0,34056,2445.41,2445.41,0,5.17,5.17,92.2,10.59,0,CIRCANA_SYNTHETIC,0,0.0718,2026-09-03T10:30:00Z
FCT000507,W0011,08-27-2026,2026,3,Q1,MKT002,Los Angeles,CA,West,CH005,Club,RET001,National Grocery Co,National,CAT001,Deodorants & Fragrances,SUB003,Roll-On Deodorant,MFG004,Church & Dwight,BR020-Trojan,Trojan,PROD201,861,Trojan Roll-On Deodorant Organic,12,OZ,1,142,122,20,20,1704,2134.38,1840.98,293.4,15.09,14.67,31.2,2.82,1,CIRCANA_SYNTHETIC,16.39,1.2225,2026-09-03T10:30:00Z
FCT000508,W0010,08-13-2026,2026,11,Q4,MKT006,Philadelphia,PA,Northeast,CH004,E-Commerce,RET001,National Grocery Co,National,CAT001,Deodorants & Fragrances,SUB004,Gel Deodorant,MFG003,Henkel,BR011-Nivea,Nivea,PROD304,996,Nivea Gel Deodorant Classic,8,PACK,2,359,359,0,0,5744,807.75,807.75,0,2.25,2.25,82.5,10.23,0,CIRCANA_SYNTHETIC,0,0.1406,2026-09-03T10:30:00Z
FCT000509,W0006,01-15-2026,2025,7,Q3,MKT005,Phoenix,AZ,West,CH002,Drug Store,RET004,Online Direct,National,CAT001,Deodorants & Fragrances,SUB005,Antiperspirant,MFG002,Procter & Gamble,BR008-Secret,Secret,PROD405,672,Secret Antiperspirant Fresh,12,ROLL,5,430,430,0,0,25800,1414.7,1414.7,0,3.29,3.29,49.4,12.36,0,CIRCANA_SYNTHETIC,0,0.0548,2026-09-03T10:30:00Z
FCT000510,W0052,03-26-2026,2026,11,Q4,MKT006,Philadelphia,PA,Northeast,CH004,E-Commerce,RET004,Online Direct,National,CAT001,Deodorants & Fragrances,SUB004,Gel Deodorant,MFG002,Procter & Gamble,BR006-Gillette,Gillette,PROD304,266,Gillette Gel Deodorant Fresh,6,OZ,1,218,149,69,69,1308,2230.66,1540.66,690.0,10.34,10.0,45.2,3.67,1,CIRCANA_SYNTHETIC,46.31,1.6667,2026-09-03T10:30:00Z
FCT000511,W0013,11-27-2025,2025,1,Q1,MKT010,San Jose,CA,West,CH001,Grocery,RET003,Pharmacy Plus,Regional,CAT001,Deodorants & Fragrances,SUB001,Aerosol Deodorant,MFG002,Procter & Gamble,BR010-Olay,Olay,PROD002,149,Olay Aerosol Deodorant Light,6,PACK,5,187,187,0,0,5610,566.61,566.61,0,3.03,3.03,94.0,7.31,0,CIRCANA_SYNTHETIC,0,0.101,2026-09-03T10:30:00Z
FCT000512,W0021,10-02-2025,2025,7,Q3,MKT006,Philadelphia,PA,Northeast,CH003,Mass Merchandiser,RET004,Online Direct,National,CAT001,Deodorants & Fragrances,SUB003,Roll-On Deodorant,MFG005,Colgate Palmolive,BR022-Speed-Stick,Speed,PROD201,124,Speed Roll-On Deodorant Fresh,6,FL OZ,4,295,116,179,179,7080,6372.18,2623.92,3748.26,22.62,20.94,57.7,11.65,1,CIRCANA_SYNTHETIC,154.31,0.8725,2026-09-03T10:30:00Z
FCT000513,W0006,11-27-2025,2025,2,Q1,MKT001,New York,NY,Northeast,CH003,Mass Merchandiser,RET002,Regional Foods,Regional,CAT001,Deodorants & Fragrances,SUB004,Gel Deodorant,MFG002,Procter & Gamble,BR009-Native,Native,PROD305,887,Native Gel Deodorant Light,8,CT,5,160,160,0,0,6400,2219.2,2219.2,0,13.87,13.87,74.7,9.81,0,CIRCANA_SYNTHETIC,0,0.3468,2026-09-03T10:30:00Z
FCT000514,W0046,09-25-2025,2025,11,Q4,MKT005,Phoenix,AZ,West,CH003,Mass Merchandiser,RET005,Warehouse Club,National,CAT001,Deodorants & Fragrances,SUB002,Stick Deodorant,MFG004,Church & Dwight,BR016-Arm-Hammer,Arm,PROD103,991,Arm Stick Deodorant Light,6,CT,5,225,172,53,53,6750,3633.28,2827.68,805.6,16.44,15.2,80.4,2.23,1,CIRCANA_SYNTHETIC,30.81,0.5067,2026-09-03T10:30:00Z
FCT000515,W0005,05-07-2026,2026,10,Q4,MKT008,San Diego,CA,West,CH003,Mass Merchandiser,RET002,Regional Foods,Regional,CAT001,Deodorants & Fragrances,SUB004,Gel Deodorant,MFG003,Henkel,BR012-Fa,Fa,PROD301,997,Fa Gel Deodorant Classic,6,CT,6,252,230,22,22,9072,4928.6,4542.5,386.1,19.75,17.55,55.5,3.91,1,CIRCANA_SYNTHETIC,9.57,0.4875,2026-09-03T10:30:00Z
FCT000516,W0027,12-04-2025,2025,11,Q4,MKT008,San Diego,CA,West,CH001,Grocery,RET003,Pharmacy Plus,Regional,CAT001,Deodorants & Fragrances,SUB001,Aerosol Deodorant,MFG003,Henkel,BR014-Dial,Dial,PROD005,618,Dial Aerosol Deodorant Classic,24,PACK,5,275,275,0,0,33000,6572.5,6572.5,0,23.9,23.9,48.0,10.26,0,CIRCANA_SYNTHETIC,0,0.1992,2026-09-03T10:30:00Z
FCT000517,W0007,04-30-2026,2026,7,Q3,MKT001,New York,NY,Northeast,CH002,Drug Store,RET005,Warehouse Club,National,CAT001,Deodorants & Fragrances,SUB001,Aerosol Deodorant,MFG001,Unilever,BR002-Axe,Axe,PROD005,577,Axe Aerosol Deodorant Classic,30,OZ,2,341,341,0,0,20460,3727.13,3727.13,0,10.93,10.93,54.7,1.49,0,CIRCANA_SYNTHETIC,0,0.1822,2026-09-03T10:30:00Z
FCT000518,W0026,04-09-2026,2026,2,Q1,MKT003,Chicago,IL,Midwest,CH001,Grocery,RET004,Online Direct,National,CAT001,Deodorants & Fragrances,SUB001,Aerosol Deodorant,MFG004,Church & Dwight,BR017-Nubian,Nubian,PROD001,581,Nubian Aerosol Deodorant Organic,48,CT,6,379,225,154,154,109152,6830.33,4286.25,2544.08,19.05,16.52,54.1,8.22,1,CIRCANA_SYNTHETIC,68.44,0.0574,2026-09-03T10:30:00Z
FCT000519,W0051,02-26-2026,2025,8,Q3,MKT001,New York,NY,Northeast,CH005,Club,RET004,Online Direct,National,CAT001,Deodorants & Fragrances,SUB003,Roll-On Deodorant,MFG001,Unilever,BR003-Degree,Degree,PROD205,245,Degree Roll-On Deodorant Original,12,OZ,6,77,77,0,0,5544,903.21,903.21,0,11.73,11.73,38.9,2.72,0,CIRCANA_SYNTHETIC,0,0.1629,2026-09-03T10:30:00Z
FCT000520,W0043,05-14-2026,2026,3,Q1,MKT005,Phoenix,AZ,West,CH004,E-Commerce,RET004,Online Direct,National,CAT001,Deodorants & Fragrances,SUB004,Gel Deodorant,MFG005,Colgate Palmolive,BR022-Speed-Stick,Speed,PROD301,586,Speed Gel Deodorant Fresh,30,FL OZ,3,97,97,0,0,8730,560.66,560.66,0,5.78,5.78,46.2,6.34,0,CIRCANA_SYNTHETIC,0,0.0642,2026-09-03T10:30:00Z
FCT000521,W0013,08-06-2026,2026,12,Q4,MKT010,San Jose,CA,West,CH004,E-Commerce,RET001,National Grocery Co,National,CAT001,Deodorants & Fragrances,SUB004,Gel Deodorant,MFG005,Colgate Palmolive,BR025-Palmolive,Palmolive,PROD303,424,Palmolive Gel Deodorant Original,24,OZ,2,215,215,0,0,10320,4863.3,4863.3,0,22.62,22.62,90.0,7.54,0,CIRCANA_SYNTHETIC,0,0.4713,2026-09-03T10:30:00Z
FCT000522,W0007,08-20-2026,2026,4,Q2,MKT001,New York,NY,Northeast,CH004,E-Commerce,RET002,Regional Foods,Regional,CAT001,Deodorants & Fragrances,SUB003,Roll-On Deodorant,MFG004,Church & Dwight,BR020-Trojan,Trojan,PROD205,795,Trojan Roll-On Deodorant Fresh,8,PACK,4,265,265,0,0,8480,1847.05,1847.05,0,6.97,6.97,35.7,2.95,0,CIRCANA_SYNTHETIC,0,0.2178,2026-09-03T10:30:00Z
FCT000523,W0045,01-29-2026,2025,11,Q4,MKT001,New York,NY,Northeast,CH003,Mass Merchandiser,RET003,Pharmacy Plus,Regional,CAT001,Deodorants & Fragrances,SUB003,Roll-On Deodorant,MFG005,Colgate Palmolive,BR021-Tom's,Tom's,PROD203,569,Tom's Roll-On Deodorant Classic,24,FL OZ,5,366,261,105,105,43920,4309.89,3077.19,1232.7,11.79,11.74,45.2,13.9,1,CIRCANA_SYNTHETIC,40.23,0.0978,2026-09-03T10:30:00Z
FCT000524,W0019,11-13-2025,2025,12,Q4,MKT010,San Jose,CA,West,CH002,Drug Store,RET005,Warehouse Club,National,CAT001,Deodorants & Fragrances,SUB002,Stick Deodorant,MFG004,Church & Dwight,BR019-Brut,Brut,PROD105,867,Brut Stick Deodorant Fresh,6,OZ,1,446,374,72,72,2676,1767.56,1518.44,249.12,4.06,3.46,89.9,1.64,1,CIRCANA_SYNTHETIC,19.25,0.5767,2026-09-03T10:30:00Z
FCT000525,W0015,09-25-2025,2025,8,Q3,MKT010,San Jose,CA,West,CH001,Grocery,RET003,Pharmacy Plus,Regional,CAT001,Deodorants & Fragrances,SUB004,Gel Deodorant,MFG004,Church & Dwight,BR017-Nubian,Nubian,PROD305,820,Nubian Gel Deodorant Classic,48,OZ,3,158,108,50,50,22752,3817.58,2620.08,1197.5,24.26,23.95,51.0,12.32,1,CIRCANA_SYNTHETIC,46.3,0.1663,2026-09-03T10:30:00Z
FCT000526,W0051,03-05-2026,2025,11,Q4,MKT009,Dallas,TX,South,CH003,Mass Merchandiser,RET003,Pharmacy Plus,Regional,CAT001,Deodorants & Fragrances,SUB003,Roll-On Deodorant,MFG003,Henkel,BR013-Monsavon,Monsavon,PROD202,631,Monsavon Roll-On Deodorant Fresh,30,OZ,1,52,52,0,0,1560,135.2,135.2,0,2.6,2.6,79.3,12.63,0,CIRCANA_SYNTHETIC,0,0.0867,2026-09-03T10:30:00Z
FCT000527,W0013,12-04-2025,2025,11,Q4,MKT010,San Jose,CA,West,CH004,E-Commerce,RET002,Regional Foods,Regional,CAT001,Deodorants & Fragrances,SUB003,Roll-On Deodorant,MFG005,Colgate Palmolive,BR024-Lady-Speed-Stick,Lady,PROD202,262,Lady Roll-On Deodorant Classic,30,CT,6,487,474,13,13,87660,5341.41,5204.52,136.89,10.98,10.53,50.2,4.84,1,CIRCANA_SYNTHETIC,2.74,0.0585,2026-09-03T10:30:00Z
FCT000528,W0036,06-25-2026,2026,6,Q2,MKT009,Dallas,TX,South,CH001,Grocery,RET005,Warehouse Club,National,CAT001,Deodorants & Fragrances,SUB001,Aerosol Deodorant,MFG004,Church & Dwight,BR018-Purity,Purity,PROD002,732,Purity Aerosol Deodorant Fresh,6,OZ,4,97,97,0,0,2328,220.19,220.19,0,2.27,2.27,77.8,2.38,0,CIRCANA_SYNTHETIC,0,0.0946,2026-09-03T10:30:00Z
FCT000529,W0016,11-20-2025,2025,4,Q2,MKT001,New York,NY,Northeast,CH002,Drug Store,RET004,Online Direct,National,CAT001,Deodorants & Fragrances,SUB005,Antiperspirant,MFG003,Henkel,BR012-Fa,Fa,PROD404,753,Fa Antiperspirant Fresh,12,ROLL,3,286,149,137,137,10296,4651.57,2556.84,2094.73,17.16,15.29,90.1,9.45,1,CIRCANA_SYNTHETIC,91.95,0.4247,2026-09-03T10:30:00Z
FCT000530,W0017,06-18-2026,2026,2,Q1,MKT010,San Jose,CA,West,CH001,Grocery,RET001,National Grocery Co,National,CAT001,Deodorants & Fragrances,SUB001,Aerosol Deodorant,MFG002,Procter & Gamble,BR008-Secret,Secret,PROD004,598,Secret Aerosol Deodorant Original,24,CT,4,303,303,0,0,29088,1308.96,1308.96,0,4.32,4.32,79.7,6.26,0,CIRCANA_SYNTHETIC,0,0.045,2026-09-03T10:30:00Z
FCT000531,W0001,06-18-2026,2026,11,Q4,MKT006,Philadelphia,PA,Northeast,CH004,E-Commerce,RET002,Regional Foods,Regional,CAT001,Deodorants & Fragrances,SUB004,Gel Deodorant,MFG002,Procter & Gamble,BR008-Secret,Secret,PROD304,634,Secret Gel Deodorant Light,24,FL OZ,4,110,110,0,0,10560,2736.8,2736.8,0,24.88,24.88,65.0,0.17,0,CIRCANA_SYNTHETIC,0,0.2592,2026-09-03T10:30:00Z
FCT000532,W0049,07-02-2026,2026,4,Q2,MKT001,New York,NY,Northeast,CH005,Club,RET001,National Grocery Co,National,CAT001,Deodorants & Fragrances,SUB002,Stick Deodorant,MFG005,Colgate Palmolive,BR025-Palmolive,Palmolive,PROD105,593,Palmolive Stick Deodorant Organic,4,FL OZ,2,163,108,55,55,1304,1133.2,761.4,371.8,7.05,6.76,90.5,4.09,1,CIRCANA_SYNTHETIC,50.93,0.845,2026-09-03T10:30:00Z
FCT000533,W0026,06-11-2026,2026,5,Q2,MKT005,Phoenix,AZ,West,CH004,E-Commerce,RET004,Online Direct,National,CAT001,Deodorants & Fragrances,SUB003,Roll-On Deodorant,MFG004,Church & Dwight,BR020-Trojan,Trojan,PROD205,913,Trojan Roll-On Deodorant Organic,18,ROLL,1,151,151,0,0,2718,2328.42,2328.42,0,15.42,15.42,77.5,4.74,0,CIRCANA_SYNTHETIC,0,0.8567,2026-09-03T10:30:00Z
FCT000534,W0007,12-11-2025,2025,7,Q3,MKT007,San Antonio,TX,South,CH005,Club,RET003,Pharmacy Plus,Regional,CAT001,Deodorants & Fragrances,SUB004,Gel Deodorant,MFG003,Henkel,BR015-Right Guard,Right Guard,PROD304,359,Right Guard Gel Deodorant Fresh,24,FL OZ,6,297,152,145,145,42768,5940.08,3167.68,2772.4,20.84,19.12,86.7,14.38,1,CIRCANA_SYNTHETIC,95.39,0.1328,2026-09-03T10:30:00Z
FCT000535,W0012,09-11-2025,2025,6,Q2,MKT009,Dallas,TX,South,CH003,Mass Merchandiser,RET004,Online Direct,National,CAT001,Deodorants & Fragrances,SUB003,Roll-On Deodorant,MFG001,Unilever,BR001-Dove,Dove,PROD205,109,Dove Roll-On Deodorant Light,24,CT,1,501,454,47,47,12024,3450.93,3155.3,295.63,6.95,6.29,30.9,4.79,1,CIRCANA_SYNTHETIC,10.35,0.2621,2026-09-03T10:30:00Z
FCT000536,W0005,03-19-2026,2026,5,Q2,MKT008,San Diego,CA,West,CH005,Club,RET003,Pharmacy Plus,Regional,CAT001,Deodorants & Fragrances,SUB003,Roll-On Deodorant,MFG002,Procter & Gamble,BR010-Olay,Olay,PROD202,980,Olay Roll-On Deodorant Original,12,OZ,5,319,319,0,0,19140,2679.6,2679.6,0,8.4,8.4,65.6,13.26,0,CIRCANA_SYNTHETIC,0,0.14,2026-09-03T10:30:00Z
FCT000537,W0032,08-20-2026,2026,5,Q2,MKT006,Philadelphia,PA,Northeast,CH002,Drug Store,RET002,Regional Foods,Regional,CAT001,Deodorants & Fragrances,SUB004,Gel Deodorant,MFG001,Unilever,BR004-Rexona,Rexona,PROD303,759,Rexona Gel Deodorant Fresh,48,CT,5,142,111,31,31,34080,1324.56,1056.72,267.84,9.52,8.64,63.2,4.35,1,CIRCANA_SYNTHETIC,27.93,0.036,2026-09-03T10:30:00Z
FCT000538,W0003,04-09-2026,2026,11,Q4,MKT003,Chicago,IL,Midwest,CH004,E-Commerce,RET001,National Grocery Co,National,CAT001,Deodorants & Fragrances,SUB004,Gel Deodorant,MFG005,Colgate Palmolive,BR025-Palmolive,Palmolive,PROD303,509,Palmolive Gel Deodorant Original,48,OZ,4,85,85,0,0,16320,1583.55,1583.55,0,18.63,18.63,40.6,11.33,0,CIRCANA_SYNTHETIC,0,0.097,2026-09-03T10:30:00Z
FCT000539,W0042,07-16-2026,2026,6,Q2,MKT001,New York,NY,Northeast,CH004,E-Commerce,RET003,Pharmacy Plus,Regional,CAT001,Deodorants & Fragrances,SUB004,Gel Deodorant,MFG004,Church & Dwight,BR019-Brut,Brut,PROD305,841,Brut Gel Deodorant Classic,12,OZ,1,64,64,0,0,768,332.16,332.16,0,5.19,5.19,94.5,12.93,0,CIRCANA_SYNTHETIC,0,0.4325,2026-09-03T10:30:00Z
FCT000540,W0017,09-18-2025,2025,1,Q1,MKT004,Houston,TX,South,CH003,Mass Merchandiser,RET005,Warehouse Club,National,CAT001,Deodorants & Fragrances,SUB002,Stick Deodorant,MFG001,Unilever,BR001-Dove,Dove,PROD101,376,Dove Stick Deodorant Organic,18,OZ,3,74,74,0,0,3996,708.18,708.18,0,9.57,9.57,66.0,12.21,0,CIRCANA_SYNTHETIC,0,0.1772,2026-09-03T10:30:00Z
FCT000541,W0027,11-27-2025,2025,8,Q3,MKT002,Los Angeles,CA,West,CH002,Drug Store,RET003,Pharmacy Plus,Regional,CAT001,Deodorants & Fragrances,SUB005,Antiperspirant,MFG002,Procter & Gamble,BR010-Olay,Olay,PROD404,848,Olay Antiperspirant Classic,12,PACK,4,317,317,0,0,15216,5455.57,5455.57,0,17.21,17.21,93.2,4.9,0,CIRCANA_SYNTHETIC,0,0.3585,2026-09-03T10:30:00Z
FCT000542,W0043,11-20-2025,2025,12,Q4,MKT005,Phoenix,AZ,West,CH001,Grocery,RET003,Pharmacy Plus,Regional,CAT001,Deodorants & Fragrances,SUB001,Aerosol Deodorant,MFG005,Colgate Palmolive,BR022-Speed-Stick,Speed,PROD003,938,Speed Aerosol Deodorant Classic,6,OZ,4,405,405,0,0,9720,1372.95,1372.95,0,3.39,3.39,21.0,3.32,0,CIRCANA_SYNTHETIC,0,0.1413,2026-09-03T10:30:00Z
FCT000543,W0021,10-02-2025,2025,5,Q2,MKT006,Philadelphia,PA,Northeast,CH002,Drug Store,RET005,Warehouse Club,National,CAT001,Deodorants & Fragrances,SUB004,Gel Deodorant,MFG005,Colgate Palmolive,BR025-Palmolive,Palmolive,PROD301,307,Palmolive Gel Deodorant Classic,6,CT,2,424,385,39,39,5088,9702.85,8885.8,817.05,23.08,20.95,53.9,9.35,1,CIRCANA_SYNTHETIC,10.13,1.7458,2026-09-03T10:30:00Z
FCT000544,W0010,02-12-2026,2025,2,Q1,MKT007,San Antonio,TX,South,CH002,Drug Store,RET003,Pharmacy Plus,Regional,CAT001,Deodorants & Fragrances,SUB001,Aerosol Deodorant,MFG005,Colgate Palmolive,BR021-Tom's,Tom's,PROD003,460,Tom's Aerosol Deodorant Light,4,ROLL,2,173,173,0,0,1384,1408.22,1408.22,0,8.14,8.14,55.7,8.01,0,CIRCANA_SYNTHETIC,0,1.0175,2026-09-03T10:30:00Z
FCT000545,W0033,02-26-2026,2025,9,Q3,MKT006,Philadelphia,PA,Northeast,CH004,E-Commerce,RET002,Regional Foods,Regional,CAT001,Deodorants & Fragrances,SUB005,Antiperspirant,MFG002,Procter & Gamble,BR009-Native,Native,PROD401,293,Native Antiperspirant Classic,18,FL OZ,1,189,77,112,112,3402,559.09,241.01,318.08,3.13,2.84,89.6,2.99,1,CIRCANA_SYNTHETIC,145.45,0.1578,2026-09-03T10:30:00Z
FCT000546,W0007,11-06-2025,2025,1,Q1,MKT009,Dallas,TX,South,CH005,Club,RET004,Online Direct,National,CAT001,Deodorants & Fragrances,SUB005,Antiperspirant,MFG005,Colgate Palmolive,BR024-Lady-Speed-Stick,Lady,PROD403,644,Lady Antiperspirant Original,12,OZ,1,106,106,0,0,1272,2394.54,2394.54,0,22.59,22.59,63.1,3.66,0,CIRCANA_SYNTHETIC,0,1.8825,2026-09-03T10:30:00Z
FCT000547,W0047,09-04-2025,2025,12,Q4,MKT007,San Antonio,TX,South,CH004,E-Commerce,RET004,Online Direct,National,CAT001,Deodorants & Fragrances,SUB002,Stick Deodorant,MFG001,Unilever,BR002-Axe,Axe,PROD105,289,Axe Stick Deodorant Fresh,8,CT,3,355,303,52,52,8520,5872.79,5044.95,827.84,16.65,15.92,41.6,0.15,1,CIRCANA_SYNTHETIC,17.16,0.6633,2026-09-03T10:30:00Z
FCT000548,W0022,02-12-2026,2025,3,Q1,MKT003,Chicago,IL,Midwest,CH003,Mass Merchandiser,RET001,National Grocery Co,National,CAT001,Deodorants & Fragrances,SUB003,Roll-On Deodorant,MFG002,Procter & Gamble,BR007-Old Spice,Old Spice,PROD202,274,Old Spice Roll-On Deodorant Original,48,ROLL,3,391,391,0,0,56304,969.68,969.68,0,2.48,2.48,93.1,13.23,0,CIRCANA_SYNTHETIC,0,0.0172,2026-09-03T10:30:00Z
FCT000549,W0003,09-04-2025,2025,1,Q1,MKT001,New York,NY,Northeast,CH004,E-Commerce,RET002,Regional Foods,Regional,CAT001,Deodorants & Fragrances,SUB004,Gel Deodorant,MFG004,Church & Dwight,BR016-Arm-Hammer,Arm,PROD305,459,Arm Gel Deodorant Fresh,8,CT,1,535,477,58,58,4280,2292.96,2051.1,241.86,4.3,4.17,45.2,7.41,1,CIRCANA_SYNTHETIC,12.16,0.5212,2026-09-03T10:30:00Z
FCT000550,W0046,04-09-2026,2026,9,Q3,MKT006,Philadelphia,PA,Northeast,CH004,E-Commerce,RET001,National Grocery Co,National,CAT001,Deodorants & Fragrances,SUB004,Gel Deodorant,MFG003,Henkel,BR013-Monsavon,Monsavon,PROD303,350,Monsavon Gel Deodorant Fresh,4,CT,4,176,107,69,69,2816,3740.85,2320.83,1420.02,21.69,20.58,30.6,7.52,1,CIRCANA_SYNTHETIC,64.49,1.2862,2026-09-03T10:30:00Z
FCT000551,W0041,11-06-2025,2025,9,Q3,MKT002,Los Angeles,CA,West,CH002,Drug Store,RET004,Online Direct,National,CAT001,Deodorants & Fragrances,SUB003,Roll-On Deodorant,MFG001,Unilever,BR003-Degree,Degree,PROD202,382,Degree Roll-On Deodorant Light,8,FL OZ,6,632,498,134,134,30336,6197.3,4989.96,1207.34,10.02,9.01,64.2,14.18,1,CIRCANA_SYNTHETIC,26.91,0.1877,2026-09-03T10:30:00Z
FCT000552,W0051,02-12-2026,2025,10,Q4,MKT009,Dallas,TX,South,CH003,Mass Merchandiser,RET005,Warehouse Club,National,CAT001,Deodorants & Fragrances,SUB001,Aerosol Deodorant,MFG001,Unilever,BR004-Rexona,Rexona,PROD005,671,Rexona Aerosol Deodorant Organic,4,ROLL,6,225,197,28,28,5400,1203.22,1059.86,143.36,5.38,5.12,59.2,4.42,1,CIRCANA_SYNTHETIC,14.21,0.2133,2026-09-03T10:30:00Z
FCT000553,W0014,04-30-2026,2026,10,Q4,MKT002,Los Angeles,CA,West,CH003,Mass Merchandiser,RET001,National Grocery Co,National,CAT001,Deodorants & Fragrances,SUB004,Gel Deodorant,MFG004,Church & Dwight,BR016-Arm-Hammer,Arm,PROD303,357,Arm Gel Deodorant Organic,48,FL OZ,1,77,77,0,0,3696,916.3,916.3,0,11.9,11.9,69.5,0.11,0,CIRCANA_SYNTHETIC,0,0.2479,2026-09-03T10:30:00Z
FCT000554,W0047,06-11-2026,2026,7,Q3,MKT009,Dallas,TX,South,CH002,Drug Store,RET001,National Grocery Co,National,CAT001,Deodorants & Fragrances,SUB003,Roll-On Deodorant,MFG003,Henkel,BR012-Fa,Fa,PROD205,495,Fa Roll-On Deodorant Classic,12,OZ,4,198,198,0,0,9504,4645.08,4645.08,0,23.46,23.46,38.7,10.21,0,CIRCANA_SYNTHETIC,0,0.4888,2026-09-03T10:30:00Z
FCT000555,W0028,11-06-2025,2025,6,Q2,MKT005,Phoenix,AZ,West,CH005,Club,RET003,Pharmacy Plus,Regional,CAT001,Deodorants & Fragrances,SUB001,Aerosol Deodorant,MFG002,Procter & Gamble,BR010-Olay,Olay,PROD003,404,Olay Aerosol Deodorant Fresh,12,FL OZ,2,399,399,0,0,9576,4620.42,4620.42,0,11.58,11.58,35.0,4.64,0,CIRCANA_SYNTHETIC,0,0.4825,2026-09-03T10:30:00Z
FCT000556,W0029,10-30-2025,2025,6,Q2,MKT007,San Antonio,TX,South,CH004,E-Commerce,RET001,National Grocery Co,National,CAT001,Deodorants & Fragrances,SUB005,Antiperspirant,MFG002,Procter & Gamble,BR010-Olay,Olay,PROD402,885,Olay Antiperspirant Classic,30,ROLL,4,379,289,90,90,45480,8962.19,6967.79,1994.4,24.11,22.16,88.4,0.49,1,CIRCANA_SYNTHETIC,31.14,0.1847,2026-09-03T10:30:00Z
FCT000557,W0009,12-04-2025,2025,9,Q3,MKT005,Phoenix,AZ,West,CH002,Drug Store,RET005,Warehouse Club,National,CAT001,Deodorants & Fragrances,SUB002,Stick Deodorant,MFG005,Colgate Palmolive,BR023-Colgate,Colgate,PROD105,959,Colgate Stick Deodorant Original,30,CT,4,270,77,193,193,32400,4430.5,1340.57,3089.93,17.41,16.01,77.2,7.82,1,CIRCANA_SYNTHETIC,250.65,0.1334,2026-09-03T10:30:00Z
FCT000558,W0037,02-05-2026,2025,12,Q4,MKT002,Los Angeles,CA,West,CH003,Mass Merchandiser,RET005,Warehouse Club,National,CAT001,Deodorants & Fragrances,SUB001,Aerosol Deodorant,MFG001,Unilever,BR003-Degree,Degree,PROD003,675,Degree Aerosol Deodorant Classic,6,PACK,6,507,492,15,15,18252,6962.55,6765.0,197.55,13.75,13.17,72.6,7.79,1,CIRCANA_SYNTHETIC,3.05,0.3658,2026-09-03T10:30:00Z
FCT000559,W0045,06-11-2026,2026,2,Q1,MKT005,Phoenix,AZ,West,CH003,Mass Merchandiser,RET001,National Grocery Co,National,CAT001,Deodorants & Fragrances,SUB002,Stick Deodorant,MFG004,Church & Dwight,BR020-Trojan,Trojan,PROD102,125,Trojan Stick Deodorant Fresh,8,PACK,1,50,50,0,0,400,698.0,698.0,0,13.96,13.96,38.5,1.64,0,CIRCANA_SYNTHETIC,0,1.745,2026-09-03T10:30:00Z
FCT000560,W0016,01-08-2026,2025,5,Q2,MKT002,Los Angeles,CA,West,CH003,Mass Merchandiser,RET004,Online Direct,National,CAT001,Deodorants & Fragrances,SUB004,Gel Deodorant,MFG004,Church & Dwight,BR017-Nubian,Nubian,PROD301,274,Nubian Gel Deodorant Fresh,6,ROLL,2,657,489,168,168,7884,10584.87,8132.07,2452.8,16.63,14.6,81.4,9.9,1,CIRCANA_SYNTHETIC,34.36,1.2167,2026-09-03T10:30:00Z
FCT000561,W0024,11-13-2025,2025,5,Q2,MKT005,Phoenix,AZ,West,CH003,Mass Merchandiser,RET001,National Grocery Co,National,CAT001,Deodorants & Fragrances,SUB004,Gel Deodorant,MFG005,Colgate Palmolive,BR024-Lady-Speed-Stick,Lady,PROD304,498,Lady Gel Deodorant Original,6,ROLL,4,425,247,178,178,10200,8330.05,5115.37,3214.68,20.71,18.06,41.3,1.89,1,CIRCANA_SYNTHETIC,72.06,0.7525,2026-09-03T10:30:00Z
FCT000562,W0047,02-12-2026,2025,5,Q2,MKT008,San Diego,CA,West,CH001,Grocery,RET003,Pharmacy Plus,Regional,CAT001,Deodorants & Fragrances,SUB001,Aerosol Deodorant,MFG002,Procter & Gamble,BR009-Native,Native,PROD005,625,Native Aerosol Deodorant Original,24,PACK,5,131,131,0,0,15720,897.35,897.35,0,6.85,6.85,87.7,7.92,0,CIRCANA_SYNTHETIC,0,0.0571,2026-09-03T10:30:00Z
FCT000563,W0051,10-02-2025,2025,11,Q4,MKT010,San Jose,CA,West,CH003,Mass Merchandiser,RET004,Online Direct,National,CAT001,Deodorants & Fragrances,SUB002,Stick Deodorant,MFG002,Procter & Gamble,BR008-Secret,Secret,PROD103,774,Secret Stick Deodorant Fresh,48,ROLL,4,268,251,17,17,51456,4235.92,3998.43,237.49,15.93,13.97,73.1,7.65,1,CIRCANA_SYNTHETIC,6.77,0.0728,2026-09-03T10:30:00Z
FCT000564,W0026,08-06-2026,2026,1,Q1,MKT010,San Jose,CA,West,CH005,Club,RET003,Pharmacy Plus,Regional,CAT001,Deodorants & Fragrances,SUB002,Stick Deodorant,MFG005,Colgate Palmolive,BR025-Palmolive,Palmolive,PROD103,431,Palmolive Stick Deodorant Organic,8,CT,1,486,486,0,0,3888,8407.8,8407.8,0,17.3,17.3,57.5,10.22,0,CIRCANA_SYNTHETIC,0,2.1625,2026-09-03T10:30:00Z
FCT000565,W0017,07-16-2026,2026,1,Q1,MKT007,San Antonio,TX,South,CH004,E-Commerce,RET001,National Grocery Co,National,CAT001,Deodorants & Fragrances,SUB001,Aerosol Deodorant,MFG001,Unilever,BR005-Lume,Lume,PROD002,815,Lume Aerosol Deodorant Classic,24,PACK,6,276,276,0,0,39744,5889.84,5889.84,0,21.34,21.34,89.3,4.89,0,CIRCANA_SYNTHETIC,0,0.1482,2026-09-03T10:30:00Z
FCT000566,W0029,11-06-2025,2025,5,Q2,MKT009,Dallas,TX,South,CH002,Drug Store,RET002,Regional Foods,Regional,CAT001,Deodorants & Fragrances,SUB002,Stick Deodorant,MFG003,Henkel,BR014-Dial,Dial,PROD105,744,Dial Stick Deodorant Original,8,ROLL,5,153,153,0,0,6120,3151.8,3151.8,0,20.6,20.6,34.4,8.77,0,CIRCANA_SYNTHETIC,0,0.515,2026-09-03T10:30:00Z
FCT000567,W0005,04-09-2026,2026,3,Q1,MKT001,New York,NY,Northeast,CH003,Mass Merchandiser,RET004,Online Direct,National,CAT001,Deodorants & Fragrances,SUB001,Aerosol Deodorant,MFG005,Colgate Palmolive,BR025-Palmolive,Palmolive,PROD002,549,Palmolive Aerosol Deodorant Classic,48,PACK,3,200,147,53,53,28800,2032.05,1499.4,532.65,10.2,10.05,84.0,12.04,1,CIRCANA_SYNTHETIC,36.05,0.0698,2026-09-03T10:30:00Z
FCT000568,W0008,01-29-2026,2025,4,Q2,MKT002,Los Angeles,CA,West,CH002,Drug Store,RET005,Warehouse Club,National,CAT001,Deodorants & Fragrances,SUB001,Aerosol Deodorant,MFG003,Henkel,BR011-Nivea,Nivea,PROD005,499,Nivea Aerosol Deodorant Light,24,OZ,2,357,357,0,0,17136,7457.73,7457.73,0,20.89,20.89,41.7,12.44,0,CIRCANA_SYNTHETIC,0,0.4352,2026-09-03T10:30:00Z
FCT000569,W0040,01-22-2026,2025,5,Q2,MKT002,Los Angeles,CA,West,CH005,Club,RET005,Warehouse Club,National,CAT001,Deodorants & Fragrances,SUB002,Stick Deodorant,MFG002,Procter & Gamble,BR010-Olay,Olay,PROD103,531,Olay Stick Deodorant Light,6,PACK,4,380,366,14,14,9120,8948.3,8619.3,329.0,23.55,23.5,69.0,0.58,1,CIRCANA_SYNTHETIC,3.83,0.9792,2026-09-03T10:30:00Z
FCT000570,W0016,01-29-2026,2025,2,Q1,MKT003,Chicago,IL,Midwest,CH002,Drug Store,RET005,Warehouse Club,National,CAT001,Deodorants & Fragrances,SUB003,Roll-On Deodorant,MFG003,Henkel,BR011-Nivea,Nivea,PROD201,590,Nivea Roll-On Deodorant Organic,6,ROLL,5,227,227,0,0,6810,4313.0,4313.0,0,19.0,19.0,89.7,13.32,0,CIRCANA_SYNTHETIC,0,0.6333,2026-09-03T10:30:00Z
FCT000571,W0028,02-05-2026,2025,5,Q2,MKT001,New York,NY,Northeast,CH004,E-Commerce,RET005,Warehouse Club,National,CAT001,Deodorants & Fragrances,SUB001,Aerosol Deodorant,MFG002,Procter & Gamble,BR008-Secret,Secret,PROD001,855,Secret Aerosol Deodorant Original,4,OZ,2,60,60,0,0,480,857.4,857.4,0,14.29,14.29,84.5,10.26,0,CIRCANA_SYNTHETIC,0,1.7862,2026-09-03T10:30:00Z
FCT000572,W0009,07-16-2026,2026,8,Q3,MKT007,San Antonio,TX,South,CH002,Drug Store,RET004,Online Direct,National,CAT001,Deodorants & Fragrances,SUB001,Aerosol Deodorant,MFG004,Church & Dwight,BR020-Trojan,Trojan,PROD004,194,Trojan Aerosol Deodorant Fresh,24,FL OZ,2,365,365,0,0,17520,3609.85,3609.85,0,9.89,9.89,88.9,3.65,0,CIRCANA_SYNTHETIC,0,0.206,2026-09-03T10:30:00Z
FCT000573,W0004,08-06-2026,2026,1,Q1,MKT009,Dallas,TX,South,CH005,Club,RET001,National Grocery Co,National,CAT001,Deodorants & Fragrances,SUB002,Stick Deodorant,MFG001,Unilever,BR002-Axe,Axe,PROD104,399,Axe Stick Deodorant Organic,8,FL OZ,1,274,274,0,0,2192,2526.28,2526.28,0,9.22,9.22,65.2,13.37,0,CIRCANA_SYNTHETIC,0,1.1525,2026-09-03T10:30:00Z
FCT000574,W0032,10-23-2025,2025,12,Q4,MKT002,Los Angeles,CA,West,CH001,Grocery,RET003,Pharmacy Plus,Regional,CAT001,Deodorants & Fragrances,SUB004,Gel Deodorant,MFG005,Colgate Palmolive,BR022-Speed-Stick,Speed,PROD301,373,Speed Gel Deodorant Light,48,FL OZ,3,545,489,56,56,78480,10748.58,9750.66,997.92,19.94,17.82,69.0,7.95,1,CIRCANA_SYNTHETIC,11.45,0.1237,2026-09-03T10:30:00Z
FCT000575,W0014,07-09-2026,2026,9,Q3,MKT007,San Antonio,TX,South,CH005,Club,RET004,Online Direct,National,CAT001,Deodorants & Fragrances,SUB001,Aerosol Deodorant,MFG003,Henkel,BR011-Nivea,Nivea,PROD003,340,Nivea Aerosol Deodorant Classic,12,OZ,3,206,206,0,0,7416,3846.02,3846.02,0,18.67,18.67,79.1,0.63,0,CIRCANA_SYNTHETIC,0,0.5186,2026-09-03T10:30:00Z
FCT000576,W0025,04-23-2026,2026,2,Q1,MKT008,San Diego,CA,West,CH001,Grocery,RET003,Pharmacy Plus,Regional,CAT001,Deodorants & Fragrances,SUB001,Aerosol Deodorant,MFG003,Henkel,BR015-Right Guard,Right Guard,PROD001,310,Right Guard Aerosol Deodorant Classic,30,ROLL,1,192,192,0,0,5760,4193.28,4193.28,0,21.84,21.84,48.8,0.76,0,CIRCANA_SYNTHETIC,0,0.728,2026-09-03T10:30:00Z
FCT000577,W0002,12-11-2025,2025,6,Q2,MKT001,New York,NY,Northeast,CH003,Mass Merchandiser,RET001,National Grocery Co,National,CAT001,Deodorants & Fragrances,SUB004,Gel Deodorant,MFG005,Colgate Palmolive,BR023-Colgate,Colgate,PROD305,853,Colgate Gel Deodorant Original,12,OZ,3,656,464,192,192,23616,12057.12,8672.16,3384.96,18.69,17.63,84.9,11.76,1,CIRCANA_SYNTHETIC,41.38,0.4897,2026-09-03T10:30:00Z
FCT000578,W0047,12-25-2025,2025,9,Q3,MKT005,Phoenix,AZ,West,CH005,Club,RET004,Online Direct,National,CAT001,Deodorants & Fragrances,SUB005,Antiperspirant,MFG004,Church & Dwight,BR020-Trojan,Trojan,PROD404,355,Trojan Antiperspirant Fresh,48,CT,2,230,133,97,97,22080,5022.81,3043.04,1979.77,22.88,20.41,71.2,4.19,1,CIRCANA_SYNTHETIC,72.93,0.2126,2026-09-03T10:30:00Z
FCT000579,W0018,11-13-2025,2025,5,Q2,MKT007,San Antonio,TX,South,CH001,Grocery,RET005,Warehouse Club,National,CAT001,Deodorants & Fragrances,SUB003,Roll-On Deodorant,MFG003,Henkel,BR013-Monsavon,Monsavon,PROD205,573,Monsavon Roll-On Deodorant Original,18,PACK,6,113,113,0,0,12204,1059.94,1059.94,0,9.38,9.38,39.8,2.76,0,CIRCANA_SYNTHETIC,0,0.0869,2026-09-03T10:30:00Z
FCT000580,W0027,08-13-2026,2026,10,Q4,MKT001,New York,NY,Northeast,CH003,Mass Merchandiser,RET004,Online Direct,National,CAT001,Deodorants & Fragrances,SUB001,Aerosol Deodorant,MFG005,Colgate Palmolive,BR022-Speed-Stick,Speed,PROD004,989,Speed Aerosol Deodorant Classic,24,OZ,4,191,191,0,0,18336,1172.74,1172.74,0,6.14,6.14,77.4,4.21,0,CIRCANA_SYNTHETIC,0,0.064,2026-09-03T10:30:00Z
FCT000581,W0042,08-20-2026,2026,3,Q1,MKT003,Chicago,IL,Midwest,CH005,Club,RET001,National Grocery Co,National,CAT001,Deodorants & Fragrances,SUB002,Stick Deodorant,MFG002,Procter & Gamble,BR006-Gillette,Gillette,PROD102,116,Gillette Stick Deodorant Light,4,PACK,6,427,346,81,81,10248,3087.43,2505.04,582.39,7.24,7.19,94.4,14.63,1,CIRCANA_SYNTHETIC,23.41,0.2996,2026-09-03T10:30:00Z
FCT000582,W0008,01-22-2026,2025,2,Q1,MKT006,Philadelphia,PA,Northeast,CH001,Grocery,RET001,National Grocery Co,National,CAT001,Deodorants & Fragrances,SUB005,Antiperspirant,MFG005,Colgate Palmolive,BR024-Lady-Speed-Stick,Lady,PROD402,536,Lady Antiperspirant Light,24,PACK,3,154,154,0,0,11088,3244.78,3244.78,0,21.07,21.07,71.1,1.16,0,CIRCANA_SYNTHETIC,0,0.2926,2026-09-03T10:30:00Z
FCT000583,W0031,04-30-2026,2026,10,Q4,MKT010,San Jose,CA,West,CH003,Mass Merchandiser,RET003,Pharmacy Plus,Regional,CAT001,Deodorants & Fragrances,SUB001,Aerosol Deodorant,MFG004,Church & Dwight,BR018-Purity,Purity,PROD003,723,Purity Aerosol Deodorant Organic,24,OZ,3,132,132,0,0,9504,3088.8,3088.8,0,23.4,23.4,88.4,0.48,0,CIRCANA_SYNTHETIC,0,0.325,2026-09-03T10:30:00Z
FCT000584,W0003,11-13-2025,2025,12,Q4,MKT010,San Jose,CA,West,CH003,Mass Merchandiser,RET002,Regional Foods,Regional,CAT001,Deodorants & Fragrances,SUB005,Antiperspirant,MFG004,Church & Dwight,BR020-Trojan,Trojan,PROD405,851,Trojan Antiperspirant Classic,6,OZ,2,245,245,0,0,2940,3675.0,3675.0,0,15.0,15.0,94.8,9.49,0,CIRCANA_SYNTHETIC,0,1.25,2026-09-03T10:30:00Z
FCT000585,W0021,05-07-2026,2026,4,Q2,MKT010,San Jose,CA,West,CH004,E-Commerce,RET005,Warehouse Club,National,CAT001,Deodorants & Fragrances,SUB005,Antiperspirant,MFG005,Colgate Palmolive,BR024-Lady-Speed-Stick,Lady,PROD401,850,Lady Antiperspirant Classic,12,FL OZ,2,258,174,84,84,6192,3180.36,2171.52,1008.84,12.48,12.01,28.7,3.69,1,CIRCANA_SYNTHETIC,48.28,0.5004,2026-09-03T10:30:00Z
FCT000586,W0039,05-28-2026,2026,8,Q3,MKT009,Dallas,TX,South,CH005,Club,RET001,National Grocery Co,National,CAT001,Deodorants & Fragrances,SUB001,Aerosol Deodorant,MFG003,Henkel,BR014-Dial,Dial,PROD003,366,Dial Aerosol Deodorant Light,8,PACK,2,312,167,145,145,4992,5941.12,3316.62,2624.5,19.86,18.1,63.9,2.16,1,CIRCANA_SYNTHETIC,86.83,1.1313,2026-09-03T10:30:00Z
FCT000587,W0037,01-29-2026,2025,11,Q4,MKT002,Los Angeles,CA,West,CH004,E-Commerce,RET004,Online Direct,National,CAT001,Deodorants & Fragrances,SUB003,Roll-On Deodorant,MFG005,Colgate Palmolive,BR022-Speed-Stick,Speed,PROD201,581,Speed Roll-On Deodorant Original,48,OZ,2,142,142,0,0,13632,678.76,678.76,0,4.78,4.78,39.8,8.36,0,CIRCANA_SYNTHETIC,0,0.0498,2026-09-03T10:30:00Z
FCT000588,W0034,03-19-2026,2026,7,Q3,MKT001,New York,NY,Northeast,CH002,Drug Store,RET001,National Grocery Co,National,CAT001,Deodorants & Fragrances,SUB001,Aerosol Deodorant,MFG002,Procter & Gamble,BR010-Olay,Olay,PROD004,210,Olay Aerosol Deodorant Original,12,FL OZ,1,217,115,102,102,2604,2089.23,1121.25,967.98,9.75,9.49,45.2,9.17,1,CIRCANA_SYNTHETIC,88.7,0.7908,2026-09-03T10:30:00Z
FCT000589,W0045,07-09-2026,2026,12,Q4,MKT007,San Antonio,TX,South,CH004,E-Commerce,RET004,Online Direct,National,CAT001,Deodorants & Fragrances,SUB003,Roll-On Deodorant,MFG003,Henkel,BR014-Dial,Dial,PROD204,488,Dial Roll-On Deodorant Light,6,CT,1,420,420,0,0,2520,6573.0,6573.0,0,15.65,15.65,47.7,9.78,0,CIRCANA_SYNTHETIC,0,2.6083,2026-09-03T10:30:00Z
FCT000590,W0032,04-09-2026,2026,1,Q1,MKT010,San Jose,CA,West,CH003,Mass Merchandiser,RET001,National Grocery Co,National,CAT001,Deodorants & Fragrances,SUB002,Stick Deodorant,MFG002,Procter & Gamble,BR008-Secret,Secret,PROD105,848,Secret Stick Deodorant Organic,30,FL OZ,2,278,196,82,82,16680,6370.46,4690.28,1680.18,23.93,20.49,90.9,13.25,1,CIRCANA_SYNTHETIC,41.84,0.3415,2026-09-03T10:30:00Z
FCT000591,W0019,06-25-2026,2026,2,Q1,MKT010,San Jose,CA,West,CH005,Club,RET003,Pharmacy Plus,Regional,CAT001,Deodorants & Fragrances,SUB005,Antiperspirant,MFG001,Unilever,BR003-Degree,Degree,PROD403,337,Degree Antiperspirant Light,48,CT,2,314,190,124,124,30144,2699.32,1641.6,1057.72,8.64,8.53,94.2,11.33,1,CIRCANA_SYNTHETIC,65.26,0.0889,2026-09-03T10:30:00Z
FCT000592,W0003,01-08-2026,2025,9,Q3,MKT009,Dallas,TX,South,CH005,Club,RET002,Regional Foods,Regional,CAT001,Deodorants & Fragrances,SUB001,Aerosol Deodorant,MFG001,Unilever,BR005-Lume,Lume,PROD002,849,Lume Aerosol Deodorant Classic,48,OZ,3,53,53,0,0,7632,353.51,353.51,0,6.67,6.67,90.6,8.61,0,CIRCANA_SYNTHETIC,0,0.0463,2026-09-03T10:30:00Z
FCT000593,W0017,07-30-2026,2026,3,Q1,MKT002,Los Angeles,CA,West,CH001,Grocery,RET004,Online Direct,National,CAT001,Deodorants & Fragrances,SUB004,Gel Deodorant,MFG004,Church & Dwight,BR019-Brut,Brut,PROD303,443,Brut Gel Deodorant Light,6,FL OZ,1,595,424,171,171,3570,10995.07,8106.88,2888.19,19.12,16.89,25.6,2.44,1,CIRCANA_SYNTHETIC,40.33,2.815,2026-09-03T10:30:00Z
FCT000594,W0021,06-11-2026,2026,9,Q3,MKT006,Philadelphia,PA,Northeast,CH001,Grocery,RET004,Online Direct,National,CAT001,Deodorants & Fragrances,SUB005,Antiperspirant,MFG001,Unilever,BR005-Lume,Lume,PROD401,300,Lume Antiperspirant Light,4,CT,2,374,374,0,0,2992,5793.26,5793.26,0,15.49,15.49,85.4,3.38,0,CIRCANA_SYNTHETIC,0,1.9363,2026-09-03T10:30:00Z
FCT000595,W0041,07-30-2026,2026,9,Q3,MKT003,Chicago,IL,Midwest,CH004,E-Commerce,RET003,Pharmacy Plus,Regional,CAT001,Deodorants & Fragrances,SUB002,Stick Deodorant,MFG002,Procter & Gamble,BR007-Old Spice,Old Spice,PROD104,528,Old Spice Stick Deodorant Light,30,OZ,4,51,51,0,0,6120,756.33,756.33,0,14.83,14.83,35.6,2.75,0,CIRCANA_SYNTHETIC,0,0.1236,2026-09-03T10:30:00Z
FCT000596,W0015,04-30-2026,2026,11,Q4,MKT006,Philadelphia,PA,Northeast,CH004,E-Commerce,RET005,Warehouse Club,National,CAT001,Deodorants & Fragrances,SUB005,Antiperspirant,MFG002,Procter & Gamble,BR008-Secret,Secret,PROD402,873,Secret Antiperspirant Light,30,PACK,3,461,300,161,161,41490,6438.17,4350.0,2088.17,14.5,12.97,36.4,14.45,1,CIRCANA_SYNTHETIC,53.67,0.1441,2026-09-03T10:30:00Z
FCT000597,W0021,11-13-2025,2025,2,Q1,MKT004,Houston,TX,South,CH004,E-Commerce,RET001,National Grocery Co,National,CAT001,Deodorants & Fragrances,SUB004,Gel Deodorant,MFG002,Procter & Gamble,BR009-Native,Native,PROD303,320,Native Gel Deodorant Classic,8,ROLL,4,507,406,101,101,16224,7946.0,6422.92,1523.08,15.82,15.08,22.2,4.09,1,CIRCANA_SYNTHETIC,24.88,0.4713,2026-09-03T10:30:00Z
FCT000598,W0028,03-12-2026,2026,5,Q2,MKT005,Phoenix,AZ,West,CH003,Mass Merchandiser,RET004,Online Direct,National,CAT001,Deodorants & Fragrances,SUB005,Antiperspirant,MFG004,Church & Dwight,BR019-Brut,Brut,PROD403,326,Brut Antiperspirant Fresh,48,CT,3,187,187,0,0,26928,3109.81,3109.81,0,16.63,16.63,23.4,6.77,0,CIRCANA_SYNTHETIC,0,0.1155,2026-09-03T10:30:00Z
FCT000599,W0039,01-08-2026,2025,1,Q1,MKT002,Los Angeles,CA,West,CH005,Club,RET005,Warehouse Club,National,CAT001,Deodorants & Fragrances,SUB005,Antiperspirant,MFG003,Henkel,BR012-Fa,Fa,PROD402,164,Fa Antiperspirant Original,30,OZ,6,460,460,0,0,82800,4448.2,4448.2,0,9.67,9.67,46.5,11.51,0,CIRCANA_SYNTHETIC,0,0.0537,2026-09-03T10:30:00Z
FCT000600,W0019,09-11-2025,2025,3,Q1,MKT004,Houston,TX,South,CH002,Drug Store,RET005,Warehouse Club,National,CAT001,Deodorants & Fragrances,SUB003,Roll-On Deodorant,MFG004,Church & Dwight,BR017-Nubian,Nubian,PROD205,639,Nubian Roll-On Deodorant Original,12,PACK,6,324,219,105,105,23328,2381.58,1690.68,690.9,7.72,6.58,83.4,11.35,1,CIRCANA_SYNTHETIC,47.95,0.0914,2026-09-03T10:30:00Z
FCT000601,W0041,09-25-2025,2025,12,Q4,MKT003,Chicago,IL,Midwest,CH003,Mass Merchandiser,RET003,Pharmacy Plus,Regional,CAT001,Deodorants & Fragrances,SUB004,Gel Deodorant,MFG001,Unilever,BR002-Axe,Axe,PROD301,376,Axe Gel Deodorant Original,18,OZ,4,67,67,0,0,4824,1143.69,1143.69,0,17.07,17.07,29.8,11.13,0,CIRCANA_SYNTHETIC,0,0.2371,2026-09-03T10:30:00Z
FCT000602,W0010,07-23-2026,2026,12,Q4,MKT007,San Antonio,TX,South,CH001,Grocery,RET001,National Grocery Co,National,CAT001,Deodorants & Fragrances,SUB001,Aerosol Deodorant,MFG005,Colgate Palmolive,BR025-Palmolive,Palmolive,PROD005,370,Palmolive Aerosol Deodorant Fresh,18,FL OZ,4,304,149,155,155,21888,3876.02,2053.22,1822.8,13.78,11.76,40.6,3.12,1,CIRCANA_SYNTHETIC,104.03,0.1633,2026-09-03T10:30:00Z
FCT000603,W0018,02-05-2026,2025,5,Q2,MKT007,San Antonio,TX,South,CH001,Grocery,RET002,Regional Foods,Regional,CAT001,Deodorants & Fragrances,SUB004,Gel Deodorant,MFG004,Church & Dwight,BR020-Trojan,Trojan,PROD303,210,Trojan Gel Deodorant Classic,4,ROLL,6,245,245,0,0,5880,2707.25,2707.25,0,11.05,11.05,48.0,8.24,0,CIRCANA_SYNTHETIC,0,0.4604,2026-09-03T10:30:00Z
FCT000604,W0037,07-23-2026,2026,11,Q4,MKT007,San Antonio,TX,South,CH002,Drug Store,RET004,Online Direct,National,CAT001,Deodorants & Fragrances,SUB005,Antiperspirant,MFG003,Henkel,BR014-Dial,Dial,PROD401,244,Dial Antiperspirant Classic,6,OZ,5,256,220,36,36,7680,1503.52,1295.8,207.72,5.89,5.77,56.7,3.82,1,CIRCANA_SYNTHETIC,16.36,0.1923,2026-09-03T10:30:00Z
FCT000605,W0020,10-09-2025,2025,6,Q2,MKT004,Houston,TX,South,CH001,Grocery,RET004,Online Direct,National,CAT001,Deodorants & Fragrances,SUB005,Antiperspirant,MFG003,Henkel,BR014-Dial,Dial,PROD405,873,Dial Antiperspirant Fresh,24,PACK,5,68,68,0,0,8160,771.8,771.8,0,11.35,11.35,20.4,10.39,0,CIRCANA_SYNTHETIC,0,0.0946,2026-09-03T10:30:00Z
FCT000606,W0033,01-01-2026,2025,12,Q4,MKT006,Philadelphia,PA,Northeast,CH002,Drug Store,RET003,Pharmacy Plus,Regional,CAT001,Deodorants & Fragrances,SUB005,Antiperspirant,MFG004,Church & Dwight,BR019-Brut,Brut,PROD404,224,Brut Antiperspirant Organic,30,OZ,4,103,103,0,0,12360,507.79,507.79,0,4.93,4.93,21.0,7.85,0,CIRCANA_SYNTHETIC,0,0.0411,2026-09-03T10:30:00Z
FCT000607,W0032,07-09-2026,2026,12,Q4,MKT001,New York,NY,Northeast,CH004,E-Commerce,RET004,Online Direct,National,CAT001,Deodorants & Fragrances,SUB004,Gel Deodorant,MFG002,Procter & Gamble,BR010-Olay,Olay,PROD301,430,Olay Gel Deodorant Fresh,18,OZ,4,256,254,2,2,18432,6372.3,6324.6,47.7,24.9,23.85,86.0,4.14,1,CIRCANA_SYNTHETIC,0.79,0.3313,2026-09-03T10:30:00Z
FCT000608,W0046,03-26-2026,2026,9,Q3,MKT003,Chicago,IL,Midwest,CH003,Mass Merchandiser,RET005,Warehouse Club,National,CAT001,Deodorants & Fragrances,SUB005,Antiperspirant,MFG002,Procter & Gamble,BR010-Olay,Olay,PROD402,949,Olay Antiperspirant Classic,12,FL OZ,6,409,291,118,118,29448,7542.66,5400.96,2141.7,18.56,18.15,30.2,7.91,1,CIRCANA_SYNTHETIC,40.55,0.2521,2026-09-03T10:30:00Z
FCT000609,W0020,10-30-2025,2025,4,Q2,MKT003,Chicago,IL,Midwest,CH002,Drug Store,RET004,Online Direct,National,CAT001,Deodorants & Fragrances,SUB003,Roll-On Deodorant,MFG001,Unilever,BR001-Dove,Dove,PROD204,260,Dove Roll-On Deodorant Original,6,PACK,4,405,405,0,0,9720,3892.05,3892.05,0,9.61,9.61,24.6,7.08,0,CIRCANA_SYNTHETIC,0,0.4004,2026-09-03T10:30:00Z
FCT000610,W0028,12-18-2025,2025,12,Q4,MKT006,Philadelphia,PA,Northeast,CH001,Grocery,RET002,Regional Foods,Regional,CAT001,Deodorants & Fragrances,SUB005,Antiperspirant,MFG003,Henkel,BR013-Monsavon,Monsavon,PROD402,848,Monsavon Antiperspirant Organic,30,FL OZ,5,397,238,159,159,59550,5615.02,3436.72,2178.3,14.44,13.7,25.8,2.37,1,CIRCANA_SYNTHETIC,66.81,0.0913,2026-09-03T10:30:00Z
FCT000611,W0042,09-25-2025,2025,7,Q3,MKT010,San Jose,CA,West,CH001,Grocery,RET002,Regional Foods,Regional,CAT001,Deodorants & Fragrances,SUB002,Stick Deodorant,MFG005,Colgate Palmolive,BR025-Palmolive,Palmolive,PROD103,321,Palmolive Stick Deodorant Original,18,PACK,6,541,344,197,197,58428,11858.47,7881.04,3977.43,22.91,20.19,20.2,3.55,1,CIRCANA_SYNTHETIC,57.27,0.1869,2026-09-03T10:30:00Z
FCT000612,W0009,01-22-2026,2025,8,Q3,MKT008,San Diego,CA,West,CH001,Grocery,RET003,Pharmacy Plus,Regional,CAT001,Deodorants & Fragrances,SUB002,Stick Deodorant,MFG001,Unilever,BR001-Dove,Dove,PROD102,823,Dove Stick Deodorant Classic,24,FL OZ,5,510,390,120,120,61200,9668.4,7597.2,2071.2,19.48,17.26,49.5,11.63,1,CIRCANA_SYNTHETIC,30.77,0.1438,2026-09-03T10:30:00Z
FCT000613,W0011,11-27-2025,2025,5,Q2,MKT006,Philadelphia,PA,Northeast,CH005,Club,RET001,National Grocery Co,National,CAT001,Deodorants & Fragrances,SUB003,Roll-On Deodorant,MFG005,Colgate Palmolive,BR022-Speed-Stick,Speed,PROD205,671,Speed Roll-On Deodorant Classic,30,PACK,4,480,480,0,0,57600,6369.6,6369.6,0,13.27,13.27,79.2,10.31,0,CIRCANA_SYNTHETIC,0,0.1106,2026-09-03T10:30:00Z
FCT000614,W0040,01-01-2026,2025,4,Q2,MKT006,Philadelphia,PA,Northeast,CH004,E-Commerce,RET003,Pharmacy Plus,Regional,CAT001,Deodorants & Fragrances,SUB002,Stick Deodorant,MFG004,Church & Dwight,BR017-Nubian,Nubian,PROD101,477,Nubian Stick Deodorant Light,4,CT,4,286,241,45,45,4576,2890.0,2482.3,407.7,10.3,9.06,64.0,4.99,1,CIRCANA_SYNTHETIC,18.67,0.5663,2026-09-03T10:30:00Z
FCT000615,W0045,10-23-2025,2025,5,Q2,MKT001,New York,NY,Northeast,CH003,Mass Merchandiser,RET004,Online Direct,National,CAT001,Deodorants & Fragrances,SUB005,Antiperspirant,MFG004,Church & Dwight,BR016-Arm-Hammer,Arm,PROD403,868,Arm Antiperspirant Fresh,4,ROLL,5,384,370,14,14,7680,6333.72,6119.8,213.92,16.54,15.28,55.5,13.14,1,CIRCANA_SYNTHETIC,3.78,0.764,2026-09-03T10:30:00Z
FCT000616,W0006,03-05-2026,2025,2,Q1,MKT001,New York,NY,Northeast,CH005,Club,RET002,Regional Foods,Regional,CAT001,Deodorants & Fragrances,SUB001,Aerosol Deodorant,MFG002,Procter & Gamble,BR007-Old Spice,Old Spice,PROD003,770,Old Spice Aerosol Deodorant Fresh,4,FL OZ,1,277,277,0,0,1108,6019.21,6019.21,0,21.73,21.73,40.8,12.8,0,CIRCANA_SYNTHETIC,0,5.4325,2026-09-03T10:30:00Z
FCT000617,W0043,03-12-2026,2026,7,Q3,MKT003,Chicago,IL,Midwest,CH005,Club,RET003,Pharmacy Plus,Regional,CAT001,Deodorants & Fragrances,SUB003,Roll-On Deodorant,MFG005,Colgate Palmolive,BR021-Tom's,Tom's,PROD203,382,Tom's Roll-On Deodorant Fresh,12,PACK,2,83,83,0,0,1992,1557.91,1557.91,0,18.77,18.77,26.3,6.71,0,CIRCANA_SYNTHETIC,0,0.7821,2026-09-03T10:30:00Z
FCT000618,W0023,07-16-2026,2026,6,Q2,MKT003,Chicago,IL,Midwest,CH001,Grocery,RET003,Pharmacy Plus,Regional,CAT001,Deodorants & Fragrances,SUB005,Antiperspirant,MFG003,Henkel,BR015-Right Guard,Right Guard,PROD404,425,Right Guard Antiperspirant Fresh,6,PACK,4,518,340,178,178,12432,2078.64,1370.2,708.44,4.03,3.98,33.7,1.39,1,CIRCANA_SYNTHETIC,52.35,0.1658,2026-09-03T10:30:00Z
FCT000619,W0020,11-06-2025,2025,11,Q4,MKT004,Houston,TX,South,CH003,Mass Merchandiser,RET004,Online Direct,National,CAT001,Deodorants & Fragrances,SUB002,Stick Deodorant,MFG001,Unilever,BR002-Axe,Axe,PROD101,678,Axe Stick Deodorant Light,8,FL OZ,1,432,432,0,0,3456,4631.04,4631.04,0,10.72,10.72,41.5,4.26,0,CIRCANA_SYNTHETIC,0,1.34,2026-09-03T10:30:00Z
FCT000620,W0045,02-19-2026,2025,5,Q2,MKT005,Phoenix,AZ,West,CH002,Drug Store,RET002,Regional Foods,Regional,CAT001,Deodorants & Fragrances,SUB002,Stick Deodorant,MFG003,Henkel,BR013-Monsavon,Monsavon,PROD102,746,Monsavon Stick Deodorant Organic,24,PACK,3,300,300,0,0,21600,3006.0,3006.0,0,10.02,10.02,68.1,6.8,0,CIRCANA_SYNTHETIC,0,0.1392,2026-09-03T10:30:00Z
FCT000621,W0023,11-20-2025,2025,11,Q4,MKT003,Chicago,IL,Midwest,CH005,Club,RET005,Warehouse Club,National,CAT001,Deodorants & Fragrances,SUB005,Antiperspirant,MFG002,Procter & Gamble,BR009-Native,Native,PROD404,218,Native Antiperspirant Fresh,18,OZ,5,243,156,87,87,21870,4617.57,3087.24,1530.33,19.79,17.59,55.1,0.57,1,CIRCANA_SYNTHETIC,55.77,0.1954,2026-09-03T10:30:00Z
FCT000622,W0025,11-13-2025,2025,10,Q4,MKT008,San Diego,CA,West,CH005,Club,RET003,Pharmacy Plus,Regional,CAT001,Deodorants & Fragrances,SUB004,Gel Deodorant,MFG003,Henkel,BR015-Right Guard,Right Guard,PROD302,202,Right Guard Gel Deodorant Organic,6,FL OZ,1,215,215,0,0,1290,1214.75,1214.75,0,5.65,5.65,55.7,5.12,0,CIRCANA_SYNTHETIC,0,0.9417,2026-09-03T10:30:00Z
FCT000623,W0052,12-04-2025,2025,8,Q3,MKT008,San Diego,CA,West,CH005,Club,RET002,Regional Foods,Regional,CAT001,Deodorants & Fragrances,SUB003,Roll-On Deodorant,MFG001,Unilever,BR004-Rexona,Rexona,PROD202,141,Rexona Roll-On Deodorant Organic,48,CT,3,526,424,102,102,75744,9690.4,7903.36,1787.04,18.64,17.52,56.2,6.08,1,CIRCANA_SYNTHETIC,24.06,0.1217,2026-09-03T10:30:00Z
FCT000624,W0011,01-22-2026,2025,3,Q1,MKT005,Phoenix,AZ,West,CH005,Club,RET004,Online Direct,National,CAT001,Deodorants & Fragrances,SUB004,Gel Deodorant,MFG005,Colgate Palmolive,BR021-Tom's,Tom's,PROD304,416,Tom's Gel Deodorant Organic,12,PACK,2,533,355,178,178,12792,2570.67,1771.45,799.22,4.99,4.49,92.0,14.56,1,CIRCANA_SYNTHETIC,50.14,0.1871,2026-09-03T10:30:00Z
FCT000625,W0012,04-23-2026,2026,5,Q2,MKT003,Chicago,IL,Midwest,CH004,E-Commerce,RET001,National Grocery Co,National,CAT001,Deodorants & Fragrances,SUB004,Gel Deodorant,MFG002,Procter & Gamble,BR007-Old Spice,Old Spice,PROD304,965,Old Spice Gel Deodorant Light,12,CT,4,144,144,0,0,6912,586.08,586.08,0,4.07,4.07,38.4,10.3,0,CIRCANA_SYNTHETIC,0,0.0848,2026-09-03T10:30:00Z
FCT000626,W0045,06-04-2026,2026,8,Q3,MKT006,Philadelphia,PA,Northeast,CH001,Grocery,RET004,Online Direct,National,CAT001,Deodorants & Fragrances,SUB004,Gel Deodorant,MFG005,Colgate Palmolive,BR024-Lady-Speed-Stick,Lady,PROD302,389,Lady Gel Deodorant Classic,12,OZ,4,593,475,118,118,28464,2920.04,2356.0,564.04,4.96,4.78,30.0,11.62,1,CIRCANA_SYNTHETIC,24.84,0.0996,2026-09-03T10:30:00Z
FCT000627,W0039,06-18-2026,2026,4,Q2,MKT006,Philadelphia,PA,Northeast,CH004,E-Commerce,RET005,Warehouse Club,National,CAT001,Deodorants & Fragrances,SUB005,Antiperspirant,MFG001,Unilever,BR002-Axe,Axe,PROD401,292,Axe Antiperspirant Original,4,PACK,5,322,235,87,87,6440,6189.63,4533.15,1656.48,19.29,19.04,68.4,2.16,1,CIRCANA_SYNTHETIC,37.02,0.952,2026-09-03T10:30:00Z
FCT000628,W0010,04-30-2026,2026,5,Q2,MKT002,Los Angeles,CA,West,CH003,Mass Merchandiser,RET004,Online Direct,National,CAT001,Deodorants & Fragrances,SUB003,Roll-On Deodorant,MFG002,Procter & Gamble,BR009-Native,Native,PROD204,925,Native Roll-On Deodorant Original,4,FL OZ,4,518,395,123,123,8288,3107.69,2421.35,686.34,6.13,5.58,58.8,1.69,1,CIRCANA_SYNTHETIC,31.14,0.3488,2026-09-03T10:30:00Z
FCT000629,W0033,03-19-2026,2026,11,Q4,MKT001,New York,NY,Northeast,CH002,Drug Store,RET003,Pharmacy Plus,Regional,CAT001,Deodorants & Fragrances,SUB001,Aerosol Deodorant,MFG002,Procter & Gamble,BR010-Olay,Olay,PROD004,921,Olay Aerosol Deodorant Classic,30,ROLL,1,179,55,124,124,5370,1481.63,493.35,988.28,8.97,7.97,67.6,9.09,1,CIRCANA_SYNTHETIC,225.45,0.2657,2026-09-03T10:30:00Z
FCT000630,W0035,10-02-2025,2025,7,Q3,MKT009,Dallas,TX,South,CH003,Mass Merchandiser,RET001,National Grocery Co,National,CAT001,Deodorants & Fragrances,SUB004,Gel Deodorant,MFG002,Procter & Gamble,BR009-Native,Native,PROD303,845,Native Gel Deodorant Classic,4,FL OZ,6,126,126,0,0,3024,1961.82,1961.82,0,15.57,15.57,34.8,12.21,0,CIRCANA_SYNTHETIC,0,0.6488,2026-09-03T10:30:00Z
FCT000631,W0024,08-13-2026,2026,10,Q4,MKT005,Phoenix,AZ,West,CH001,Grocery,RET001,National Grocery Co,National,CAT001,Deodorants & Fragrances,SUB001,Aerosol Deodorant,MFG004,Church & Dwight,BR019-Brut,Brut,PROD004,432,Brut Aerosol Deodorant Light,24,FL OZ,1,287,179,108,108,6888,3963.52,2591.92,1371.6,14.48,12.7,46.8,0.36,1,CIRCANA_SYNTHETIC,60.34,0.5292,2026-09-03T10:30:00Z
FCT000632,W0012,07-30-2026,2026,9,Q3,MKT006,Philadelphia,PA,Northeast,CH001,Grocery,RET005,Warehouse Club,National,CAT001,Deodorants & Fragrances,SUB005,Antiperspirant,MFG004,Church & Dwight,BR017-Nubian,Nubian,PROD401,732,Nubian Antiperspirant Organic,8,ROLL,4,114,114,0,0,3648,2568.42,2568.42,0,22.53,22.53,45.9,6.92,0,CIRCANA_SYNTHETIC,0,0.7041,2026-09-03T10:30:00Z
FCT000633,W0047,11-27-2025,2025,2,Q1,MKT006,Philadelphia,PA,Northeast,CH003,Mass Merchandiser,RET001,National Grocery Co,National,CAT001,Deodorants & Fragrances,SUB001,Aerosol Deodorant,MFG002,Procter & Gamble,BR010-Olay,Olay,PROD001,363,Olay Aerosol Deodorant Original,6,FL OZ,6,497,312,185,185,17892,9248.36,5999.76,3248.6,19.23,17.56,21.7,14.26,1,CIRCANA_SYNTHETIC,59.29,0.4878,2026-09-03T10:30:00Z
FCT000634,W0035,09-18-2025,2025,4,Q2,MKT010,San Jose,CA,West,CH003,Mass Merchandiser,RET003,Pharmacy Plus,Regional,CAT001,Deodorants & Fragrances,SUB001,Aerosol Deodorant,MFG005,Colgate Palmolive,BR025-Palmolive,Palmolive,PROD002,613,Palmolive Aerosol Deodorant Original,48,CT,4,241,241,0,0,46272,2005.12,2005.12,0,8.32,8.32,71.7,2.87,0,CIRCANA_SYNTHETIC,0,0.0433,2026-09-03T10:30:00Z
FCT000635,W0051,03-05-2026,2025,11,Q4,MKT005,Phoenix,AZ,West,CH001,Grocery,RET004,Online Direct,National,CAT001,Deodorants & Fragrances,SUB002,Stick Deodorant,MFG002,Procter & Gamble,BR006-Gillette,Gillette,PROD103,330,Gillette Stick Deodorant Original,18,ROLL,5,190,190,0,0,17100,3834.2,3834.2,0,20.18,20.18,67.6,1.55,0,CIRCANA_SYNTHETIC,0,0.2242,2026-09-03T10:30:00Z
FCT000636,W0027,11-27-2025,2025,10,Q4,MKT010,San Jose,CA,West,CH003,Mass Merchandiser,RET005,Warehouse Club,National,CAT001,Deodorants & Fragrances,SUB002,Stick Deodorant,MFG004,Church & Dwight,BR020-Trojan,Trojan,PROD101,974,Trojan Stick Deodorant Classic,48,PACK,1,426,327,99,99,20448,4113.15,3234.03,879.12,9.89,8.88,81.7,2.36,1,CIRCANA_SYNTHETIC,30.28,0.185,2026-09-03T10:30:00Z
FCT000637,W0006,11-27-2025,2025,8,Q3,MKT007,San Antonio,TX,South,CH003,Mass Merchandiser,RET004,Online Direct,National,CAT001,Deodorants & Fragrances,SUB005,Antiperspirant,MFG001,Unilever,BR005-Lume,Lume,PROD402,698,Lume Antiperspirant Organic,24,FL OZ,3,145,92,53,53,10440,2709.88,1772.84,937.04,19.27,17.68,55.1,2.42,1,CIRCANA_SYNTHETIC,57.61,0.2456,2026-09-03T10:30:00Z
FCT000638,W0016,03-19-2026,2026,9,Q3,MKT007,San Antonio,TX,South,CH001,Grocery,RET003,Pharmacy Plus,Regional,CAT001,Deodorants & Fragrances,SUB005,Antiperspirant,MFG005,Colgate Palmolive,BR024-Lady-Speed-Stick,Lady,PROD404,282,Lady Antiperspirant Organic,6,OZ,4,243,243,0,0,5832,1705.86,1705.86,0,7.02,7.02,94.4,8.6,0,CIRCANA_SYNTHETIC,0,0.2925,2026-09-03T10:30:00Z
FCT000639,W0021,09-25-2025,2025,6,Q2,MKT006,Philadelphia,PA,Northeast,CH002,Drug Store,RET004,Online Direct,National,CAT001,Deodorants & Fragrances,SUB005,Antiperspirant,MFG005,Colgate Palmolive,BR023-Colgate,Colgate,PROD404,874,Colgate Antiperspirant Classic,24,PACK,5,390,390,0,0,46800,5557.5,5557.5,0,14.25,14.25,36.9,6.12,0,CIRCANA_SYNTHETIC,0,0.1187,2026-09-03T10:30:00Z
FCT000640,W0022,10-02-2025,2025,8,Q3,MKT003,Chicago,IL,Midwest,CH004,E-Commerce,RET003,Pharmacy Plus,Regional,CAT001,Deodorants & Fragrances,SUB004,Gel Deodorant,MFG001,Unilever,BR005-Lume,Lume,PROD302,751,Lume Gel Deodorant Original,6,ROLL,5,399,399,0,0,11970,6790.98,6790.98,0,17.02,17.02,93.1,6.21,0,CIRCANA_SYNTHETIC,0,0.5673,2026-09-03T10:30:00Z
FCT000641,W0047,03-05-2026,2025,1,Q1,MKT010,San Jose,CA,West,CH005,Club,RET001,National Grocery Co,National,CAT001,Deodorants & Fragrances,SUB002,Stick Deodorant,MFG005,Colgate Palmolive,BR025-Palmolive,Palmolive,PROD105,908,Palmolive Stick Deodorant Classic,8,PACK,6,425,362,63,63,20400,5351.0,4651.7,699.3,12.85,11.1,47.8,11.17,1,CIRCANA_SYNTHETIC,17.4,0.2312,2026-09-03T10:30:00Z
FCT000642,W0021,07-09-2026,2026,5,Q2,MKT006,Philadelphia,PA,Northeast,CH002,Drug Store,RET002,Regional Foods,Regional,CAT001,Deodorants & Fragrances,SUB002,Stick Deodorant,MFG004,Church & Dwight,BR017-Nubian,Nubian,PROD104,347,Nubian Stick Deodorant Organic,12,PACK,4,65,65,0,0,3120,816.4,816.4,0,12.56,12.56,71.3,6.71,0,CIRCANA_SYNTHETIC,0,0.2617,2026-09-03T10:30:00Z
FCT000643,W0047,08-06-2026,2026,1,Q1,MKT010,San Jose,CA,West,CH003,Mass Merchandiser,RET002,Regional Foods,Regional,CAT001,Deodorants & Fragrances,SUB005,Antiperspirant,MFG002,Procter & Gamble,BR009-Native,Native,PROD401,366,Native Antiperspirant Fresh,30,PACK,4,399,399,0,0,47880,8710.17,8710.17,0,21.83,21.83,25.3,6.31,0,CIRCANA_SYNTHETIC,0,0.1819,2026-09-03T10:30:00Z
FCT000644,W0052,03-12-2026,2026,12,Q4,MKT001,New York,NY,Northeast,CH004,E-Commerce,RET004,Online Direct,National,CAT001,Deodorants & Fragrances,SUB005,Antiperspirant,MFG001,Unilever,BR003-Degree,Degree,PROD405,249,Degree Antiperspirant Light,30,PACK,6,236,236,0,0,42480,3997.84,3997.84,0,16.94,16.94,52.1,1.95,0,CIRCANA_SYNTHETIC,0,0.0941,2026-09-03T10:30:00Z
FCT000645,W0014,05-14-2026,2026,2,Q1,MKT007,San Antonio,TX,South,CH003,Mass Merchandiser,RET002,Regional Foods,Regional,CAT001,Deodorants & Fragrances,SUB002,Stick Deodorant,MFG002,Procter & Gamble,BR009-Native,Native,PROD103,555,Native Stick Deodorant Light,6,ROLL,6,555,378,177,177,19980,7119.78,5031.18,2088.6,13.31,11.8,39.5,4.5,1,CIRCANA_SYNTHETIC,46.83,0.3278,2026-09-03T10:30:00Z
FCT000646,W0034,04-30-2026,2026,1,Q1,MKT005,Phoenix,AZ,West,CH005,Club,RET001,National Grocery Co,National,CAT001,Deodorants & Fragrances,SUB003,Roll-On Deodorant,MFG002,Procter & Gamble,BR007-Old Spice,Old Spice,PROD205,681,Old Spice Roll-On Deodorant Light,24,PACK,3,500,500,0,0,36000,9210.0,9210.0,0,18.42,18.42,43.0,10.77,0,CIRCANA_SYNTHETIC,0,0.2558,2026-09-03T10:30:00Z
FCT000647,W0025,05-14-2026,2026,11,Q4,MKT003,Chicago,IL,Midwest,CH002,Drug Store,RET002,Regional Foods,Regional,CAT001,Deodorants & Fragrances,SUB004,Gel Deodorant,MFG005,Colgate Palmolive,BR023-Colgate,Colgate,PROD303,620,Colgate Gel Deodorant Fresh,12,PACK,3,64,64,0,0,2304,346.24,346.24,0,5.41,5.41,20.9,5.53,0,CIRCANA_SYNTHETIC,0,0.1503,2026-09-03T10:30:00Z
FCT000648,W0021,01-15-2026,2025,6,Q2,MKT003,Chicago,IL,Midwest,CH003,Mass Merchandiser,RET002,Regional Foods,Regional,CAT001,Deodorants & Fragrances,SUB004,Gel Deodorant,MFG005,Colgate Palmolive,BR025-Palmolive,Palmolive,PROD305,450,Palmolive Gel Deodorant Organic,8,PACK,4,617,493,124,124,19744,3709.35,2972.79,736.56,6.03,5.94,21.1,14.21,1,CIRCANA_SYNTHETIC,25.15,0.1856,2026-09-03T10:30:00Z
FCT000649,W0023,01-29-2026,2025,8,Q3,MKT003,Chicago,IL,Midwest,CH003,Mass Merchandiser,RET005,Warehouse Club,National,CAT001,Deodorants & Fragrances,SUB002,Stick Deodorant,MFG001,Unilever,BR002-Axe,Axe,PROD102,437,Axe Stick Deodorant Fresh,12,CT,3,480,480,0,0,17280,8294.4,8294.4,0,17.28,17.28,49.9,1.57,0,CIRCANA_SYNTHETIC,0,0.48,2026-09-03T10:30:00Z
FCT000650,W0037,01-15-2026,2025,4,Q2,MKT009,Dallas,TX,South,CH005,Club,RET001,National Grocery Co,National,CAT001,Deodorants & Fragrances,SUB003,Roll-On Deodorant,MFG001,Unilever,BR004-Rexona,Rexona,PROD205,723,Rexona Roll-On Deodorant Light,8,CT,2,181,181,0,0,2896,3232.66,3232.66,0,17.86,17.86,54.2,0.7,0,CIRCANA_SYNTHETIC,0,1.1162,2026-09-03T10:30:00Z
FCT000651,W0014,05-28-2026,2026,4,Q2,MKT002,Los Angeles,CA,West,CH002,Drug Store,RET005,Warehouse Club,National,CAT001,Deodorants & Fragrances,SUB001,Aerosol Deodorant,MFG003,Henkel,BR011-Nivea,Nivea,PROD002,202,Nivea Aerosol Deodorant Fresh,4,FL OZ,6,312,287,25,25,7488,1140.91,1056.16,84.75,3.68,3.39,53.1,7.19,1,CIRCANA_SYNTHETIC,8.71,0.1413,2026-09-03T10:30:00Z
FCT000652,W0008,10-16-2025,2025,8,Q3,MKT005,Phoenix,AZ,West,CH005,Club,RET001,National Grocery Co,National,CAT001,Deodorants & Fragrances,SUB005,Antiperspirant,MFG005,Colgate Palmolive,BR024-Lady-Speed-Stick,Lady,PROD404,280,Lady Antiperspirant Light,48,OZ,3,351,351,0,0,50544,6791.85,6791.85,0,19.35,19.35,65.1,7.44,0,CIRCANA_SYNTHETIC,0,0.1344,2026-09-03T10:30:00Z
FCT000653,W0018,11-06-2025,2025,9,Q3,MKT005,Phoenix,AZ,West,CH003,Mass Merchandiser,RET005,Warehouse Club,National,CAT001,Deodorants & Fragrances,SUB005,Antiperspirant,MFG002,Procter & Gamble,BR008-Secret,Secret,PROD403,283,Secret Antiperspirant Original,6,CT,4,482,370,112,112,11568,1032.94,795.5,237.44,2.15,2.12,58.2,7.49,1,CIRCANA_SYNTHETIC,30.27,0.0883,2026-09-03T10:30:00Z
FCT000654,W0050,07-23-2026,2026,4,Q2,MKT008,San Diego,CA,West,CH003,Mass Merchandiser,RET005,Warehouse Club,National,CAT001,Deodorants & Fragrances,SUB003,Roll-On Deodorant,MFG002,Procter & Gamble,BR007-Old Spice,Old Spice,PROD201,315,Old Spice Roll-On Deodorant Fresh,18,FL OZ,5,207,207,0,0,18630,2659.95,2659.95,0,12.85,12.85,71.4,13.92,0,CIRCANA_SYNTHETIC,0,0.1428,2026-09-03T10:30:00Z
FCT000655,W0043,06-25-2026,2026,6,Q2,MKT004,Houston,TX,South,CH004,E-Commerce,RET002,Regional Foods,Regional,CAT001,Deodorants & Fragrances,SUB003,Roll-On Deodorant,MFG002,Procter & Gamble,BR010-Olay,Olay,PROD202,248,Olay Roll-On Deodorant Light,30,FL OZ,2,536,384,152,152,32160,12291.84,9008.64,3283.2,23.46,21.6,84.2,4.62,1,CIRCANA_SYNTHETIC,39.58,0.36,2026-09-03T10:30:00Z
FCT000656,W0049,03-05-2026,2025,1,Q1,MKT008,San Diego,CA,West,CH003,Mass Merchandiser,RET004,Online Direct,National,CAT001,Deodorants & Fragrances,SUB003,Roll-On Deodorant,MFG005,Colgate Palmolive,BR024-Lady-Speed-Stick,Lady,PROD203,833,Lady Roll-On Deodorant Light,24,CT,4,182,78,104,104,17472,3273.92,1531.92,1742.0,19.64,16.75,72.8,3.21,1,CIRCANA_SYNTHETIC,133.33,0.1745,2026-09-03T10:30:00Z
FCT000657,W0036,10-09-2025,2025,4,Q2,MKT006,Philadelphia,PA,Northeast,CH004,E-Commerce,RET004,Online Direct,National,CAT001,Deodorants & Fragrances,SUB003,Roll-On Deodorant,MFG003,Henkel,BR015-Right Guard,Right Guard,PROD201,838,Right Guard Roll-On Deodorant Fresh,48,FL OZ,1,366,366,0,0,17568,1357.86,1357.86,0,3.71,3.71,32.0,10.87,0,CIRCANA_SYNTHETIC,0,0.0773,2026-09-03T10:30:00Z
FCT000658,W0025,08-13-2026,2026,2,Q1,MKT008,San Diego,CA,West,CH002,Drug Store,RET003,Pharmacy Plus,Regional,CAT001,Deodorants & Fragrances,SUB001,Aerosol Deodorant,MFG005,Colgate Palmolive,BR025-Palmolive,Palmolive,PROD004,237,Palmolive Aerosol Deodorant Original,24,FL OZ,5,377,377,0,0,45240,3958.5,3958.5,0,10.5,10.5,89.3,1.75,0,CIRCANA_SYNTHETIC,0,0.0875,2026-09-03T10:30:00Z
FCT000659,W0036,07-30-2026,2026,8,Q3,MKT003,Chicago,IL,Midwest,CH005,Club,RET003,Pharmacy Plus,Regional,CAT001,Deodorants & Fragrances,SUB004,Gel Deodorant,MFG005,Colgate Palmolive,BR022-Speed-Stick,Speed,PROD302,888,Speed Gel Deodorant Original,18,PACK,5,217,217,0,0,19530,4513.6,4513.6,0,20.8,20.8,71.7,2.19,0,CIRCANA_SYNTHETIC,0,0.2311,2026-09-03T10:30:00Z
FCT000660,W0030,03-26-2026,2026,6,Q2,MKT004,Houston,TX,South,CH002,Drug Store,RET003,Pharmacy Plus,Regional,CAT001,Deodorants & Fragrances,SUB003,Roll-On Deodorant,MFG004,Church & Dwight,BR017-Nubian,Nubian,PROD204,520,Nubian Roll-On Deodorant Classic,18,FL OZ,5,396,396,0,0,35640,7603.2,7603.2,0,19.2,19.2,21.7,1.88,0,CIRCANA_SYNTHETIC,0,0.2133,2026-09-03T10:30:00Z
FCT000661,W0037,02-26-2026,2025,1,Q1,MKT009,Dallas,TX,South,CH001,Grocery,RET005,Warehouse Club,National,CAT001,Deodorants & Fragrances,SUB004,Gel Deodorant,MFG003,Henkel,BR011-Nivea,Nivea,PROD301,671,Nivea Gel Deodorant Original,48,FL OZ,5,591,454,137,137,141840,5535.93,4394.72,1141.21,9.68,8.33,25.7,1.47,1,CIRCANA_SYNTHETIC,30.18,0.0347,2026-09-03T10:30:00Z
FCT000662,W0050,11-06-2025,2025,7,Q3,MKT010,San Jose,CA,West,CH004,E-Commerce,RET005,Warehouse Club,National,CAT001,Deodorants & Fragrances,SUB005,Antiperspirant,MFG002,Procter & Gamble,BR006-Gillette,Gillette,PROD401,857,Gillette Antiperspirant Classic,8,FL OZ,1,403,288,115,115,3224,2445.69,1779.84,665.85,6.18,5.79,54.1,11.74,1,CIRCANA_SYNTHETIC,39.93,0.7238,2026-09-03T10:30:00Z
FCT000663,W0001,05-28-2026,2026,6,Q2,MKT005,Phoenix,AZ,West,CH001,Grocery,RET005,Warehouse Club,National,CAT001,Deodorants & Fragrances,SUB004,Gel Deodorant,MFG004,Church & Dwight,BR016-Arm-Hammer,Arm,PROD305,941,Arm Gel Deodorant Fresh,12,PACK,6,193,127,66,66,13896,3703.3,2496.82,1206.48,19.66,18.28,69.0,3.08,1,CIRCANA_SYNTHETIC,51.97,0.2539,2026-09-03T10:30:00Z
FCT000664,W0007,08-27-2026,2026,9,Q3,MKT004,Houston,TX,South,CH002,Drug Store,RET002,Regional Foods,Regional,CAT001,Deodorants & Fragrances,SUB005,Antiperspirant,MFG003,Henkel,BR012-Fa,Fa,PROD402,335,Fa Antiperspirant Organic,8,PACK,3,449,449,0,0,10776,10758.04,10758.04,0,23.96,23.96,44.6,4.8,0,CIRCANA_SYNTHETIC,0,0.9983,2026-09-03T10:30:00Z
FCT000665,W0002,07-09-2026,2026,8,Q3,MKT007,San Antonio,TX,South,CH003,Mass Merchandiser,RET002,Regional Foods,Regional,CAT001,Deodorants & Fragrances,SUB003,Roll-On Deodorant,MFG002,Procter & Gamble,BR008-Secret,Secret,PROD202,150,Secret Roll-On Deodorant Classic,30,OZ,4,477,477,0,0,57240,10470.15,10470.15,0,21.95,21.95,84.1,3.21,0,CIRCANA_SYNTHETIC,0,0.1829,2026-09-03T10:30:00Z
FCT000666,W0012,01-22-2026,2025,10,Q4,MKT004,Houston,TX,South,CH004,E-Commerce,RET005,Warehouse Club,National,CAT001,Deodorants & Fragrances,SUB004,Gel Deodorant,MFG001,Unilever,BR001-Dove,Dove,PROD302,525,Dove Gel Deodorant Organic,12,OZ,4,133,133,0,0,6384,2530.99,2530.99,0,19.03,19.03,46.9,14.93,0,CIRCANA_SYNTHETIC,0,0.3965,2026-09-03T10:30:00Z
FCT000667,W0030,08-27-2026,2026,1,Q1,MKT006,Philadelphia,PA,Northeast,CH004,E-Commerce,RET003,Pharmacy Plus,Regional,CAT001,Deodorants & Fragrances,SUB001,Aerosol Deodorant,MFG005,Colgate Palmolive,BR021-Tom's,Tom's,PROD005,767,Tom's Aerosol Deodorant Light,30,OZ,3,568,461,107,107,51120,5730.23,4743.69,986.54,10.29,9.22,24.9,14.19,1,CIRCANA_SYNTHETIC,23.21,0.1024,2026-09-03T10:30:00Z
FCT000668,W0010,05-21-2026,2026,3,Q1,MKT008,San Diego,CA,West,CH001,Grocery,RET003,Pharmacy Plus,Regional,CAT001,Deodorants & Fragrances,SUB001,Aerosol Deodorant,MFG003,Henkel,BR011-Nivea,Nivea,PROD004,314,Nivea Aerosol Deodorant Light,8,CT,6,115,115,0,0,5520,1473.15,1473.15,0,12.81,12.81,22.9,8.98,0,CIRCANA_SYNTHETIC,0,0.2669,2026-09-03T10:30:00Z
FCT000669,W0010,10-09-2025,2025,11,Q4,MKT003,Chicago,IL,Midwest,CH004,E-Commerce,RET002,Regional Foods,Regional,CAT001,Deodorants & Fragrances,SUB005,Antiperspirant,MFG002,Procter & Gamble,BR010-Olay,Olay,PROD404,961,Olay Antiperspirant Light,6,CT,1,236,236,0,0,1416,3171.84,3171.84,0,13.44,13.44,43.0,9.42,0,CIRCANA_SYNTHETIC,0,2.24,2026-09-03T10:30:00Z
FCT000670,W0027,08-20-2026,2026,9,Q3,MKT006,Philadelphia,PA,Northeast,CH001,Grocery,RET004,Online Direct,National,CAT001,Deodorants & Fragrances,SUB001,Aerosol Deodorant,MFG001,Unilever,BR002-Axe,Axe,PROD001,215,Axe Aerosol Deodorant Classic,8,CT,1,593,440,153,153,4744,1381.5,1029.6,351.9,2.34,2.3,26.9,14.82,1,CIRCANA_SYNTHETIC,34.77,0.2875,2026-09-03T10:30:00Z
FCT000671,W0031,02-05-2026,2025,5,Q2,MKT008,San Diego,CA,West,CH002,Drug Store,RET005,Warehouse Club,National,CAT001,Deodorants & Fragrances,SUB004,Gel Deodorant,MFG001,Unilever,BR003-Degree,Degree,PROD305,972,Degree Gel Deodorant Fresh,24,PACK,6,215,215,0,0,30960,3973.2,3973.2,0,18.48,18.48,55.8,11.26,0,CIRCANA_SYNTHETIC,0,0.1283,2026-09-03T10:30:00Z
FCT000672,W0048,07-23-2026,2026,12,Q4,MKT009,Dallas,TX,South,CH002,Drug Store,RET002,Regional Foods,Regional,CAT001,Deodorants & Fragrances,SUB002,Stick Deodorant,MFG002,Procter & Gamble,BR006-Gillette,Gillette,PROD102,573,Gillette Stick Deodorant Fresh,6,CT,2,351,194,157,157,4212,2678.6,1507.38,1171.22,7.77,7.46,42.6,10.69,1,CIRCANA_SYNTHETIC,80.93,0.6217,2026-09-03T10:30:00Z
FCT000673,W0048,09-11-2025,2025,7,Q3,MKT007,San Antonio,TX,South,CH003,Mass Merchandiser,RET002,Regional Foods,Regional,CAT001,Deodorants & Fragrances,SUB002,Stick Deodorant,MFG005,Colgate Palmolive,BR021-Tom's,Tom's,PROD103,265,Tom's Stick Deodorant Classic,12,CT,1,456,456,0,0,5472,2412.24,2412.24,0,5.29,5.29,22.6,11.94,0,CIRCANA_SYNTHETIC,0,0.4408,2026-09-03T10:30:00Z
FCT000674,W0026,02-19-2026,2025,4,Q2,MKT008,San Diego,CA,West,CH004,E-Commerce,RET003,Pharmacy Plus,Regional,CAT001,Deodorants & Fragrances,SUB001,Aerosol Deodorant,MFG002,Procter & Gamble,BR010-Olay,Olay,PROD005,290,Olay Aerosol Deodorant Light,48,OZ,6,435,368,67,67,125280,3643.27,3098.56,544.71,8.42,8.13,89.3,5.13,1,CIRCANA_SYNTHETIC,18.21,0.0282,2026-09-03T10:30:00Z
FCT000675,W0005,09-18-2025,2025,6,Q2,MKT008,San Diego,CA,West,CH001,Grocery,RET003,Pharmacy Plus,Regional,CAT001,Deodorants & Fragrances,SUB004,Gel Deodorant,MFG005,Colgate Palmolive,BR023-Colgate,Colgate,PROD305,229,Colgate Gel Deodorant Light,8,OZ,2,384,378,6,6,6144,9377.4,9234.54,142.86,24.43,23.81,29.0,10.72,1,CIRCANA_SYNTHETIC,1.59,1.4881,2026-09-03T10:30:00Z
FCT000676,W0033,06-11-2026,2026,3,Q1,MKT009,Dallas,TX,South,CH001,Grocery,RET005,Warehouse Club,National,CAT001,Deodorants & Fragrances,SUB004,Gel Deodorant,MFG002,Procter & Gamble,BR009-Native,Native,PROD304,676,Native Gel Deodorant Fresh,4,CT,6,447,447,0,0,10728,8551.11,8551.11,0,19.13,19.13,59.4,11.72,0,CIRCANA_SYNTHETIC,0,0.7971,2026-09-03T10:30:00Z
FCT000677,W0011,07-23-2026,2026,11,Q4,MKT009,Dallas,TX,South,CH002,Drug Store,RET005,Warehouse Club,National,CAT001,Deodorants & Fragrances,SUB005,Antiperspirant,MFG002,Procter & Gamble,BR008-Secret,Secret,PROD403,385,Secret Antiperspirant Original,12,CT,5,375,375,0,0,22500,8876.25,8876.25,0,23.67,23.67,65.7,12.89,0,CIRCANA_SYNTHETIC,0,0.3945,2026-09-03T10:30:00Z
FCT000678,W0009,10-16-2025,2025,5,Q2,MKT009,Dallas,TX,South,CH004,E-Commerce,RET004,Online Direct,National,CAT001,Deodorants & Fragrances,SUB003,Roll-On Deodorant,MFG004,Church & Dwight,BR018-Purity,Purity,PROD204,168,Purity Roll-On Deodorant Original,18,PACK,6,88,88,0,0,9504,806.96,806.96,0,9.17,9.17,89.2,9.24,0,CIRCANA_SYNTHETIC,0,0.0849,2026-09-03T10:30:00Z
FCT000679,W0042,03-05-2026,2025,7,Q3,MKT008,San Diego,CA,West,CH002,Drug Store,RET002,Regional Foods,Regional,CAT001,Deodorants & Fragrances,SUB002,Stick Deodorant,MFG004,Church & Dwight,BR017-Nubian,Nubian,PROD102,226,Nubian Stick Deodorant Fresh,24,OZ,2,177,177,0,0,8496,4276.32,4276.32,0,24.16,24.16,40.7,13.4,0,CIRCANA_SYNTHETIC,0,0.5033,2026-09-03T10:30:00Z
FCT000680,W0034,04-23-2026,2026,9,Q3,MKT003,Chicago,IL,Midwest,CH003,Mass Merchandiser,RET003,Pharmacy Plus,Regional,CAT001,Deodorants & Fragrances,SUB002,Stick Deodorant,MFG001,Unilever,BR001-Dove,Dove,PROD104,724,Dove Stick Deodorant Classic,48,CT,6,445,445,0,0,128160,5375.6,5375.6,0,12.08,12.08,81.7,8.16,0,CIRCANA_SYNTHETIC,0,0.0419,2026-09-03T10:30:00Z
FCT000681,W0041,02-12-2026,2025,7,Q3,MKT005,Phoenix,AZ,West,CH001,Grocery,RET004,Online Direct,National,CAT001,Deodorants & Fragrances,SUB001,Aerosol Deodorant,MFG003,Henkel,BR011-Nivea,Nivea,PROD003,713,Nivea Aerosol Deodorant Light,48,FL OZ,2,498,498,0,0,47808,6986.94,6986.94,0,14.03,14.03,26.6,11.0,0,CIRCANA_SYNTHETIC,0,0.1461,2026-09-03T10:30:00Z
FCT000682,W0017,11-27-2025,2025,9,Q3,MKT007,San Antonio,TX,South,CH001,Grocery,RET001,National Grocery Co,National,CAT001,Deodorants & Fragrances,SUB004,Gel Deodorant,MFG003,Henkel,BR013-Monsavon,Monsavon,PROD304,326,Monsavon Gel Deodorant Fresh,18,FL OZ,1,434,264,170,170,7812,981.2,607.2,374.0,2.3,2.2,56.4,8.83,1,CIRCANA_SYNTHETIC,64.39,0.1222,2026-09-03T10:30:00Z
FCT000683,W0039,01-15-2026,2025,11,Q4,MKT008,San Diego,CA,West,CH005,Club,RET005,Warehouse Club,National,CAT001,Deodorants & Fragrances,SUB003,Roll-On Deodorant,MFG005,Colgate Palmolive,BR024-Lady-Speed-Stick,Lady,PROD201,469,Lady Roll-On Deodorant Fresh,6,PACK,6,225,71,154,154,8100,5152.42,1699.74,3452.68,23.94,22.42,28.8,11.48,1,CIRCANA_SYNTHETIC,216.9,0.6228,2026-09-03T10:30:00Z
FCT000684,W0003,03-12-2026,2026,11,Q4,MKT006,Philadelphia,PA,Northeast,CH004,E-Commerce,RET004,Online Direct,National,CAT001,Deodorants & Fragrances,SUB004,Gel Deodorant,MFG005,Colgate Palmolive,BR025-Palmolive,Palmolive,PROD301,921,Palmolive Gel Deodorant Original,12,PACK,2,398,392,6,6,9552,1018.76,1003.52,15.24,2.56,2.54,27.4,13.82,1,CIRCANA_SYNTHETIC,1.53,0.1058,2026-09-03T10:30:00Z
FCT000685,W0051,08-13-2026,2026,6,Q2,MKT006,Philadelphia,PA,Northeast,CH003,Mass Merchandiser,RET002,Regional Foods,Regional,CAT001,Deodorants & Fragrances,SUB003,Roll-On Deodorant,MFG003,Henkel,BR014-Dial,Dial,PROD203,871,Dial Roll-On Deodorant Light,18,CT,2,569,407,162,162,20484,8395.36,6039.88,2355.48,14.84,14.54,68.6,11.14,1,CIRCANA_SYNTHETIC,39.8,0.4039,2026-09-03T10:30:00Z
FCT000686,W0021,04-23-2026,2026,2,Q1,MKT006,Philadelphia,PA,Northeast,CH003,Mass Merchandiser,RET005,Warehouse Club,National,CAT001,Deodorants & Fragrances,SUB004,Gel Deodorant,MFG005,Colgate Palmolive,BR022-Speed-Stick,Speed,PROD301,371,Speed Gel Deodorant Classic,30,FL OZ,5,377,377,0,0,56550,5066.88,5066.88,0,13.44,13.44,34.0,5.8,0,CIRCANA_SYNTHETIC,0,0.0896,2026-09-03T10:30:00Z
FCT000687,W0008,06-11-2026,2026,10,Q4,MKT006,Philadelphia,PA,Northeast,CH002,Drug Store,RET002,Regional Foods,Regional,CAT001,Deodorants & Fragrances,SUB003,Roll-On Deodorant,MFG003,Henkel,BR011-Nivea,Nivea,PROD204,828,Nivea Roll-On Deodorant Fresh,18,PACK,5,488,309,179,179,43920,2909.27,1881.81,1027.46,6.09,5.74,25.7,1.49,1,CIRCANA_SYNTHETIC,57.93,0.0638,2026-09-03T10:30:00Z
FCT000688,W0025,07-23-2026,2026,12,Q4,MKT006,Philadelphia,PA,Northeast,CH005,Club,RET003,Pharmacy Plus,Regional,CAT001,Deodorants & Fragrances,SUB003,Roll-On Deodorant,MFG004,Church & Dwight,BR017-Nubian,Nubian,PROD202,380,Nubian Roll-On Deodorant Original,6,FL OZ,2,509,364,145,145,6108,5945.87,4433.52,1512.35,12.18,10.43,61.1,10.05,1,CIRCANA_SYNTHETIC,39.84,0.8692,2026-09-03T10:30:00Z
FCT000689,W0001,04-30-2026,2026,4,Q2,MKT004,Houston,TX,South,CH002,Drug Store,RET004,Online Direct,National,CAT001,Deodorants & Fragrances,SUB002,Stick Deodorant,MFG002,Procter & Gamble,BR007-Old Spice,Old Spice,PROD102,290,Old Spice Stick Deodorant Fresh,48,ROLL,4,489,489,0,0,93888,7237.2,7237.2,0,14.8,14.8,94.9,2.96,0,CIRCANA_SYNTHETIC,0,0.0771,2026-09-03T10:30:00Z
FCT000690,W0024,05-21-2026,2026,6,Q2,MKT005,Phoenix,AZ,West,CH003,Mass Merchandiser,RET003,Pharmacy Plus,Regional,CAT001,Deodorants & Fragrances,SUB005,Antiperspirant,MFG004,Church & Dwight,BR018-Purity,Purity,PROD404,903,Purity Antiperspirant Fresh,8,FL OZ,6,266,89,177,177,12768,1949.07,683.52,1265.55,7.68,7.15,29.7,14.72,1,CIRCANA_SYNTHETIC,198.88,0.149,2026-09-03T10:30:00Z
FCT000691,W0015,02-12-2026,2025,5,Q2,MKT002,Los Angeles,CA,West,CH005,Club,RET002,Regional Foods,Regional,CAT001,Deodorants & Fragrances,SUB005,Antiperspirant,MFG003,Henkel,BR015-Right Guard,Right Guard,PROD403,673,Right Guard Antiperspirant Classic,48,ROLL,5,285,285,0,0,68400,3428.55,3428.55,0,12.03,12.03,91.5,2.65,0,CIRCANA_SYNTHETIC,0,0.0501,2026-09-03T10:30:00Z
FCT000692,W0037,05-14-2026,2026,12,Q4,MKT003,Chicago,IL,Midwest,CH001,Grocery,RET003,Pharmacy Plus,Regional,CAT001,Deodorants & Fragrances,SUB003,Roll-On Deodorant,MFG001,Unilever,BR003-Degree,Degree,PROD204,777,Degree Roll-On Deodorant Classic,48,ROLL,6,415,415,0,0,119520,8125.7,8125.7,0,19.58,19.58,30.0,6.0,0,CIRCANA_SYNTHETIC,0,0.068,2026-09-03T10:30:00Z
FCT000693,W0010,09-25-2025,2025,9,Q3,MKT006,Philadelphia,PA,Northeast,CH002,Drug Store,RET005,Warehouse Club,National,CAT001,Deodorants & Fragrances,SUB005,Antiperspirant,MFG005,Colgate Palmolive,BR024-Lady-Speed-Stick,Lady,PROD403,847,Lady Antiperspirant Organic,4,FL OZ,5,492,491,1,1,9840,2336.98,2332.25,4.73,4.75,4.73,66.0,7.99,1,CIRCANA_SYNTHETIC,0.2,0.2365,2026-09-03T10:30:00Z
FCT000694,W0022,07-30-2026,2026,2,Q1,MKT003,Chicago,IL,Midwest,CH002,Drug Store,RET001,National Grocery Co,National,CAT001,Deodorants & Fragrances,SUB002,Stick Deodorant,MFG004,Church & Dwight,BR016-Arm-Hammer,Arm,PROD105,463,Arm Stick Deodorant Organic,30,ROLL,4,522,343,179,179,62640,8989.37,6180.86,2808.51,18.02,15.69,45.7,1.53,1,CIRCANA_SYNTHETIC,52.19,0.1308,2026-09-03T10:30:00Z
FCT000695,W0015,04-02-2026,2026,11,Q4,MKT002,Los Angeles,CA,West,CH002,Drug Store,RET003,Pharmacy Plus,Regional,CAT001,Deodorants & Fragrances,SUB003,Roll-On Deodorant,MFG004,Church & Dwight,BR017-Nubian,Nubian,PROD204,670,Nubian Roll-On Deodorant Original,48,OZ,5,223,223,0,0,53520,1768.39,1768.39,0,7.93,7.93,85.9,1.01,0,CIRCANA_SYNTHETIC,0,0.033,2026-09-03T10:30:00Z
FCT000696,W0025,04-23-2026,2026,1,Q1,MKT001,New York,NY,Northeast,CH005,Club,RET001,National Grocery Co,National,CAT001,Deodorants & Fragrances,SUB001,Aerosol Deodorant,MFG001,Unilever,BR003-Degree,Degree,PROD002,993,Degree Aerosol Deodorant Organic,8,CT,6,506,489,17,17,24288,8203.68,7960.92,242.76,16.28,14.28,36.4,5.24,1,CIRCANA_SYNTHETIC,3.48,0.2975,2026-09-03T10:30:00Z
FCT000697,W0002,12-04-2025,2025,1,Q1,MKT008,San Diego,CA,West,CH002,Drug Store,RET005,Warehouse Club,National,CAT001,Deodorants & Fragrances,SUB005,Antiperspirant,MFG002,Procter & Gamble,BR009-Native,Native,PROD402,202,Native Antiperspirant Classic,18,FL OZ,1,463,463,0,0,8334,4643.89,4643.89,0,10.03,10.03,33.5,7.83,0,CIRCANA_SYNTHETIC,0,0.5572,2026-09-03T10:30:00Z
FCT000698,W0051,02-19-2026,2025,2,Q1,MKT010,San Jose,CA,West,CH003,Mass Merchandiser,RET004,Online Direct,National,CAT001,Deodorants & Fragrances,SUB005,Antiperspirant,MFG005,Colgate Palmolive,BR024-Lady-Speed-Stick,Lady,PROD402,513,Lady Antiperspirant Original,12,FL OZ,2,223,223,0,0,5352,1674.73,1674.73,0,7.51,7.51,81.3,2.91,0,CIRCANA_SYNTHETIC,0,0.3129,2026-09-03T10:30:00Z
FCT000699,W0034,12-25-2025,2025,10,Q4,MKT010,San Jose,CA,West,CH001,Grocery,RET005,Warehouse Club,National,CAT001,Deodorants & Fragrances,SUB001,Aerosol Deodorant,MFG001,Unilever,BR003-Degree,Degree,PROD004,513,Degree Aerosol Deodorant Classic,12,FL OZ,3,576,437,139,139,20736,2924.1,2237.44,686.66,5.12,4.94,42.0,9.43,1,CIRCANA_SYNTHETIC,31.81,0.1372,2026-09-03T10:30:00Z
FCT000700,W0031,12-04-2025,2025,7,Q3,MKT001,New York,NY,Northeast,CH004,E-Commerce,RET001,National Grocery Co,National,CAT001,Deodorants & Fragrances,SUB001,Aerosol Deodorant,MFG003,Henkel,BR015-Right Guard,Right Guard,PROD004,865,Right Guard Aerosol Deodorant Fresh,18,OZ,5,501,304,197,197,45090,10074.83,6420.48,3654.35,21.12,18.55,26.7,13.39,1,CIRCANA_SYNTHETIC,64.8,0.2061,2026-09-03T10:30:00Z
FCT000701,W0013,04-02-2026,2026,9,Q3,MKT009,Dallas,TX,South,CH001,Grocery,RET001,National Grocery Co,National,CAT001,Deodorants & Fragrances,SUB003,Roll-On Deodorant,MFG003,Henkel,BR014-Dial,Dial,PROD201,145,Dial Roll-On Deodorant Organic,30,PACK,5,471,471,0,0,70650,10140.63,10140.63,0,21.53,21.53,58.2,10.25,0,CIRCANA_SYNTHETIC,0,0.1435,2026-09-03T10:30:00Z
FCT000702,W0014,12-25-2025,2025,11,Q4,MKT004,Houston,TX,South,CH003,Mass Merchandiser,RET001,National Grocery Co,National,CAT001,Deodorants & Fragrances,SUB004,Gel Deodorant,MFG002,Procter & Gamble,BR009-Native,Native,PROD302,775,Native Gel Deodorant Light,30,CT,6,73,73,0,0,13140,341.64,341.64,0,4.68,4.68,41.8,13.58,0,CIRCANA_SYNTHETIC,0,0.026,2026-09-03T10:30:00Z
FCT000703,W0039,05-21-2026,2026,10,Q4,MKT006,Philadelphia,PA,Northeast,CH004,E-Commerce,RET001,National Grocery Co,National,CAT001,Deodorants & Fragrances,SUB004,Gel Deodorant,MFG002,Procter & Gamble,BR007-Old Spice,Old Spice,PROD302,523,Old Spice Gel Deodorant Classic,18,CT,6,440,266,174,174,47520,7973.42,5038.04,2935.38,18.94,16.87,71.8,6.3,1,CIRCANA_SYNTHETIC,65.41,0.1562,2026-09-03T10:30:00Z
FCT000704,W0045,09-25-2025,2025,8,Q3,MKT005,Phoenix,AZ,West,CH005,Club,RET001,National Grocery Co,National,CAT001,Deodorants & Fragrances,SUB002,Stick Deodorant,MFG004,Church & Dwight,BR016-Arm-Hammer,Arm,PROD104,168,Arm Stick Deodorant Organic,12,OZ,6,389,389,0,0,28008,1801.07,1801.07,0,4.63,4.63,31.9,11.89,0,CIRCANA_SYNTHETIC,0,0.0643,2026-09-03T10:30:00Z
FCT000705,W0037,05-14-2026,2026,2,Q1,MKT007,San Antonio,TX,South,CH003,Mass Merchandiser,RET005,Warehouse Club,National,CAT001,Deodorants & Fragrances,SUB002,Stick Deodorant,MFG003,Henkel,BR013-Monsavon,Monsavon,PROD103,136,Monsavon Stick Deodorant Classic,12,OZ,5,252,252,0,0,15120,5410.44,5410.44,0,21.47,21.47,35.1,7.82,0,CIRCANA_SYNTHETIC,0,0.3578,2026-09-03T10:30:00Z
FCT000706,W0049,10-30-2025,2025,2,Q1,MKT004,Houston,TX,South,CH001,Grocery,RET004,Online Direct,National,CAT001,Deodorants & Fragrances,SUB001,Aerosol Deodorant,MFG002,Procter & Gamble,BR006-Gillette,Gillette,PROD001,615,Gillette Aerosol Deodorant Organic,24,ROLL,6,273,273,0,0,39312,1441.44,1441.44,0,5.28,5.28,64.8,0.71,0,CIRCANA_SYNTHETIC,0,0.0367,2026-09-03T10:30:00Z
FCT000707,W0012,04-02-2026,2026,8,Q3,MKT010,San Jose,CA,West,CH001,Grocery,RET002,Regional Foods,Regional,CAT001,Deodorants & Fragrances,SUB003,Roll-On Deodorant,MFG003,Henkel,BR013-Monsavon,Monsavon,PROD201,288,Monsavon Roll-On Deodorant Organic,4,ROLL,4,379,379,0,0,6064,2092.08,2092.08,0,5.52,5.52,41.9,1.05,0,CIRCANA_SYNTHETIC,0,0.345,2026-09-03T10:30:00Z
FCT000708,W0019,01-01-2026,2025,3,Q1,MKT008,San Diego,CA,West,CH001,Grocery,RET002,Regional Foods,Regional,CAT001,Deodorants & Fragrances,SUB004,Gel Deodorant,MFG005,Colgate Palmolive,BR025-Palmolive,Palmolive,PROD301,733,Palmolive Gel Deodorant Organic,24,OZ,1,330,330,0,0,7920,5857.5,5857.5,0,17.75,17.75,50.7,8.06,0,CIRCANA_SYNTHETIC,0,0.7396,2026-09-03T10:30:00Z
FCT000709,W0001,12-25-2025,2025,1,Q1,MKT003,Chicago,IL,Midwest,CH001,Grocery,RET002,Regional Foods,Regional,CAT001,Deodorants & Fragrances,SUB003,Roll-On Deodorant,MFG001,Unilever,BR004-Rexona,Rexona,PROD201,587,Rexona Roll-On Deodorant Fresh,6,CT,6,588,443,145,145,21168,1624.73,1244.83,379.9,2.81,2.62,21.5,12.38,1,CIRCANA_SYNTHETIC,32.73,0.0728,2026-09-03T10:30:00Z
FCT000710,W0017,04-02-2026,2026,11,Q4,MKT007,San Antonio,TX,South,CH004,E-Commerce,RET002,Regional Foods,Regional,CAT001,Deodorants & Fragrances,SUB003,Roll-On Deodorant,MFG004,Church & Dwight,BR020-Trojan,Trojan,PROD205,497,Trojan Roll-On Deodorant Light,48,PACK,3,334,295,39,39,48096,2358.46,2109.25,249.21,7.15,6.39,74.8,14.45,1,CIRCANA_SYNTHETIC,13.22,0.0444,2026-09-03T10:30:00Z
FCT000711,W0027,10-23-2025,2025,9,Q3,MKT007,San Antonio,TX,South,CH003,Mass Merchandiser,RET002,Regional Foods,Regional,CAT001,Deodorants & Fragrances,SUB003,Roll-On Deodorant,MFG001,Unilever,BR004-Rexona,Rexona,PROD201,851,Rexona Roll-On Deodorant Classic,8,FL OZ,2,255,255,0,0,4080,6033.3,6033.3,0,23.66,23.66,51.6,6.32,0,CIRCANA_SYNTHETIC,0,1.4788,2026-09-03T10:30:00Z
FCT000712,W0047,01-15-2026,2025,4,Q2,MKT006,Philadelphia,PA,Northeast,CH003,Mass Merchandiser,RET003,Pharmacy Plus,Regional,CAT001,Deodorants & Fragrances,SUB004,Gel Deodorant,MFG004,Church & Dwight,BR017-Nubian,Nubian,PROD304,472,Nubian Gel Deodorant Classic,12,PACK,2,161,161,0,0,3864,3831.8,3831.8,0,23.8,23.8,74.7,11.78,0,CIRCANA_SYNTHETIC,0,0.9917,2026-09-03T10:30:00Z
FCT000713,W0035,11-20-2025,2025,8,Q3,MKT004,Houston,TX,South,CH004,E-Commerce,RET002,Regional Foods,Regional,CAT001,Deodorants & Fragrances,SUB003,Roll-On Deodorant,MFG004,Church & Dwight,BR016-Arm-Hammer,Arm,PROD203,629,Arm Roll-On Deodorant Classic,30,OZ,2,674,476,198,198,40440,4624.94,3332.0,1292.94,7.0,6.53,31.8,5.83,1,CIRCANA_SYNTHETIC,41.6,0.1088,2026-09-03T10:30:00Z
FCT000714,W0048,11-06-2025,2025,10,Q4,MKT004,Houston,TX,South,CH004,E-Commerce,RET005,Warehouse Club,National,CAT001,Deodorants & Fragrances,SUB004,Gel Deodorant,MFG002,Procter & Gamble,BR008-Secret,Secret,PROD301,856,Secret Gel Deodorant Organic,30,PACK,2,378,378,0,0,22680,2067.66,2067.66,0,5.47,5.47,43.7,3.76,0,CIRCANA_SYNTHETIC,0,0.0912,2026-09-03T10:30:00Z
FCT000715,W0006,08-27-2026,2026,1,Q1,MKT010,San Jose,CA,West,CH005,Club,RET001,National Grocery Co,National,CAT001,Deodorants & Fragrances,SUB003,Roll-On Deodorant,MFG001,Unilever,BR001-Dove,Dove,PROD205,960,Dove Roll-On Deodorant Original,6,FL OZ,3,219,219,0,0,3942,1460.73,1460.73,0,6.67,6.67,31.3,3.27,0,CIRCANA_SYNTHETIC,0,0.3706,2026-09-03T10:30:00Z
FCT000716,W0019,04-23-2026,2026,2,Q1,MKT010,San Jose,CA,West,CH004,E-Commerce,RET004,Online Direct,National,CAT001,Deodorants & Fragrances,SUB005,Antiperspirant,MFG003,Henkel,BR012-Fa,Fa,PROD403,675,Fa Antiperspirant Fresh,8,CT,4,500,500,0,0,16000,2360.0,2360.0,0,4.72,4.72,88.3,6.2,0,CIRCANA_SYNTHETIC,0,0.1475,2026-09-03T10:30:00Z
FCT000717,W0009,03-19-2026,2026,8,Q3,MKT002,Los Angeles,CA,West,CH002,Drug Store,RET004,Online Direct,National,CAT001,Deodorants & Fragrances,SUB003,Roll-On Deodorant,MFG001,Unilever,BR001-Dove,Dove,PROD202,558,Dove Roll-On Deodorant Original,4,PACK,6,337,294,43,43,8088,8229.16,7267.68,961.48,24.72,22.36,53.1,8.62,1,CIRCANA_SYNTHETIC,14.63,0.9317,2026-09-03T10:30:00Z
FCT000718,W0009,12-04-2025,2025,5,Q2,MKT006,Philadelphia,PA,Northeast,CH001,Grocery,RET003,Pharmacy Plus,Regional,CAT001,Deodorants & Fragrances,SUB005,Antiperspirant,MFG001,Unilever,BR002-Axe,Axe,PROD403,918,Axe Antiperspirant Classic,12,FL OZ,3,154,126,28,28,5544,2823.52,2313.36,510.16,18.36,18.22,26.2,9.08,1,CIRCANA_SYNTHETIC,22.22,0.5061,2026-09-03T10:30:00Z
FCT000719,W0033,05-07-2026,2026,9,Q3,MKT007,San Antonio,TX,South,CH002,Drug Store,RET003,Pharmacy Plus,Regional,CAT001,Deodorants & Fragrances,SUB005,Antiperspirant,MFG003,Henkel,BR012-Fa,Fa,PROD405,543,Fa Antiperspirant Light,24,CT,1,300,300,0,0,7200,5082.0,5082.0,0,16.94,16.94,72.5,4.02,0,CIRCANA_SYNTHETIC,0,0.7058,2026-09-03T10:30:00Z
FCT000720,W0040,09-03-2026,2026,12,Q4,MKT002,Los Angeles,CA,West,CH003,Mass Merchandiser,RET005,Warehouse Club,National,CAT001,Deodorants & Fragrances,SUB003,Roll-On Deodorant,MFG001,Unilever,BR002-Axe,Axe,PROD204,813,Axe Roll-On Deodorant Classic,30,CT,4,204,204,0,0,24480,2190.96,2190.96,0,10.74,10.74,22.7,10.11,0,CIRCANA_SYNTHETIC,0,0.0895,2026-09-03T10:30:00Z
FCT000721,W0047,05-14-2026,2026,9,Q3,MKT007,San Antonio,TX,South,CH004,E-Commerce,RET003,Pharmacy Plus,Regional,CAT001,Deodorants & Fragrances,SUB003,Roll-On Deodorant,MFG002,Procter & Gamble,BR008-Secret,Secret,PROD205,782,Secret Roll-On Deodorant Light,18,FL OZ,1,300,300,0,0,5400,6903.0,6903.0,0,23.01,23.01,88.9,1.36,0,CIRCANA_SYNTHETIC,0,1.2783,2026-09-03T10:30:00Z
FCT000722,W0005,07-02-2026,2026,10,Q4,MKT002,Los Angeles,CA,West,CH002,Drug Store,RET001,National Grocery Co,National,CAT001,Deodorants & Fragrances,SUB001,Aerosol Deodorant,MFG002,Procter & Gamble,BR008-Secret,Secret,PROD002,732,Secret Aerosol Deodorant Original,6,OZ,1,448,448,0,0,2688,8346.24,8346.24,0,18.63,18.63,75.2,5.18,0,CIRCANA_SYNTHETIC,0,3.105,2026-09-03T10:30:00Z
FCT000723,W0046,07-09-2026,2026,4,Q2,MKT006,Philadelphia,PA,Northeast,CH001,Grocery,RET005,Warehouse Club,National,CAT001,Deodorants & Fragrances,SUB005,Antiperspirant,MFG001,Unilever,BR001-Dove,Dove,PROD404,834,Dove Antiperspirant Original,6,OZ,1,145,145,0,0,870,1734.2,1734.2,0,11.96,11.96,71.4,3.23,0,CIRCANA_SYNTHETIC,0,1.9933,2026-09-03T10:30:00Z
FCT000724,W0046,06-18-2026,2026,8,Q3,MKT004,Houston,TX,South,CH004,E-Commerce,RET002,Regional Foods,Regional,CAT001,Deodorants & Fragrances,SUB003,Roll-On Deodorant,MFG004,Church & Dwight,BR020-Trojan,Trojan,PROD205,999,Trojan Roll-On Deodorant Fresh,4,ROLL,2,597,424,173,173,4776,7834.02,5796.08,2037.94,13.67,11.78,93.1,4.02,1,CIRCANA_SYNTHETIC,40.8,1.4725,2026-09-03T10:30:00Z
FCT000725,W0026,11-27-2025,2025,10,Q4,MKT004,Houston,TX,South,CH002,Drug Store,RET003,Pharmacy Plus,Regional,CAT001,Deodorants & Fragrances,SUB001,Aerosol Deodorant,MFG002,Procter & Gamble,BR007-Old Spice,Old Spice,PROD001,799,Old Spice Aerosol Deodorant Light,18,CT,4,462,357,105,105,33264,3509.94,2773.89,736.05,7.77,7.01,38.1,0.2,1,CIRCANA_SYNTHETIC,29.41,0.0974,2026-09-03T10:30:00Z
FCT000726,W0040,10-02-2025,2025,7,Q3,MKT001,New York,NY,Northeast,CH001,Grocery,RET004,Online Direct,National,CAT001,Deodorants & Fragrances,SUB002,Stick Deodorant,MFG003,Henkel,BR011-Nivea,Nivea,PROD101,470,Nivea Stick Deodorant Fresh,48,OZ,6,395,395,0,0,113760,6916.45,6916.45,0,17.51,17.51,43.9,11.59,0,CIRCANA_SYNTHETIC,0,0.0608,2026-09-03T10:30:00Z
FCT000727,W0032,04-23-2026,2026,8,Q3,MKT006,Philadelphia,PA,Northeast,CH004,E-Commerce,RET003,Pharmacy Plus,Regional,CAT001,Deodorants & Fragrances,SUB005,Antiperspirant,MFG004,Church & Dwight,BR018-Purity,Purity,PROD403,432,Purity Antiperspirant Classic,12,CT,5,519,329,190,190,31140,3021.18,1947.68,1073.5,5.92,5.65,50.7,13.21,1,CIRCANA_SYNTHETIC,57.75,0.0942,2026-09-03T10:30:00Z
FCT000728,W0009,09-18-2025,2025,6,Q2,MKT003,Chicago,IL,Midwest,CH002,Drug Store,RET004,Online Direct,National,CAT001,Deodorants & Fragrances,SUB004,Gel Deodorant,MFG004,Church & Dwight,BR016-Arm-Hammer,Arm,PROD304,707,Arm Gel Deodorant Organic,8,ROLL,3,656,495,161,161,15744,1510.65,1148.4,362.25,2.32,2.25,69.6,2.67,1,CIRCANA_SYNTHETIC,32.53,0.0938,2026-09-03T10:30:00Z
FCT000729,W0013,08-27-2026,2026,8,Q3,MKT007,San Antonio,TX,South,CH004,E-Commerce,RET002,Regional Foods,Regional,CAT001,Deodorants & Fragrances,SUB001,Aerosol Deodorant,MFG003,Henkel,BR013-Monsavon,Monsavon,PROD001,263,Monsavon Aerosol Deodorant Classic,18,CT,2,208,131,77,77,7488,2701.17,1727.89,973.28,13.19,12.64,52.5,14.22,1,CIRCANA_SYNTHETIC,58.78,0.3511,2026-09-03T10:30:00Z
FCT000730,W0010,05-21-2026,2026,9,Q3,MKT002,Los Angeles,CA,West,CH003,Mass Merchandiser,RET004,Online Direct,National,CAT001,Deodorants & Fragrances,SUB003,Roll-On Deodorant,MFG005,Colgate Palmolive,BR023-Colgate,Colgate,PROD201,733,Colgate Roll-On Deodorant Classic,30,ROLL,1,516,461,55,55,15480,12316.01,11068.61,1247.4,24.01,22.68,45.4,4.73,1,CIRCANA_SYNTHETIC,11.93,0.756,2026-09-03T10:30:00Z
FCT000731,W0024,12-25-2025,2025,8,Q3,MKT009,Dallas,TX,South,CH003,Mass Merchandiser,RET003,Pharmacy Plus,Regional,CAT001,Deodorants & Fragrances,SUB005,Antiperspirant,MFG003,Henkel,BR012-Fa,Fa,PROD402,992,Fa Antiperspirant Light,48,FL OZ,4,59,59,0,0,11328,451.94,451.94,0,7.66,7.66,90.8,10.36,0,CIRCANA_SYNTHETIC,0,0.0399,2026-09-03T10:30:00Z
FCT000732,W0021,09-18-2025,2025,11,Q4,MKT006,Philadelphia,PA,Northeast,CH005,Club,RET003,Pharmacy Plus,Regional,CAT001,Deodorants & Fragrances,SUB003,Roll-On Deodorant,MFG002,Procter & Gamble,BR007-Old Spice,Old Spice,PROD205,197,Old Spice Roll-On Deodorant Classic,12,CT,4,412,412,0,0,19776,6163.52,6163.52,0,14.96,14.96,86.8,4.77,0,CIRCANA_SYNTHETIC,0,0.3117,2026-09-03T10:30:00Z
FCT000733,W0047,05-07-2026,2026,2,Q1,MKT002,Los Angeles,CA,West,CH005,Club,RET004,Online Direct,National,CAT001,Deodorants & Fragrances,SUB005,Antiperspirant,MFG004,Church & Dwight,BR020-Trojan,Trojan,PROD403,748,Trojan Antiperspirant Original,12,FL OZ,6,448,249,199,199,32256,2346.04,1317.21,1028.83,5.29,5.17,24.4,3.77,1,CIRCANA_SYNTHETIC,79.92,0.0718,2026-09-03T10:30:00Z
FCT000734,W0032,04-16-2026,2026,10,Q4,MKT008,San Diego,CA,West,CH005,Club,RET002,Regional Foods,Regional,CAT001,Deodorants & Fragrances,SUB003,Roll-On Deodorant,MFG003,Henkel,BR013-Monsavon,Monsavon,PROD205,299,Monsavon Roll-On Deodorant Fresh,12,PACK,5,471,471,0,0,28260,2246.67,2246.67,0,4.77,4.77,75.0,11.06,0,CIRCANA_SYNTHETIC,0,0.0795,2026-09-03T10:30:00Z
FCT000735,W0010,04-30-2026,2026,1,Q1,MKT007,San Antonio,TX,South,CH001,Grocery,RET003,Pharmacy Plus,Regional,CAT001,Deodorants & Fragrances,SUB002,Stick Deodorant,MFG003,Henkel,BR012-Fa,Fa,PROD104,740,Fa Stick Deodorant Classic,30,OZ,3,383,383,0,0,34470,4860.27,4860.27,0,12.69,12.69,88.2,2.3,0,CIRCANA_SYNTHETIC,0,0.141,2026-09-03T10:30:00Z
FCT000736,W0013,10-23-2025,2025,10,Q4,MKT006,Philadelphia,PA,Northeast,CH001,Grocery,RET003,Pharmacy Plus,Regional,CAT001,Deodorants & Fragrances,SUB005,Antiperspirant,MFG004,Church & Dwight,BR018-Purity,Purity,PROD404,422,Purity Antiperspirant Classic,8,FL OZ,1,236,195,41,41,1888,1140.5,945.75,194.75,4.85,4.75,61.4,5.6,1,CIRCANA_SYNTHETIC,21.03,0.5938,2026-09-03T10:30:00Z
FCT000737,W0042,04-30-2026,2026,6,Q2,MKT007,San Antonio,TX,South,CH002,Drug Store,RET003,Pharmacy Plus,Regional,CAT001,Deodorants & Fragrances,SUB004,Gel Deodorant,MFG005,Colgate Palmolive,BR021-Tom's,Tom's,PROD303,635,Tom's Gel Deodorant Organic,4,CT,4,311,311,0,0,4976,1079.17,1079.17,0,3.47,3.47,25.1,2.36,0,CIRCANA_SYNTHETIC,0,0.2169,2026-09-03T10:30:00Z
FCT000738,W0049,08-06-2026,2026,8,Q3,MKT006,Philadelphia,PA,Northeast,CH003,Mass Merchandiser,RET001,National Grocery Co,National,CAT001,Deodorants & Fragrances,SUB001,Aerosol Deodorant,MFG004,Church & Dwight,BR018-Purity,Purity,PROD003,218,Purity Aerosol Deodorant Light,30,ROLL,6,344,329,15,15,61920,1910.39,1829.24,81.15,5.56,5.41,81.1,6.78,1,CIRCANA_SYNTHETIC,4.56,0.0301,2026-09-03T10:30:00Z
FCT000739,W0003,08-20-2026,2026,4,Q2,MKT009,Dallas,TX,South,CH001,Grocery,RET001,National Grocery Co,National,CAT001,Deodorants & Fragrances,SUB002,Stick Deodorant,MFG002,Procter & Gamble,BR009-Native,Native,PROD101,119,Native Stick Deodorant Fresh,8,PACK,3,128,128,0,0,3072,1207.04,1207.04,0,9.43,9.43,76.7,10.09,0,CIRCANA_SYNTHETIC,0,0.3929,2026-09-03T10:30:00Z
FCT000740,W0038,08-20-2026,2026,4,Q2,MKT007,San Antonio,TX,South,CH005,Club,RET001,National Grocery Co,National,CAT001,Deodorants & Fragrances,SUB004,Gel Deodorant,MFG001,Unilever,BR002-Axe,Axe,PROD301,948,Axe Gel Deodorant Organic,48,OZ,3,348,348,0,0,50112,6312.72,6312.72,0,18.14,18.14,63.6,5.58,0,CIRCANA_SYNTHETIC,0,0.126,2026-09-03T10:30:00Z
FCT000741,W0036,03-26-2026,2026,9,Q3,MKT009,Dallas,TX,South,CH001,Grocery,RET005,Warehouse Club,National,CAT001,Deodorants & Fragrances,SUB002,Stick Deodorant,MFG003,Henkel,BR013-Monsavon,Monsavon,PROD102,129,Monsavon Stick Deodorant Classic,18,FL OZ,2,182,131,51,51,6552,1678.58,1247.12,431.46,9.52,8.46,28.9,4.35,1,CIRCANA_SYNTHETIC,38.93,0.235,2026-09-03T10:30:00Z
FCT000742,W0013,10-02-2025,2025,10,Q4,MKT002,Los Angeles,CA,West,CH001,Grocery,RET004,Online Direct,National,CAT001,Deodorants & Fragrances,SUB002,Stick Deodorant,MFG001,Unilever,BR002-Axe,Axe,PROD102,963,Axe Stick Deodorant Light,12,PACK,3,652,476,176,176,23472,6458.64,4902.8,1555.84,10.3,8.84,67.0,8.55,1,CIRCANA_SYNTHETIC,36.97,0.2456,2026-09-03T10:30:00Z
FCT000743,W0014,01-29-2026,2025,12,Q4,MKT005,Phoenix,AZ,West,CH001,Grocery,RET002,Regional Foods,Regional,CAT001,Deodorants & Fragrances,SUB005,Antiperspirant,MFG002,Procter & Gamble,BR008-Secret,Secret,PROD401,914,Secret Antiperspirant Organic,48,ROLL,5,501,418,83,83,120240,9670.25,8084.12,1586.13,19.34,19.11,56.0,8.99,1,CIRCANA_SYNTHETIC,19.86,0.0796,2026-09-03T10:30:00Z
FCT000744,W0018,09-03-2026,2026,5,Q2,MKT001,New York,NY,Northeast,CH001,Grocery,RET005,Warehouse Club,National,CAT001,Deodorants & Fragrances,SUB005,Antiperspirant,MFG001,Unilever,BR001-Dove,Dove,PROD401,481,Dove Antiperspirant Original,8,OZ,1,431,245,186,186,3448,4408.41,2565.15,1843.26,10.47,9.91,92.8,11.15,1,CIRCANA_SYNTHETIC,75.92,1.2388,2026-09-03T10:30:00Z
FCT000745,W0017,02-12-2026,2025,4,Q2,MKT005,Phoenix,AZ,West,CH001,Grocery,RET001,National Grocery Co,National,CAT001,Deodorants & Fragrances,SUB004,Gel Deodorant,MFG003,Henkel,BR012-Fa,Fa,PROD301,990,Fa Gel Deodorant Fresh,4,ROLL,2,375,375,0,0,3000,873.75,873.75,0,2.33,2.33,26.5,3.6,0,CIRCANA_SYNTHETIC,0,0.2913,2026-09-03T10:30:00Z
FCT000746,W0005,03-12-2026,2026,11,Q4,MKT010,San Jose,CA,West,CH004,E-Commerce,RET001,National Grocery Co,National,CAT001,Deodorants & Fragrances,SUB003,Roll-On Deodorant,MFG002,Procter & Gamble,BR007-Old Spice,Old Spice,PROD201,164,Old Spice Roll-On Deodorant Light,48,ROLL,4,74,65,9,9,14208,849.81,746.85,102.96,11.49,11.44,63.3,0.76,1,CIRCANA_SYNTHETIC,13.85,0.0596,2026-09-03T10:30:00Z
FCT000747,W0045,02-19-2026,2025,1,Q1,MKT005,Phoenix,AZ,West,CH001,Grocery,RET003,Pharmacy Plus,Regional,CAT001,Deodorants & Fragrances,SUB004,Gel Deodorant,MFG002,Procter & Gamble,BR007-Old Spice,Old Spice,PROD302,148,Old Spice Gel Deodorant Light,30,PACK,6,497,497,0,0,89460,6580.28,6580.28,0,13.24,13.24,37.4,12.74,0,CIRCANA_SYNTHETIC,0,0.0736,2026-09-03T10:30:00Z
FCT000748,W0024,11-13-2025,2025,6,Q2,MKT006,Philadelphia,PA,Northeast,CH004,E-Commerce,RET004,Online Direct,National,CAT001,Deodorants & Fragrances,SUB001,Aerosol Deodorant,MFG005,Colgate Palmolive,BR022-Speed-Stick,Speed,PROD005,885,Speed Aerosol Deodorant Light,24,ROLL,2,214,214,0,0,10272,3282.76,3282.76,0,15.34,15.34,47.9,14.75,0,CIRCANA_SYNTHETIC,0,0.3196,2026-09-03T10:30:00Z
FCT000749,W0017,07-09-2026,2026,6,Q2,MKT007,San Antonio,TX,South,CH003,Mass Merchandiser,RET004,Online Direct,National,CAT001,Deodorants & Fragrances,SUB004,Gel Deodorant,MFG001,Unilever,BR005-Lume,Lume,PROD305,740,Lume Gel Deodorant Organic,48,PACK,6,499,380,119,119,143712,2785.45,2196.4,589.05,5.78,4.95,58.0,12.91,1,CIRCANA_SYNTHETIC,31.32,0.0172,2026-09-03T10:30:00Z
FCT000750,W0027,07-16-2026,2026,9,Q3,MKT010,San Jose,CA,West,CH002,Drug Store,RET002,Regional Foods,Regional,CAT001,Deodorants & Fragrances,SUB005,Antiperspirant,MFG004,Church & Dwight,BR016-Arm-Hammer,Arm,PROD402,857,Arm Antiperspirant Organic,6,PACK,1,316,316,0,0,1896,2483.76,2483.76,0,7.86,7.86,61.3,14.14,0,CIRCANA_SYNTHETIC,0,1.31,2026-09-03T10:30:00Z
FCT000751,W0043,09-04-2025,2025,7,Q3,MKT006,Philadelphia,PA,Northeast,CH003,Mass Merchandiser,RET005,Warehouse Club,National,CAT001,Deodorants & Fragrances,SUB004,Gel Deodorant,MFG004,Church & Dwight,BR020-Trojan,Trojan,PROD301,564,Trojan Gel Deodorant Organic,24,ROLL,6,345,345,0,0,49680,6655.05,6655.05,0,19.29,19.29,28.0,9.64,0,CIRCANA_SYNTHETIC,0,0.134,2026-09-03T10:30:00Z
FCT000752,W0016,10-02-2025,2025,7,Q3,MKT002,Los Angeles,CA,West,CH004,E-Commerce,RET002,Regional Foods,Regional,CAT001,Deodorants & Fragrances,SUB001,Aerosol Deodorant,MFG001,Unilever,BR003-Degree,Degree,PROD005,796,Degree Aerosol Deodorant Original,6,CT,1,525,472,53,53,3150,1231.0,1118.64,112.36,2.37,2.12,35.5,12.43,1,CIRCANA_SYNTHETIC,11.23,0.3533,2026-09-03T10:30:00Z
FCT000753,W0045,12-11-2025,2025,5,Q2,MKT002,Los Angeles,CA,West,CH004,E-Commerce,RET003,Pharmacy Plus,Regional,CAT001,Deodorants & Fragrances,SUB003,Roll-On Deodorant,MFG004,Church & Dwight,BR016-Arm-Hammer,Arm,PROD204,795,Arm Roll-On Deodorant Classic,12,FL OZ,4,343,248,95,95,16464,5551.32,4027.52,1523.8,16.24,16.04,67.6,8.94,1,CIRCANA_SYNTHETIC,38.31,0.3342,2026-09-03T10:30:00Z
FCT000754,W0049,01-08-2026,2025,2,Q1,MKT006,Philadelphia,PA,Northeast,CH001,Grocery,RET003,Pharmacy Plus,Regional,CAT001,Deodorants & Fragrances,SUB004,Gel Deodorant,MFG004,Church & Dwight,BR019-Brut,Brut,PROD303,358,Brut Gel Deodorant Fresh,24,ROLL,1,552,402,150,150,13248,5919.48,4317.48,1602.0,10.74,10.68,76.9,1.39,1,CIRCANA_SYNTHETIC,37.31,0.445,2026-09-03T10:30:00Z
FCT000755,W0039,02-05-2026,2025,1,Q1,MKT002,Los Angeles,CA,West,CH004,E-Commerce,RET004,Online Direct,National,CAT001,Deodorants & Fragrances,SUB001,Aerosol Deodorant,MFG003,Henkel,BR012-Fa,Fa,PROD002,899,Fa Aerosol Deodorant Original,48,CT,5,349,208,141,141,83760,3752.86,2379.52,1373.34,11.44,9.74,29.6,12.95,1,CIRCANA_SYNTHETIC,67.79,0.0406,2026-09-03T10:30:00Z
FCT000756,W0052,01-08-2026,2025,11,Q4,MKT003,Chicago,IL,Midwest,CH004,E-Commerce,RET003,Pharmacy Plus,Regional,CAT001,Deodorants & Fragrances,SUB001,Aerosol Deodorant,MFG005,Colgate Palmolive,BR024-Lady-Speed-Stick,Lady,PROD005,140,Lady Aerosol Deodorant Light,6,PACK,4,179,179,0,0,4296,1074.0,1074.0,0,6.0,6.0,53.9,12.82,0,CIRCANA_SYNTHETIC,0,0.25,2026-09-03T10:30:00Z
FCT000757,W0016,09-03-2026,2026,7,Q3,MKT003,Chicago,IL,Midwest,CH001,Grocery,RET002,Regional Foods,Regional,CAT001,Deodorants & Fragrances,SUB004,Gel Deodorant,MFG004,Church & Dwight,BR019-Brut,Brut,PROD301,965,Brut Gel Deodorant Classic,30,OZ,3,445,445,0,0,40050,2759.0,2759.0,0,6.2,6.2,45.5,10.28,0,CIRCANA_SYNTHETIC,0,0.0689,2026-09-03T10:30:00Z
FCT000758,W0037,08-27-2026,2026,8,Q3,MKT002,Los Angeles,CA,West,CH002,Drug Store,RET002,Regional Foods,Regional,CAT001,Deodorants & Fragrances,SUB004,Gel Deodorant,MFG002,Procter & Gamble,BR010-Olay,Olay,PROD301,585,Olay Gel Deodorant Original,30,OZ,6,415,237,178,178,74700,5727.5,3336.96,2390.54,14.08,13.43,67.6,1.68,1,CIRCANA_SYNTHETIC,75.11,0.0746,2026-09-03T10:30:00Z
FCT000759,W0043,04-02-2026,2026,8,Q3,MKT007,San Antonio,TX,South,CH001,Grocery,RET001,National Grocery Co,National,CAT001,Deodorants & Fragrances,SUB004,Gel Deodorant,MFG001,Unilever,BR003-Degree,Degree,PROD305,659,Degree Gel Deodorant Light,8,OZ,1,371,309,62,62,2968,2102.89,1770.57,332.32,5.73,5.36,69.8,6.75,1,CIRCANA_SYNTHETIC,20.06,0.67,2026-09-03T10:30:00Z
FCT000760,W0003,05-28-2026,2026,4,Q2,MKT003,Chicago,IL,Midwest,CH005,Club,RET004,Online Direct,National,CAT001,Deodorants & Fragrances,SUB004,Gel Deodorant,MFG001,Unilever,BR005-Lume,Lume,PROD301,637,Lume Gel Deodorant Light,8,ROLL,1,203,203,0,0,1624,2141.65,2141.65,0,10.55,10.55,58.3,0.28,0,CIRCANA_SYNTHETIC,0,1.3188,2026-09-03T10:30:00Z
FCT000761,W0043,02-05-2026,2025,8,Q3,MKT006,Philadelphia,PA,Northeast,CH002,Drug Store,RET004,Online Direct,National,CAT001,Deodorants & Fragrances,SUB003,Roll-On Deodorant,MFG002,Procter & Gamble,BR007-Old Spice,Old Spice,PROD202,230,Old Spice Roll-On Deodorant Fresh,8,ROLL,5,184,159,25,25,7360,3020.38,2634.63,385.75,16.57,15.43,80.3,2.28,1,CIRCANA_SYNTHETIC,15.72,0.3857,2026-09-03T10:30:00Z
FCT000762,W0041,10-02-2025,2025,7,Q3,MKT009,Dallas,TX,South,CH001,Grocery,RET005,Warehouse Club,National,CAT001,Deodorants & Fragrances,SUB001,Aerosol Deodorant,MFG002,Procter & Gamble,BR007-Old Spice,Old Spice,PROD004,843,Old Spice Aerosol Deodorant Light,30,OZ,4,232,165,67,67,27840,673.58,493.35,180.23,2.99,2.69,49.6,2.97,1,CIRCANA_SYNTHETIC,40.61,0.0224,2026-09-03T10:30:00Z
FCT000763,W0027,11-20-2025,2025,11,Q4,MKT004,Houston,TX,South,CH002,Drug Store,RET004,Online Direct,National,CAT001,Deodorants & Fragrances,SUB004,Gel Deodorant,MFG005,Colgate Palmolive,BR025-Palmolive,Palmolive,PROD305,186,Palmolive Gel Deodorant Organic,18,ROLL,1,173,173,0,0,3114,2067.35,2067.35,0,11.95,11.95,22.3,1.09,0,CIRCANA_SYNTHETIC,0,0.6639,2026-09-03T10:30:00Z
FCT000764,W0035,12-11-2025,2025,6,Q2,MKT007,San Antonio,TX,South,CH003,Mass Merchandiser,RET004,Online Direct,National,CAT001,Deodorants & Fragrances,SUB003,Roll-On Deodorant,MFG003,Henkel,BR013-Monsavon,Monsavon,PROD203,904,Monsavon Roll-On Deodorant Fresh,48,ROLL,6,607,487,120,120,174816,9321.32,7577.72,1743.6,15.56,14.53,71.2,9.03,1,CIRCANA_SYNTHETIC,24.64,0.0505,2026-09-03T10:30:00Z
FCT000765,W0040,11-27-2025,2025,2,Q1,MKT002,Los Angeles,CA,West,CH004,E-Commerce,RET003,Pharmacy Plus,Regional,CAT001,Deodorants & Fragrances,SUB004,Gel Deodorant,MFG005,Colgate Palmolive,BR025-Palmolive,Palmolive,PROD303,679,Palmolive Gel Deodorant Organic,18,FL OZ,5,440,372,68,68,39600,5979.84,5137.32,842.52,13.81,12.39,87.9,13.62,1,CIRCANA_SYNTHETIC,18.28,0.1377,2026-09-03T10:30:00Z
FCT000766,W0039,02-26-2026,2025,11,Q4,MKT006,Philadelphia,PA,Northeast,CH005,Club,RET004,Online Direct,National,CAT001,Deodorants & Fragrances,SUB003,Roll-On Deodorant,MFG003,Henkel,BR013-Monsavon,Monsavon,PROD202,428,Monsavon Roll-On Deodorant Organic,8,FL OZ,2,443,443,0,0,7088,7885.4,7885.4,0,17.8,17.8,47.1,8.19,0,CIRCANA_SYNTHETIC,0,1.1125,2026-09-03T10:30:00Z
FCT000767,W0039,09-18-2025,2025,11,Q4,MKT003,Chicago,IL,Midwest,CH001,Grocery,RET003,Pharmacy Plus,Regional,CAT001,Deodorants & Fragrances,SUB005,Antiperspirant,MFG002,Procter & Gamble,BR007-Old Spice,Old Spice,PROD405,449,Old Spice Antiperspirant Organic,48,FL OZ,2,308,143,165,165,29568,3313.53,1574.43,1739.1,11.01,10.54,89.9,6.94,1,CIRCANA_SYNTHETIC,115.38,0.1098,2026-09-03T10:30:00Z
FCT000768,W0001,08-06-2026,2026,4,Q2,MKT005,Phoenix,AZ,West,CH001,Grocery,RET004,Online Direct,National,CAT001,Deodorants & Fragrances,SUB005,Antiperspirant,MFG005,Colgate Palmolive,BR024-Lady-Speed-Stick,Lady,PROD401,601,Lady Antiperspirant Fresh,18,PACK,5,419,303,116,116,37710,4740.09,3536.01,1204.08,11.67,10.38,93.6,9.46,1,CIRCANA_SYNTHETIC,38.28,0.1153,2026-09-03T10:30:00Z
FCT000769,W0008,03-26-2026,2026,1,Q1,MKT007,San Antonio,TX,South,CH003,Mass Merchandiser,RET001,National Grocery Co,National,CAT001,Deodorants & Fragrances,SUB004,Gel Deodorant,MFG002,Procter & Gamble,BR007-Old Spice,Old Spice,PROD304,860,Old Spice Gel Deodorant Classic,6,FL OZ,1,483,483,0,0,2898,7061.46,7061.46,0,14.62,14.62,40.1,11.78,0,CIRCANA_SYNTHETIC,0,2.4367,2026-09-03T10:30:00Z
FCT000770,W0047,05-07-2026,2026,5,Q2,MKT001,New York,NY,Northeast,CH001,Grocery,RET001,National Grocery Co,National,CAT001,Deodorants & Fragrances,SUB001,Aerosol Deodorant,MFG003,Henkel,BR015-Right Guard,Right Guard,PROD005,255,Right Guard Aerosol Deodorant Original,12,PACK,5,232,173,59,59,13920,3409.9,2615.76,794.14,15.12,13.46,61.4,12.63,1,CIRCANA_SYNTHETIC,34.1,0.2243,2026-09-03T10:30:00Z
FCT000771,W0011,07-30-2026,2026,10,Q4,MKT007,San Antonio,TX,South,CH002,Drug Store,RET005,Warehouse Club,National,CAT001,Deodorants & Fragrances,SUB002,Stick Deodorant,MFG005,Colgate Palmolive,BR021-Tom's,Tom's,PROD102,277,Tom's Stick Deodorant Organic,6,OZ,2,588,464,124,124,7056,12295.48,9948.16,2347.32,21.44,18.93,54.5,2.57,1,CIRCANA_SYNTHETIC,26.72,1.5775,2026-09-03T10:30:00Z
FCT000772,W0025,02-19-2026,2025,4,Q2,MKT004,Houston,TX,South,CH003,Mass Merchandiser,RET004,Online Direct,National,CAT001,Deodorants & Fragrances,SUB001,Aerosol Deodorant,MFG005,Colgate Palmolive,BR025-Palmolive,Palmolive,PROD001,971,Palmolive Aerosol Deodorant Fresh,6,ROLL,6,101,101,0,0,3636,1234.22,1234.22,0,12.22,12.22,31.3,13.33,0,CIRCANA_SYNTHETIC,0,0.3394,2026-09-03T10:30:00Z
FCT000773,W0022,04-16-2026,2026,1,Q1,MKT005,Phoenix,AZ,West,CH002,Drug Store,RET004,Online Direct,National,CAT001,Deodorants & Fragrances,SUB001,Aerosol Deodorant,MFG004,Church & Dwight,BR020-Trojan,Trojan,PROD005,799,Trojan Aerosol Deodorant Classic,30,ROLL,5,466,309,157,157,69900,3001.16,2079.57,921.59,6.73,5.87,25.8,12.57,1,CIRCANA_SYNTHETIC,50.81,0.0391,2026-09-03T10:30:00Z
FCT000774,W0016,10-23-2025,2025,5,Q2,MKT004,Houston,TX,South,CH003,Mass Merchandiser,RET003,Pharmacy Plus,Regional,CAT001,Deodorants & Fragrances,SUB004,Gel Deodorant,MFG004,Church & Dwight,BR018-Purity,Purity,PROD302,563,Purity Gel Deodorant Original,48,OZ,6,244,244,0,0,70272,5736.44,5736.44,0,23.51,23.51,38.3,10.49,0,CIRCANA_SYNTHETIC,0,0.0816,2026-09-03T10:30:00Z
FCT000775,W0047,02-19-2026,2025,7,Q3,MKT006,Philadelphia,PA,Northeast,CH004,E-Commerce,RET001,National Grocery Co,National,CAT001,Deodorants & Fragrances,SUB005,Antiperspirant,MFG004,Church & Dwight,BR019-Brut,Brut,PROD403,261,Brut Antiperspirant Organic,18,FL OZ,2,273,273,0,0,9828,2235.87,2235.87,0,8.19,8.19,88.4,3.97,0,CIRCANA_SYNTHETIC,0,0.2275,2026-09-03T10:30:00Z
FCT000776,W0024,08-13-2026,2026,4,Q2,MKT010,San Jose,CA,West,CH005,Club,RET002,Regional Foods,Regional,CAT001,Deodorants & Fragrances,SUB005,Antiperspirant,MFG001,Unilever,BR004-Rexona,Rexona,PROD405,361,Rexona Antiperspirant Classic,8,OZ,5,412,412,0,0,16480,7411.88,7411.88,0,17.99,17.99,23.8,1.28,0,CIRCANA_SYNTHETIC,0,0.4497,2026-09-03T10:30:00Z
FCT000777,W0020,06-25-2026,2026,9,Q3,MKT007,San Antonio,TX,South,CH003,Mass Merchandiser,RET002,Regional Foods,Regional,CAT001,Deodorants & Fragrances,SUB003,Roll-On Deodorant,MFG002,Procter & Gamble,BR009-Native,Native,PROD202,987,Native Roll-On Deodorant Organic,6,PACK,1,168,168,0,0,1008,2548.56,2548.56,0,15.17,15.17,78.7,13.09,0,CIRCANA_SYNTHETIC,0,2.5283,2026-09-03T10:30:00Z
FCT000778,W0039,10-23-2025,2025,2,Q1,MKT007,San Antonio,TX,South,CH002,Drug Store,RET002,Regional Foods,Regional,CAT001,Deodorants & Fragrances,SUB005,Antiperspirant,MFG001,Unilever,BR002-Axe,Axe,PROD404,477,Axe Antiperspirant Organic,6,FL OZ,2,445,445,0,0,5340,6354.6,6354.6,0,14.28,14.28,78.4,8.35,0,CIRCANA_SYNTHETIC,0,1.19,2026-09-03T10:30:00Z
FCT000779,W0033,09-04-2025,2025,1,Q1,MKT004,Houston,TX,South,CH001,Grocery,RET003,Pharmacy Plus,Regional,CAT001,Deodorants & Fragrances,SUB005,Antiperspirant,MFG002,Procter & Gamble,BR008-Secret,Secret,PROD402,723,Secret Antiperspirant Light,8,CT,1,251,251,0,0,2008,3210.29,3210.29,0,12.79,12.79,83.5,3.7,0,CIRCANA_SYNTHETIC,0,1.5987,2026-09-03T10:30:00Z
FCT000780,W0041,12-11-2025,2025,1,Q1,MKT008,San Diego,CA,West,CH002,Drug Store,RET001,National Grocery Co,National,CAT001,Deodorants & Fragrances,SUB004,Gel Deodorant,MFG002,Procter & Gamble,BR007-Old Spice,Old Spice,PROD302,504,Old Spice Gel Deodorant Fresh,8,OZ,3,243,243,0,0,5832,3061.8,3061.8,0,12.6,12.6,79.9,10.2,0,CIRCANA_SYNTHETIC,0,0.525,2026-09-03T10:30:00Z
FCT000781,W0049,05-14-2026,2026,9,Q3,MKT009,Dallas,TX,South,CH003,Mass Merchandiser,RET005,Warehouse Club,National,CAT001,Deodorants & Fragrances,SUB005,Antiperspirant,MFG005,Colgate Palmolive,BR024-Lady-Speed-Stick,Lady,PROD404,718,Lady Antiperspirant Classic,48,CT,1,263,135,128,128,12624,1725.4,912.6,812.8,6.76,6.35,47.6,4.55,1,CIRCANA_SYNTHETIC,94.81,0.1323,2026-09-03T10:30:00Z
FCT000782,W0049,08-27-2026,2026,4,Q2,MKT006,Philadelphia,PA,Northeast,CH001,Grocery,RET003,Pharmacy Plus,Regional,CAT001,Deodorants & Fragrances,SUB004,Gel Deodorant,MFG004,Church & Dwight,BR017-Nubian,Nubian,PROD303,350,Nubian Gel Deodorant Organic,8,ROLL,5,609,446,163,163,24360,12165.74,9000.28,3165.46,20.18,19.42,68.7,4.6,1,CIRCANA_SYNTHETIC,36.55,0.4855,2026-09-03T10:30:00Z
FCT000783,W0024,06-04-2026,2026,8,Q3,MKT005,Phoenix,AZ,West,CH004,E-Commerce,RET004,Online Direct,National,CAT001,Deodorants & Fragrances,SUB002,Stick Deodorant,MFG004,Church & Dwight,BR019-Brut,Brut,PROD104,154,Brut Stick Deodorant Light,4,CT,2,262,262,0,0,2096,5929.06,5929.06,0,22.63,22.63,89.2,4.5,0,CIRCANA_SYNTHETIC,0,2.8287,2026-09-03T10:30:00Z
FCT000784,W0036,02-05-2026,2025,1,Q1,MKT002,Los Angeles,CA,West,CH005,Club,RET003,Pharmacy Plus,Regional,CAT001,Deodorants & Fragrances,SUB004,Gel Deodorant,MFG003,Henkel,BR015-Right Guard,Right Guard,PROD304,828,Right Guard Gel Deodorant Fresh,24,CT,3,174,84,90,90,12528,3777.54,1949.64,1827.9,23.21,20.31,94.4,2.27,1,CIRCANA_SYNTHETIC,107.14,0.2821,2026-09-03T10:30:00Z
FCT000785,W0029,03-12-2026,2026,6,Q2,MKT009,Dallas,TX,South,CH002,Drug Store,RET005,Warehouse Club,National,CAT001,Deodorants & Fragrances,SUB001,Aerosol Deodorant,MFG003,Henkel,BR011-Nivea,Nivea,PROD001,599,Nivea Aerosol Deodorant Classic,24,FL OZ,3,386,227,159,159,27792,1187.05,719.59,467.46,3.17,2.94,29.2,6.63,1,CIRCANA_SYNTHETIC,70.04,0.0408,2026-09-03T10:30:00Z
FCT000786,W0043,10-23-2025,2025,8,Q3,MKT009,Dallas,TX,South,CH001,Grocery,RET002,Regional Foods,Regional,CAT001,Deodorants & Fragrances,SUB005,Antiperspirant,MFG004,Church & Dwight,BR018-Purity,Purity,PROD405,236,Purity Antiperspirant Organic,12,OZ,5,159,123,36,36,9540,1686.69,1332.09,354.6,10.83,9.85,23.1,4.61,1,CIRCANA_SYNTHETIC,29.27,0.1642,2026-09-03T10:30:00Z
FCT000787,W0017,06-04-2026,2026,1,Q1,MKT007,San Antonio,TX,South,CH002,Drug Store,RET004,Online Direct,National,CAT001,Deodorants & Fragrances,SUB005,Antiperspirant,MFG005,Colgate Palmolive,BR025-Palmolive,Palmolive,PROD402,269,Palmolive Antiperspirant Classic,4,FL OZ,6,133,133,0,0,3192,1742.3,1742.3,0,13.1,13.1,25.0,7.08,0,CIRCANA_SYNTHETIC,0,0.5458,2026-09-03T10:30:00Z
FCT000788,W0037,01-01-2026,2025,9,Q3,MKT006,Philadelphia,PA,Northeast,CH005,Club,RET003,Pharmacy Plus,Regional,CAT001,Deodorants & Fragrances,SUB001,Aerosol Deodorant,MFG004,Church & Dwight,BR018-Purity,Purity,PROD004,925,Purity Aerosol Deodorant Fresh,24,PACK,2,543,373,170,170,26064,9353.38,6475.28,2878.1,17.36,16.93,64.2,10.27,1,CIRCANA_SYNTHETIC,45.58,0.3527,2026-09-03T10:30:00Z
FCT000789,W0020,01-29-2026,2025,12,Q4,MKT007,San Antonio,TX,South,CH004,E-Commerce,RET003,Pharmacy Plus,Regional,CAT001,Deodorants & Fragrances,SUB002,Stick Deodorant,MFG003,Henkel,BR015-Right Guard,Right Guard,PROD101,354,Right Guard Stick Deodorant Classic,18,FL OZ,1,227,76,151,151,4086,4544.25,1592.2,2952.05,20.95,19.55,83.3,3.36,1,CIRCANA_SYNTHETIC,198.68,1.0861,2026-09-03T10:30:00Z
FCT000790,W0037,04-09-2026,2026,5,Q2,MKT009,Dallas,TX,South,CH003,Mass Merchandiser,RET004,Online Direct,National,CAT001,Deodorants & Fragrances,SUB001,Aerosol Deodorant,MFG004,Church & Dwight,BR019-Brut,Brut,PROD005,158,Brut Aerosol Deodorant Classic,8,PACK,4,174,174,0,0,5568,4144.68,4144.68,0,23.82,23.82,69.7,11.65,0,CIRCANA_SYNTHETIC,0,0.7444,2026-09-03T10:30:00Z
FCT000791,W0008,04-23-2026,2026,4,Q2,MKT007,San Antonio,TX,South,CH004,E-Commerce,RET001,National Grocery Co,National,CAT001,Deodorants & Fragrances,SUB004,Gel Deodorant,MFG003,Henkel,BR013-Monsavon,Monsavon,PROD302,268,Monsavon Gel Deodorant Light,30,PACK,2,625,500,125,125,37500,7042.5,5660.0,1382.5,11.32,11.06,41.5,9.2,1,CIRCANA_SYNTHETIC,25.0,0.1843,2026-09-03T10:30:00Z
FCT000792,W0006,09-18-2025,2025,12,Q4,MKT010,San Jose,CA,West,CH004,E-Commerce,RET001,National Grocery Co,National,CAT001,Deodorants & Fragrances,SUB005,Antiperspirant,MFG001,Unilever,BR001-Dove,Dove,PROD403,255,Dove Antiperspirant Original,30,ROLL,1,126,126,0,0,3780,2959.74,2959.74,0,23.49,23.49,79.5,10.49,0,CIRCANA_SYNTHETIC,0,0.783,2026-09-03T10:30:00Z
FCT000793,W0043,12-25-2025,2025,2,Q1,MKT001,New York,NY,Northeast,CH002,Drug Store,RET003,Pharmacy Plus,Regional,CAT001,Deodorants & Fragrances,SUB004,Gel Deodorant,MFG003,Henkel,BR013-Monsavon,Monsavon,PROD302,729,Monsavon Gel Deodorant Original,18,FL OZ,1,134,134,0,0,2412,388.6,388.6,0,2.9,2.9,63.7,14.82,0,CIRCANA_SYNTHETIC,0,0.1611,2026-09-03T10:30:00Z
FCT000794,W0040,01-15-2026,2025,2,Q1,MKT008,San Diego,CA,West,CH001,Grocery,RET003,Pharmacy Plus,Regional,CAT001,Deodorants & Fragrances,SUB002,Stick Deodorant,MFG005,Colgate Palmolive,BR023-Colgate,Colgate,PROD104,329,Colgate Stick Deodorant Light,48,PACK,3,136,120,16,16,19584,761.28,674.4,86.88,5.62,5.43,58.6,7.5,1,CIRCANA_SYNTHETIC,13.33,0.0377,2026-09-03T10:30:00Z
FCT000795,W0020,04-30-2026,2026,11,Q4,MKT003,Chicago,IL,Midwest,CH004,E-Commerce,RET004,Online Direct,National,CAT001,Deodorants & Fragrances,SUB004,Gel Deodorant,MFG003,Henkel,BR015-Right Guard,Right Guard,PROD303,701,Right Guard Gel Deodorant Original,18,FL OZ,2,324,264,60,60,11664,2385.36,1990.56,394.8,7.54,6.58,31.6,1.28,1,CIRCANA_SYNTHETIC,22.73,0.1828,2026-09-03T10:30:00Z
FCT000796,W0045,04-16-2026,2026,10,Q4,MKT003,Chicago,IL,Midwest,CH002,Drug Store,RET001,National Grocery Co,National,CAT001,Deodorants & Fragrances,SUB001,Aerosol Deodorant,MFG003,Henkel,BR013-Monsavon,Monsavon,PROD004,665,Monsavon Aerosol Deodorant Fresh,48,ROLL,4,417,417,0,0,80064,2009.94,2009.94,0,4.82,4.82,68.3,14.14,0,CIRCANA_SYNTHETIC,0,0.0251,2026-09-03T10:30:00Z
FCT000797,W0023,08-06-2026,2026,1,Q1,MKT001,New York,NY,Northeast,CH003,Mass Merchandiser,RET002,Regional Foods,Regional,CAT001,Deodorants & Fragrances,SUB002,Stick Deodorant,MFG004,Church & Dwight,BR017-Nubian,Nubian,PROD104,902,Nubian Stick Deodorant Light,18,ROLL,2,480,480,0,0,17280,9931.2,9931.2,0,20.69,20.69,54.8,14.5,0,CIRCANA_SYNTHETIC,0,0.5747,2026-09-03T10:30:00Z
FCT000798,W0051,06-25-2026,2026,5,Q2,MKT007,San Antonio,TX,South,CH003,Mass Merchandiser,RET005,Warehouse Club,National,CAT001,Deodorants & Fragrances,SUB002,Stick Deodorant,MFG002,Procter & Gamble,BR006-Gillette,Gillette,PROD103,307,Gillette Stick Deodorant Organic,24,CT,1,221,97,124,124,5304,4620.94,2166.98,2453.96,22.34,19.79,65.3,14.36,1,CIRCANA_SYNTHETIC,127.84,0.8246,2026-09-03T10:30:00Z
FCT000799,W0001,07-23-2026,2026,8,Q3,MKT006,Philadelphia,PA,Northeast,CH003,Mass Merchandiser,RET005,Warehouse Club,National,CAT001,Deodorants & Fragrances,SUB001,Aerosol Deodorant,MFG003,Henkel,BR013-Monsavon,Monsavon,PROD001,643,Monsavon Aerosol Deodorant Classic,8,FL OZ,6,158,158,0,0,7584,2709.7,2709.7,0,17.15,17.15,75.2,7.62,0,CIRCANA_SYNTHETIC,0,0.3573,2026-09-03T10:30:00Z
FCT000800,W0049,02-12-2026,2025,1,Q1,MKT008,San Diego,CA,West,CH005,Club,RET005,Warehouse Club,National,CAT001,Deodorants & Fragrances,SUB004,Gel Deodorant,MFG003,Henkel,BR015-Right Guard,Right Guard,PROD301,574,Right Guard Gel Deodorant Fresh,30,PACK,6,224,220,4,4,40320,5407.2,5324.0,83.2,24.2,20.8,82.2,6.32,1,CIRCANA_SYNTHETIC,1.82,0.1156,2026-09-03T10:30:00Z
FCT000801,W0015,11-13-2025,2025,10,Q4,MKT004,Houston,TX,South,CH004,E-Commerce,RET003,Pharmacy Plus,Regional,CAT001,Deodorants & Fragrances,SUB003,Roll-On Deodorant,MFG003,Henkel,BR011-Nivea,Nivea,PROD205,540,Nivea Roll-On Deodorant Original,4,PACK,2,319,252,67,67,2552,933.33,738.36,194.97,2.93,2.91,53.7,6.02,1,CIRCANA_SYNTHETIC,26.59,0.3638,2026-09-03T10:30:00Z
FCT000802,W0050,12-11-2025,2025,11,Q4,MKT009,Dallas,TX,South,CH004,E-Commerce,RET001,National Grocery Co,National,CAT001,Deodorants & Fragrances,SUB003,Roll-On Deodorant,MFG005,Colgate Palmolive,BR023-Colgate,Colgate,PROD205,498,Colgate Roll-On Deodorant Fresh,12,PACK,6,304,304,0,0,21888,4468.8,4468.8,0,14.7,14.7,78.5,12.84,0,CIRCANA_SYNTHETIC,0,0.2042,2026-09-03T10:30:00Z
FCT000803,W0042,05-21-2026,2026,8,Q3,MKT004,Houston,TX,South,CH001,Grocery,RET004,Online Direct,National,CAT001,Deodorants & Fragrances,SUB002,Stick Deodorant,MFG001,Unilever,BR003-Degree,Degree,PROD105,536,Degree Stick Deodorant Organic,8,FL OZ,2,100,100,0,0,1600,1712.0,1712.0,0,17.12,17.12,70.4,6.29,0,CIRCANA_SYNTHETIC,0,1.07,2026-09-03T10:30:00Z
FCT000804,W0005,07-02-2026,2026,2,Q1,MKT005,Phoenix,AZ,West,CH003,Mass Merchandiser,RET005,Warehouse Club,National,CAT001,Deodorants & Fragrances,SUB003,Roll-On Deodorant,MFG005,Colgate Palmolive,BR021-Tom's,Tom's,PROD201,884,Tom's Roll-On Deodorant Fresh,6,FL OZ,2,172,172,0,0,2064,792.92,792.92,0,4.61,4.61,53.8,1.91,0,CIRCANA_SYNTHETIC,0,0.3842,2026-09-03T10:30:00Z
FCT000805,W0051,07-30-2026,2026,6,Q2,MKT008,San Diego,CA,West,CH005,Club,RET003,Pharmacy Plus,Regional,CAT001,Deodorants & Fragrances,SUB005,Antiperspirant,MFG001,Unilever,BR003-Degree,Degree,PROD401,912,Degree Antiperspirant Original,12,PACK,3,248,248,0,0,8928,4632.64,4632.64,0,18.68,18.68,88.3,9.34,0,CIRCANA_SYNTHETIC,0,0.5189,2026-09-03T10:30:00Z
FCT000806,W0031,10-02-2025,2025,11,Q4,MKT006,Philadelphia,PA,Northeast,CH002,Drug Store,RET005,Warehouse Club,National,CAT001,Deodorants & Fragrances,SUB002,Stick Deodorant,MFG005,Colgate Palmolive,BR022-Speed-Stick,Speed,PROD102,735,Speed Stick Deodorant Classic,30,ROLL,1,152,65,87,87,4560,3066.61,1337.05,1729.56,20.57,19.88,50.2,2.6,1,CIRCANA_SYNTHETIC,133.85,0.6627,2026-09-03T10:30:00Z
FCT000807,W0013,08-20-2026,2026,1,Q1,MKT009,Dallas,TX,South,CH004,E-Commerce,RET004,Online Direct,National,CAT001,Deodorants & Fragrances,SUB002,Stick Deodorant,MFG003,Henkel,BR013-Monsavon,Monsavon,PROD104,422,Monsavon Stick Deodorant Classic,24,OZ,6,146,146,0,0,21024,3428.08,3428.08,0.0,23.48,22.24,51.2,12.58,1,CIRCANA_SYNTHETIC,0.0,0.1544,2026-09-03T10:30:00Z
FCT000808,W0009,02-05-2026,2025,8,Q3,MKT010,San Jose,CA,West,CH005,Club,RET005,Warehouse Club,National,CAT001,Deodorants & Fragrances,SUB002,Stick Deodorant,MFG001,Unilever,BR005-Lume,Lume,PROD101,156,Lume Stick Deodorant Light,4,FL OZ,2,270,111,159,159,2160,2440.44,1018.98,1421.46,9.18,8.94,42.0,12.89,1,CIRCANA_SYNTHETIC,143.24,1.1175,2026-09-03T10:30:00Z
FCT000809,W0034,03-26-2026,2026,2,Q1,MKT003,Chicago,IL,Midwest,CH003,Mass Merchandiser,RET003,Pharmacy Plus,Regional,CAT001,Deodorants & Fragrances,SUB003,Roll-On Deodorant,MFG004,Church & Dwight,BR016-Arm-Hammer,Arm,PROD204,240,Arm Roll-On Deodorant Fresh,18,ROLL,1,396,207,189,189,7128,976.68,538.2,438.48,2.6,2.32,33.9,1.49,1,CIRCANA_SYNTHETIC,91.3,0.1289,2026-09-03T10:30:00Z
FCT000810,W0012,12-25-2025,2025,4,Q2,MKT002,Los Angeles,CA,West,CH003,Mass Merchandiser,RET003,Pharmacy Plus,Regional,CAT001,Deodorants & Fragrances,SUB003,Roll-On Deodorant,MFG003,Henkel,BR011-Nivea,Nivea,PROD201,979,Nivea Roll-On Deodorant Original,4,FL OZ,3,168,168,0,0,2016,3586.8,3586.8,0,21.35,21.35,61.3,8.17,0,CIRCANA_SYNTHETIC,0,1.7792,2026-09-03T10:30:00Z
FCT000811,W0006,11-13-2025,2025,6,Q2,MKT002,Los Angeles,CA,West,CH004,E-Commerce,RET001,National Grocery Co,National,CAT001,Deodorants & Fragrances,SUB005,Antiperspirant,MFG003,Henkel,BR014-Dial,Dial,PROD403,580,Dial Antiperspirant Light,8,OZ,1,442,429,13,13,3536,10513.75,10223.07,290.68,23.83,22.36,28.0,7.21,1,CIRCANA_SYNTHETIC,3.03,2.795,2026-09-03T10:30:00Z
FCT000812,W0006,04-09-2026,2026,3,Q1,MKT005,Phoenix,AZ,West,CH002,Drug Store,RET005,Warehouse Club,National,CAT001,Deodorants & Fragrances,SUB005,Antiperspirant,MFG005,Colgate Palmolive,BR022-Speed-Stick,Speed,PROD401,941,Speed Antiperspirant Fresh,6,OZ,4,382,382,0,0,9168,2681.64,2681.64,0,7.02,7.02,73.1,2.62,0,CIRCANA_SYNTHETIC,0,0.2925,2026-09-03T10:30:00Z
FCT000813,W0036,05-21-2026,2026,1,Q1,MKT009,Dallas,TX,South,CH003,Mass Merchandiser,RET005,Warehouse Club,National,CAT001,Deodorants & Fragrances,SUB004,Gel Deodorant,MFG002,Procter & Gamble,BR009-Native,Native,PROD301,692,Native Gel Deodorant Light,30,CT,5,314,158,156,156,47100,2564.94,1379.34,1185.6,8.73,7.6,93.0,6.23,1,CIRCANA_SYNTHETIC,98.73,0.0507,2026-09-03T10:30:00Z
FCT000814,W0001,07-16-2026,2026,7,Q3,MKT002,Los Angeles,CA,West,CH004,E-Commerce,RET003,Pharmacy Plus,Regional,CAT001,Deodorants & Fragrances,SUB002,Stick Deodorant,MFG005,Colgate Palmolive,BR024-Lady-Speed-Stick,Lady,PROD105,787,Lady Stick Deodorant Organic,18,CT,5,432,432,0,0,38880,2695.68,2695.68,0,6.24,6.24,68.1,1.89,0,CIRCANA_SYNTHETIC,0,0.0693,2026-09-03T10:30:00Z
FCT000815,W0014,05-07-2026,2026,2,Q1,MKT004,Houston,TX,South,CH001,Grocery,RET001,National Grocery Co,National,CAT001,Deodorants & Fragrances,SUB001,Aerosol Deodorant,MFG004,Church & Dwight,BR017-Nubian,Nubian,PROD002,247,Nubian Aerosol Deodorant Organic,12,OZ,6,383,383,0,0,27576,888.56,888.56,0,2.32,2.32,28.0,3.17,0,CIRCANA_SYNTHETIC,0,0.0322,2026-09-03T10:30:00Z
FCT000816,W0043,06-11-2026,2026,11,Q4,MKT007,San Antonio,TX,South,CH004,E-Commerce,RET005,Warehouse Club,National,CAT001,Deodorants & Fragrances,SUB003,Roll-On Deodorant,MFG003,Henkel,BR014-Dial,Dial,PROD203,601,Dial Roll-On Deodorant Classic,30,FL OZ,2,155,155,0,0,9300,3411.55,3411.55,0,22.01,22.01,84.4,9.97,0,CIRCANA_SYNTHETIC,0,0.3668,2026-09-03T10:30:00Z
FCT000817,W0004,09-18-2025,2025,1,Q1,MKT005,Phoenix,AZ,West,CH001,Grocery,RET004,Online Direct,National,CAT001,Deodorants & Fragrances,SUB004,Gel Deodorant,MFG004,Church & Dwight,BR017-Nubian,Nubian,PROD301,114,Nubian Gel Deodorant Classic,12,ROLL,1,392,318,74,74,4704,8517.46,7081.86,1435.6,22.27,19.4,40.9,6.45,1,CIRCANA_SYNTHETIC,23.27,1.6167,2026-09-03T10:30:00Z
FCT000818,W0045,05-07-2026,2026,8,Q3,MKT006,Philadelphia,PA,Northeast,CH003,Mass Merchandiser,RET002,Regional Foods,Regional,CAT001,Deodorants & Fragrances,SUB005,Antiperspirant,MFG004,Church & Dwight,BR017-Nubian,Nubian,PROD404,324,Nubian Antiperspirant Fresh,48,CT,4,229,188,41,41,43968,5085.73,4288.28,797.45,22.81,19.45,37.6,7.34,1,CIRCANA_SYNTHETIC,21.81,0.1013,2026-09-03T10:30:00Z
FCT000819,W0043,01-15-2026,2025,5,Q2,MKT006,Philadelphia,PA,Northeast,CH005,Club,RET003,Pharmacy Plus,Regional,CAT001,Deodorants & Fragrances,SUB001,Aerosol Deodorant,MFG001,Unilever,BR003-Degree,Degree,PROD003,976,Degree Aerosol Deodorant Fresh,6,CT,3,76,60,16,16,1368,578.72,468.0,110.72,7.8,6.92,91.8,13.98,1,CIRCANA_SYNTHETIC,26.67,0.3844,2026-09-03T10:30:00Z
FCT000820,W0027,12-25-2025,2025,6,Q2,MKT001,New York,NY,Northeast,CH002,Drug Store,RET001,National Grocery Co,National,CAT001,Deodorants & Fragrances,SUB004,Gel Deodorant,MFG003,Henkel,BR015-Right Guard,Right Guard,PROD305,812,Right Guard Gel Deodorant Light,12,CT,1,296,296,0,0,3552,5579.6,5579.6,0,18.85,18.85,74.1,6.43,0,CIRCANA_SYNTHETIC,0,1.5708,2026-09-03T10:30:00Z
FCT000821,W0031,12-04-2025,2025,4,Q2,MKT010,San Jose,CA,West,CH005,Club,RET003,Pharmacy Plus,Regional,CAT001,Deodorants & Fragrances,SUB004,Gel Deodorant,MFG001,Unilever,BR004-Rexona,Rexona,PROD305,333,Rexona Gel Deodorant Classic,4,FL OZ,3,216,216,0,0,2592,2773.44,2773.44,0,12.84,12.84,38.1,5.07,0,CIRCANA_SYNTHETIC,0,1.07,2026-09-03T10:30:00Z
FCT000822,W0014,02-12-2026,2025,7,Q3,MKT010,San Jose,CA,West,CH002,Drug Store,RET002,Regional Foods,Regional,CAT001,Deodorants & Fragrances,SUB001,Aerosol Deodorant,MFG004,Church & Dwight,BR016-Arm-Hammer,Arm,PROD001,362,Arm Aerosol Deodorant Original,48,CT,2,102,102,0,0,9792,1934.94,1934.94,0,18.97,18.97,36.4,1.54,0,CIRCANA_SYNTHETIC,0,0.1976,2026-09-03T10:30:00Z
FCT000823,W0016,12-04-2025,2025,2,Q1,MKT010,San Jose,CA,West,CH004,E-Commerce,RET002,Regional Foods,Regional,CAT001,Deodorants & Fragrances,SUB001,Aerosol Deodorant,MFG001,Unilever,BR003-Degree,Degree,PROD003,587,Degree Aerosol Deodorant Light,18,PACK,5,462,462,0,0,41580,8856.54,8856.54,0,19.17,19.17,90.4,3.69,0,CIRCANA_SYNTHETIC,0,0.213,2026-09-03T10:30:00Z
FCT000824,W0033,12-18-2025,2025,4,Q2,MKT004,Houston,TX,South,CH004,E-Commerce,RET003,Pharmacy Plus,Regional,CAT001,Deodorants & Fragrances,SUB001,Aerosol Deodorant,MFG001,Unilever,BR001-Dove,Dove,PROD004,685,Dove Aerosol Deodorant Original,24,FL OZ,4,159,50,109,109,15264,2149.96,739.5,1410.46,14.79,12.94,75.4,14.71,1,CIRCANA_SYNTHETIC,218.0,0.1348,2026-09-03T10:30:00Z
FCT000825,W0014,06-11-2026,2026,3,Q1,MKT003,Chicago,IL,Midwest,CH002,Drug Store,RET001,National Grocery Co,National,CAT001,Deodorants & Fragrances,SUB002,Stick Deodorant,MFG002,Procter & Gamble,BR007-Old Spice,Old Spice,PROD102,742,Old Spice Stick Deodorant Light,48,CT,5,300,285,15,15,72000,1516.95,1450.65,66.3,5.09,4.42,88.4,3.14,1,CIRCANA_SYNTHETIC,5.26,0.0184,2026-09-03T10:30:00Z
FCT000826,W0024,08-20-2026,2026,9,Q3,MKT003,Chicago,IL,Midwest,CH004,E-Commerce,RET004,Online Direct,National,CAT001,Deodorants & Fragrances,SUB002,Stick Deodorant,MFG001,Unilever,BR002-Axe,Axe,PROD101,211,Axe Stick Deodorant Classic,30,OZ,1,400,400,0,0,12000,7832.0,7832.0,0,19.58,19.58,35.9,2.39,0,CIRCANA_SYNTHETIC,0,0.6527,2026-09-03T10:30:00Z
FCT000827,W0022,02-19-2026,2025,3,Q1,MKT009,Dallas,TX,South,CH005,Club,RET005,Warehouse Club,National,CAT001,Deodorants & Fragrances,SUB002,Stick Deodorant,MFG005,Colgate Palmolive,BR025-Palmolive,Palmolive,PROD103,720,Palmolive Stick Deodorant Organic,30,CT,5,279,279,0,0,41850,5925.96,5925.96,0,21.24,21.24,53.4,4.8,0,CIRCANA_SYNTHETIC,0,0.1416,2026-09-03T10:30:00Z
FCT000828,W0038,07-16-2026,2026,12,Q4,MKT005,Phoenix,AZ,West,CH004,E-Commerce,RET005,Warehouse Club,National,CAT001,Deodorants & Fragrances,SUB002,Stick Deodorant,MFG004,Church & Dwight,BR016-Arm-Hammer,Arm,PROD104,829,Arm Stick Deodorant Organic,12,PACK,1,77,77,0,0,924,1145.76,1145.76,0,14.88,14.88,49.6,9.78,0,CIRCANA_SYNTHETIC,0,1.24,2026-09-03T10:30:00Z
FCT000829,W0033,12-11-2025,2025,9,Q3,MKT009,Dallas,TX,South,CH002,Drug Store,RET002,Regional Foods,Regional,CAT001,Deodorants & Fragrances,SUB005,Antiperspirant,MFG002,Procter & Gamble,BR006-Gillette,Gillette,PROD402,239,Gillette Antiperspirant Organic,6,FL OZ,5,173,173,0,0,5190,2484.28,2484.28,0,14.36,14.36,39.5,5.05,0,CIRCANA_SYNTHETIC,0,0.4787,2026-09-03T10:30:00Z
FCT000830,W0010,12-04-2025,2025,8,Q3,MKT004,Houston,TX,South,CH002,Drug Store,RET002,Regional Foods,Regional,CAT001,Deodorants & Fragrances,SUB004,Gel Deodorant,MFG001,Unilever,BR005-Lume,Lume,PROD304,130,Lume Gel Deodorant Original,6,FL OZ,4,266,266,0,0,6384,1540.14,1540.14,0,5.79,5.79,40.7,12.72,0,CIRCANA_SYNTHETIC,0,0.2412,2026-09-03T10:30:00Z
FCT000831,W0006,07-30-2026,2026,12,Q4,MKT001,New York,NY,Northeast,CH001,Grocery,RET003,Pharmacy Plus,Regional,CAT001,Deodorants & Fragrances,SUB001,Aerosol Deodorant,MFG002,Procter & Gamble,BR010-Olay,Olay,PROD001,719,Olay Aerosol Deodorant Original,6,ROLL,5,296,296,0,0,8880,4999.44,4999.44,0,16.89,16.89,24.3,9.5,0,CIRCANA_SYNTHETIC,0,0.563,2026-09-03T10:30:00Z
FCT000832,W0017,06-25-2026,2026,2,Q1,MKT007,San Antonio,TX,South,CH001,Grocery,RET005,Warehouse Club,National,CAT001,Deodorants & Fragrances,SUB003,Roll-On Deodorant,MFG003,Henkel,BR013-Monsavon,Monsavon,PROD203,944,Monsavon Roll-On Deodorant Light,48,FL OZ,4,357,357,0,0,68544,5001.57,5001.57,0,14.01,14.01,77.6,2.34,0,CIRCANA_SYNTHETIC,0,0.073,2026-09-03T10:30:00Z
FCT000833,W0002,08-20-2026,2026,10,Q4,MKT008,San Diego,CA,West,CH001,Grocery,RET005,Warehouse Club,National,CAT001,Deodorants & Fragrances,SUB003,Roll-On Deodorant,MFG004,Church & Dwight,BR019-Brut,Brut,PROD204,628,Brut Roll-On Deodorant Light,18,CT,4,51,51,0,0,3672,506.94,506.94,0,9.94,9.94,45.6,5.49,0,CIRCANA_SYNTHETIC,0,0.1381,2026-09-03T10:30:00Z
FCT000834,W0052,05-07-2026,2026,9,Q3,MKT010,San Jose,CA,West,CH001,Grocery,RET002,Regional Foods,Regional,CAT001,Deodorants & Fragrances,SUB004,Gel Deodorant,MFG004,Church & Dwight,BR017-Nubian,Nubian,PROD304,847,Nubian Gel Deodorant Original,24,OZ,3,214,214,0,0,15408,1953.82,1953.82,0,9.13,9.13,32.8,8.69,0,CIRCANA_SYNTHETIC,0,0.1268,2026-09-03T10:30:00Z
FCT000835,W0040,01-01-2026,2025,8,Q3,MKT007,San Antonio,TX,South,CH002,Drug Store,RET002,Regional Foods,Regional,CAT001,Deodorants & Fragrances,SUB004,Gel Deodorant,MFG004,Church & Dwight,BR020-Trojan,Trojan,PROD301,358,Trojan Gel Deodorant Fresh,8,CT,1,456,452,4,4,3648,1550.0,1536.8,13.2,3.4,3.3,89.6,12.99,1,CIRCANA_SYNTHETIC,0.88,0.4125,2026-09-03T10:30:00Z
FCT000836,W0031,01-29-2026,2025,4,Q2,MKT001,New York,NY,Northeast,CH003,Mass Merchandiser,RET003,Pharmacy Plus,Regional,CAT001,Deodorants & Fragrances,SUB005,Antiperspirant,MFG002,Procter & Gamble,BR010-Olay,Olay,PROD405,167,Olay Antiperspirant Organic,12,PACK,6,243,243,0,0,17496,845.64,845.64,0,3.48,3.48,40.1,2.41,0,CIRCANA_SYNTHETIC,0,0.0483,2026-09-03T10:30:00Z
FCT000837,W0020,06-25-2026,2026,1,Q1,MKT003,Chicago,IL,Midwest,CH005,Club,RET005,Warehouse Club,National,CAT001,Deodorants & Fragrances,SUB005,Antiperspirant,MFG003,Henkel,BR014-Dial,Dial,PROD403,206,Dial Antiperspirant Light,30,CT,3,500,500,0,0,45000,9305.0,9305.0,0,18.61,18.61,83.4,6.52,0,CIRCANA_SYNTHETIC,0,0.2068,2026-09-03T10:30:00Z
FCT000838,W0023,10-02-2025,2025,6,Q2,MKT001,New York,NY,Northeast,CH004,E-Commerce,RET003,Pharmacy Plus,Regional,CAT001,Deodorants & Fragrances,SUB001,Aerosol Deodorant,MFG004,Church & Dwight,BR017-Nubian,Nubian,PROD004,296,Nubian Aerosol Deodorant Original,8,ROLL,2,503,493,10,10,8048,9333.17,9164.87,168.3,18.59,16.83,60.8,2.89,1,CIRCANA_SYNTHETIC,2.03,1.0519,2026-09-03T10:30:00Z
FCT000839,W0037,09-04-2025,2025,9,Q3,MKT005,Phoenix,AZ,West,CH004,E-Commerce,RET003,Pharmacy Plus,Regional,CAT001,Deodorants & Fragrances,SUB004,Gel Deodorant,MFG003,Henkel,BR015-Right Guard,Right Guard,PROD304,950,Right Guard Gel Deodorant Light,12,OZ,3,445,445,0,0,16020,3359.75,3359.75,0,7.55,7.55,72.3,7.83,0,CIRCANA_SYNTHETIC,0,0.2097,2026-09-03T10:30:00Z
FCT000840,W0044,11-27-2025,2025,1,Q1,MKT010,San Jose,CA,West,CH001,Grocery,RET003,Pharmacy Plus,Regional,CAT001,Deodorants & Fragrances,SUB002,Stick Deodorant,MFG001,Unilever,BR003-Degree,Degree,PROD104,225,Degree Stick Deodorant Classic,12,CT,3,224,172,52,52,8064,1425.36,1112.84,312.52,6.47,6.01,64.0,13.26,1,CIRCANA_SYNTHETIC,30.23,0.1669,2026-09-03T10:30:00Z
FCT000841,W0030,10-16-2025,2025,2,Q1,MKT002,Los Angeles,CA,West,CH001,Grocery,RET005,Warehouse Club,National,CAT001,Deodorants & Fragrances,SUB002,Stick Deodorant,MFG004,Church & Dwight,BR020-Trojan,Trojan,PROD101,237,Trojan Stick Deodorant Classic,12,CT,5,360,360,0,0,21600,1476.0,1476.0,0,4.1,4.1,70.9,7.44,0,CIRCANA_SYNTHETIC,0,0.0683,2026-09-03T10:30:00Z
FCT000842,W0049,01-22-2026,2025,8,Q3,MKT007,San Antonio,TX,South,CH001,Grocery,RET001,National Grocery Co,National,CAT001,Deodorants & Fragrances,SUB002,Stick Deodorant,MFG001,Unilever,BR005-Lume,Lume,PROD101,289,Lume Stick Deodorant Organic,48,PACK,4,273,249,24,24,52416,5418.0,4960.08,457.92,19.92,19.08,59.3,0.22,1,CIRCANA_SYNTHETIC,9.64,0.0994,2026-09-03T10:30:00Z
FCT000843,W0009,12-11-2025,2025,9,Q3,MKT002,Los Angeles,CA,West,CH003,Mass Merchandiser,RET004,Online Direct,National,CAT001,Deodorants & Fragrances,SUB001,Aerosol Deodorant,MFG001,Unilever,BR005-Lume,Lume,PROD005,942,Lume Aerosol Deodorant Fresh,30,FL OZ,4,175,175,0,0,21000,2913.75,2913.75,0,16.65,16.65,57.3,10.97,0,CIRCANA_SYNTHETIC,0,0.1387,2026-09-03T10:30:00Z
FCT000844,W0051,04-02-2026,2026,3,Q1,MKT010,San Jose,CA,West,CH002,Drug Store,RET004,Online Direct,National,CAT001,Deodorants & Fragrances,SUB004,Gel Deodorant,MFG003,Henkel,BR015-Right Guard,Right Guard,PROD301,688,Right Guard Gel Deodorant Light,18,PACK,1,89,89,0,0,1602,1833.4,1833.4,0,20.6,20.6,85.3,9.63,0,CIRCANA_SYNTHETIC,0,1.1444,2026-09-03T10:30:00Z
FCT000845,W0022,08-27-2026,2026,10,Q4,MKT004,Houston,TX,South,CH002,Drug Store,RET004,Online Direct,National,CAT001,Deodorants & Fragrances,SUB005,Antiperspirant,MFG005,Colgate Palmolive,BR024-Lady-Speed-Stick,Lady,PROD403,716,Lady Antiperspirant Fresh,30,CT,2,437,437,0,0,26220,9063.38,9063.38,0,20.74,20.74,31.8,3.31,0,CIRCANA_SYNTHETIC,0,0.3457,2026-09-03T10:30:00Z
FCT000846,W0005,07-30-2026,2026,5,Q2,MKT008,San Diego,CA,West,CH003,Mass Merchandiser,RET003,Pharmacy Plus,Regional,CAT001,Deodorants & Fragrances,SUB001,Aerosol Deodorant,MFG003,Henkel,BR014-Dial,Dial,PROD002,475,Dial Aerosol Deodorant Original,18,CT,5,406,406,0,0,36540,5817.98,5817.98,0,14.33,14.33,90.6,0.74,0,CIRCANA_SYNTHETIC,0,0.1592,2026-09-03T10:30:00Z
FCT000847,W0045,07-23-2026,2026,2,Q1,MKT007,San Antonio,TX,South,CH004,E-Commerce,RET004,Online Direct,National,CAT001,Deodorants & Fragrances,SUB002,Stick Deodorant,MFG001,Unilever,BR005-Lume,Lume,PROD104,469,Lume Stick Deodorant Classic,4,OZ,2,268,268,0,0,2144,5928.16,5928.16,0,22.12,22.12,24.2,13.29,0,CIRCANA_SYNTHETIC,0,2.765,2026-09-03T10:30:00Z
FCT000848,W0021,10-09-2025,2025,4,Q2,MKT001,New York,NY,Northeast,CH004,E-Commerce,RET002,Regional Foods,Regional,CAT001,Deodorants & Fragrances,SUB005,Antiperspirant,MFG004,Church & Dwight,BR016-Arm-Hammer,Arm,PROD401,287,Arm Antiperspirant Classic,12,FL OZ,3,139,139,0,0,5004,1415.02,1415.02,0,10.18,10.18,81.3,7.69,0,CIRCANA_SYNTHETIC,0,0.2828,2026-09-03T10:30:00Z
FCT000849,W0034,05-14-2026,2026,5,Q2,MKT007,San Antonio,TX,South,CH005,Club,RET002,Regional Foods,Regional,CAT001,Deodorants & Fragrances,SUB004,Gel Deodorant,MFG005,Colgate Palmolive,BR022-Speed-Stick,Speed,PROD304,298,Speed Gel Deodorant Light,12,FL OZ,5,109,109,0,0,6540,229.99,229.99,0,2.11,2.11,59.6,6.77,0,CIRCANA_SYNTHETIC,0,0.0352,2026-09-03T10:30:00Z
FCT000850,W0014,05-28-2026,2026,11,Q4,MKT009,Dallas,TX,South,CH005,Club,RET002,Regional Foods,Regional,CAT001,Deodorants & Fragrances,SUB002,Stick Deodorant,MFG004,Church & Dwight,BR016-Arm-Hammer,Arm,PROD104,148,Arm Stick Deodorant Fresh,6,OZ,1,549,364,185,185,3294,9255.11,6311.76,2943.35,17.34,15.91,72.0,9.12,1,CIRCANA_SYNTHETIC,50.82,2.6517,2026-09-03T10:30:00Z
FCT000851,W0002,10-23-2025,2025,8,Q3,MKT002,Los Angeles,CA,West,CH003,Mass Merchandiser,RET003,Pharmacy Plus,Regional,CAT001,Deodorants & Fragrances,SUB005,Antiperspirant,MFG005,Colgate Palmolive,BR022-Speed-Stick,Speed,PROD405,927,Speed Antiperspirant Classic,30,PACK,6,390,348,42,42,70200,5910.84,5279.16,631.68,15.17,15.04,51.6,9.4,1,CIRCANA_SYNTHETIC,12.07,0.0836,2026-09-03T10:30:00Z
FCT000852,W0010,01-08-2026,2025,6,Q2,MKT010,San Jose,CA,West,CH004,E-Commerce,RET001,National Grocery Co,National,CAT001,Deodorants & Fragrances,SUB005,Antiperspirant,MFG005,Colgate Palmolive,BR023-Colgate,Colgate,PROD405,683,Colgate Antiperspirant Fresh,12,CT,3,521,376,145,145,18756,7584.45,5640.0,1944.45,15.0,13.41,77.9,13.32,1,CIRCANA_SYNTHETIC,38.56,0.3725,2026-09-03T10:30:00Z
FCT000853,W0050,02-26-2026,2025,7,Q3,MKT002,Los Angeles,CA,West,CH002,Drug Store,RET002,Regional Foods,Regional,CAT001,Deodorants & Fragrances,SUB002,Stick Deodorant,MFG003,Henkel,BR012-Fa,Fa,PROD102,527,Fa Stick Deodorant Original,4,PACK,4,258,258,0,0,4128,1437.06,1437.06,0,5.57,5.57,68.0,6.91,0,CIRCANA_SYNTHETIC,0,0.3481,2026-09-03T10:30:00Z
FCT000854,W0015,04-16-2026,2026,11,Q4,MKT005,Phoenix,AZ,West,CH005,Club,RET002,Regional Foods,Regional,CAT001,Deodorants & Fragrances,SUB002,Stick Deodorant,MFG005,Colgate Palmolive,BR025-Palmolive,Palmolive,PROD102,517,Palmolive Stick Deodorant Original,8,PACK,1,444,382,62,62,3552,9422.4,8109.86,1312.54,21.23,21.17,82.1,13.47,1,CIRCANA_SYNTHETIC,16.23,2.6463,2026-09-03T10:30:00Z
FCT000855,W0026,12-18-2025,2025,6,Q2,MKT007,San Antonio,TX,South,CH003,Mass Merchandiser,RET001,National Grocery Co,National,CAT001,Deodorants & Fragrances,SUB005,Antiperspirant,MFG005,Colgate Palmolive,BR022-Speed-Stick,Speed,PROD405,174,Speed Antiperspirant Organic,18,OZ,5,272,272,0,0,24480,2937.6,2937.6,0,10.8,10.8,48.4,6.16,0,CIRCANA_SYNTHETIC,0,0.12,2026-09-03T10:30:00Z
FCT000856,W0021,12-25-2025,2025,6,Q2,MKT007,San Antonio,TX,South,CH001,Grocery,RET002,Regional Foods,Regional,CAT001,Deodorants & Fragrances,SUB005,Antiperspirant,MFG002,Procter & Gamble,BR010-Olay,Olay,PROD404,418,Olay Antiperspirant Fresh,12,FL OZ,4,178,178,0,0,8544,2572.1,2572.1,0,14.45,14.45,38.0,11.96,0,CIRCANA_SYNTHETIC,0,0.301,2026-09-03T10:30:00Z
FCT000857,W0043,01-22-2026,2025,7,Q3,MKT003,Chicago,IL,Midwest,CH004,E-Commerce,RET002,Regional Foods,Regional,CAT001,Deodorants & Fragrances,SUB001,Aerosol Deodorant,MFG001,Unilever,BR001-Dove,Dove,PROD001,442,Dove Aerosol Deodorant Original,4,OZ,4,265,249,16,16,4240,3571.11,3383.91,187.2,13.59,11.7,70.1,12.23,1,CIRCANA_SYNTHETIC,6.43,0.7312,2026-09-03T10:30:00Z
FCT000858,W0019,11-27-2025,2025,10,Q4,MKT009,Dallas,TX,South,CH001,Grocery,RET005,Warehouse Club,National,CAT001,Deodorants & Fragrances,SUB001,Aerosol Deodorant,MFG003,Henkel,BR011-Nivea,Nivea,PROD004,300,Nivea Aerosol Deodorant Fresh,24,OZ,4,489,489,0,0,46944,5564.82,5564.82,0,11.38,11.38,33.3,9.48,0,CIRCANA_SYNTHETIC,0,0.1185,2026-09-03T10:30:00Z
FCT000859,W0002,01-29-2026,2025,8,Q3,MKT001,New York,NY,Northeast,CH003,Mass Merchandiser,RET002,Regional Foods,Regional,CAT001,Deodorants & Fragrances,SUB004,Gel Deodorant,MFG003,Henkel,BR013-Monsavon,Monsavon,PROD302,983,Monsavon Gel Deodorant Classic,30,CT,1,428,356,72,72,12840,7778.6,6561.08,1217.52,18.43,16.91,30.5,6.11,1,CIRCANA_SYNTHETIC,20.22,0.5637,2026-09-03T10:30:00Z
FCT000860,W0047,11-27-2025,2025,8,Q3,MKT006,Philadelphia,PA,Northeast,CH001,Grocery,RET005,Warehouse Club,National,CAT001,Deodorants & Fragrances,SUB005,Antiperspirant,MFG001,Unilever,BR004-Rexona,Rexona,PROD402,299,Rexona Antiperspirant Organic,6,FL OZ,1,115,74,41,41,690,1248.3,824.36,423.94,11.14,10.34,60.0,1.1,1,CIRCANA_SYNTHETIC,55.41,1.7233,2026-09-03T10:30:00Z
FCT000861,W0013,04-02-2026,2026,7,Q3,MKT002,Los Angeles,CA,West,CH002,Drug Store,RET003,Pharmacy Plus,Regional,CAT001,Deodorants & Fragrances,SUB004,Gel Deodorant,MFG003,Henkel,BR012-Fa,Fa,PROD302,794,Fa Gel Deodorant Original,6,ROLL,1,289,289,0,0,1734,1939.19,1939.19,0,6.71,6.71,94.7,13.62,0,CIRCANA_SYNTHETIC,0,1.1183,2026-09-03T10:30:00Z
FCT000862,W0016,09-04-2025,2025,9,Q3,MKT001,New York,NY,Northeast,CH004,E-Commerce,RET001,National Grocery Co,National,CAT001,Deodorants & Fragrances,SUB005,Antiperspirant,MFG002,Procter & Gamble,BR009-Native,Native,PROD402,783,Native Antiperspirant Fresh,48,PACK,5,236,117,119,119,56640,5500.05,2861.82,2638.23,24.46,22.17,34.3,6.77,1,CIRCANA_SYNTHETIC,101.71,0.0924,2026-09-03T10:30:00Z
FCT000863,W0004,07-02-2026,2026,7,Q3,MKT010,San Jose,CA,West,CH001,Grocery,RET002,Regional Foods,Regional,CAT001,Deodorants & Fragrances,SUB003,Roll-On Deodorant,MFG005,Colgate Palmolive,BR023-Colgate,Colgate,PROD203,951,Colgate Roll-On Deodorant Original,6,ROLL,3,322,311,11,11,5796,2739.79,2659.05,80.74,8.55,7.34,53.9,10.26,1,CIRCANA_SYNTHETIC,3.54,0.4078,2026-09-03T10:30:00Z
FCT000864,W0011,06-18-2026,2026,2,Q1,MKT002,Los Angeles,CA,West,CH002,Drug Store,RET004,Online Direct,National,CAT001,Deodorants & Fragrances,SUB004,Gel Deodorant,MFG004,Church & Dwight,BR020-Trojan,Trojan,PROD305,204,Trojan Gel Deodorant Organic,8,OZ,4,476,476,0,0,15232,10743.32,10743.32,0,22.57,22.57,64.2,12.43,0,CIRCANA_SYNTHETIC,0,0.7053,2026-09-03T10:30:00Z
FCT000865,W0051,10-16-2025,2025,11,Q4,MKT003,Chicago,IL,Midwest,CH005,Club,RET005,Warehouse Club,National,CAT001,Deodorants & Fragrances,SUB005,Antiperspirant,MFG003,Henkel,BR014-Dial,Dial,PROD404,426,Dial Antiperspirant Classic,30,CT,5,363,169,194,194,54450,2559.23,1282.71,1276.52,7.59,6.58,58.6,8.2,1,CIRCANA_SYNTHETIC,114.79,0.0439,2026-09-03T10:30:00Z
FCT000866,W0035,10-16-2025,2025,11,Q4,MKT010,San Jose,CA,West,CH004,E-Commerce,RET001,National Grocery Co,National,CAT001,Deodorants & Fragrances,SUB003,Roll-On Deodorant,MFG004,Church & Dwight,BR020-Trojan,Trojan,PROD202,514,Trojan Roll-On Deodorant Fresh,6,ROLL,4,430,256,174,174,10320,7501.12,4633.6,2867.52,18.1,16.48,90.4,3.62,1,CIRCANA_SYNTHETIC,67.97,0.6867,2026-09-03T10:30:00Z
FCT000867,W0043,06-25-2026,2026,3,Q1,MKT001,New York,NY,Northeast,CH004,E-Commerce,RET005,Warehouse Club,National,CAT001,Deodorants & Fragrances,SUB001,Aerosol Deodorant,MFG002,Procter & Gamble,BR006-Gillette,Gillette,PROD003,775,Gillette Aerosol Deodorant Light,24,FL OZ,6,372,372,0,0,53568,2105.52,2105.52,0,5.66,5.66,94.4,10.21,0,CIRCANA_SYNTHETIC,0,0.0393,2026-09-03T10:30:00Z
FCT000868,W0010,10-16-2025,2025,2,Q1,MKT008,San Diego,CA,West,CH001,Grocery,RET003,Pharmacy Plus,Regional,CAT001,Deodorants & Fragrances,SUB003,Roll-On Deodorant,MFG004,Church & Dwight,BR020-Trojan,Trojan,PROD205,140,Trojan Roll-On Deodorant Fresh,8,FL OZ,5,87,87,0,0,3480,970.05,970.05,0,11.15,11.15,54.3,8.95,0,CIRCANA_SYNTHETIC,0,0.2787,2026-09-03T10:30:00Z
FCT000869,W0002,06-25-2026,2026,3,Q1,MKT010,San Jose,CA,West,CH005,Club,RET005,Warehouse Club,National,CAT001,Deodorants & Fragrances,SUB002,Stick Deodorant,MFG003,Henkel,BR015-Right Guard,Right Guard,PROD104,543,Right Guard Stick Deodorant Fresh,24,OZ,5,485,485,0,0,58200,8686.35,8686.35,0,17.91,17.91,37.2,12.64,0,CIRCANA_SYNTHETIC,0,0.1492,2026-09-03T10:30:00Z
FCT000870,W0033,01-01-2026,2025,11,Q4,MKT003,Chicago,IL,Midwest,CH003,Mass Merchandiser,RET005,Warehouse Club,National,CAT001,Deodorants & Fragrances,SUB005,Antiperspirant,MFG003,Henkel,BR015-Right Guard,Right Guard,PROD403,929,Right Guard Antiperspirant Original,6,FL OZ,3,381,381,0,0,6858,4720.59,4720.59,0,12.39,12.39,60.9,6.92,0,CIRCANA_SYNTHETIC,0,0.6883,2026-09-03T10:30:00Z
FCT000871,W0025,02-05-2026,2025,4,Q2,MKT003,Chicago,IL,Midwest,CH002,Drug Store,RET005,Warehouse Club,National,CAT001,Deodorants & Fragrances,SUB001,Aerosol Deodorant,MFG004,Church & Dwight,BR019-Brut,Brut,PROD003,742,Brut Aerosol Deodorant Classic,48,FL OZ,4,63,63,0,0,12096,1256.85,1256.85,0,19.95,19.95,92.3,1.05,0,CIRCANA_SYNTHETIC,0,0.1039,2026-09-03T10:30:00Z
FCT000872,W0037,02-26-2026,2025,9,Q3,MKT008,San Diego,CA,West,CH004,E-Commerce,RET005,Warehouse Club,National,CAT001,Deodorants & Fragrances,SUB005,Antiperspirant,MFG002,Procter & Gamble,BR010-Olay,Olay,PROD405,644,Olay Antiperspirant Light,8,FL OZ,5,456,417,39,39,18240,6917.88,6367.59,550.29,15.27,14.11,76.2,11.88,1,CIRCANA_SYNTHETIC,9.35,0.3528,2026-09-03T10:30:00Z
FCT000873,W0043,03-26-2026,2026,7,Q3,MKT004,Houston,TX,South,CH003,Mass Merchandiser,RET001,National Grocery Co,National,CAT001,Deodorants & Fragrances,SUB004,Gel Deodorant,MFG003,Henkel,BR011-Nivea,Nivea,PROD302,280,Nivea Gel Deodorant Light,24,ROLL,5,580,422,158,158,69600,1648.28,1215.36,432.92,2.88,2.74,32.6,13.51,1,CIRCANA_SYNTHETIC,37.44,0.0228,2026-09-03T10:30:00Z
FCT000874,W0026,06-11-2026,2026,3,Q1,MKT003,Chicago,IL,Midwest,CH005,Club,RET004,Online Direct,National,CAT001,Deodorants & Fragrances,SUB003,Roll-On Deodorant,MFG004,Church & Dwight,BR020-Trojan,Trojan,PROD203,967,Trojan Roll-On Deodorant Light,18,CT,6,629,473,156,156,67932,4815.07,3627.91,1187.16,7.67,7.61,71.3,11.12,1,CIRCANA_SYNTHETIC,32.98,0.0705,2026-09-03T10:30:00Z
FCT000875,W0011,05-14-2026,2026,2,Q1,MKT009,Dallas,TX,South,CH005,Club,RET001,National Grocery Co,National,CAT001,Deodorants & Fragrances,SUB002,Stick Deodorant,MFG003,Henkel,BR014-Dial,Dial,PROD102,513,Dial Stick Deodorant Fresh,24,ROLL,2,281,145,136,136,13488,6159.9,3337.9,2822.0,23.02,20.75,32.6,8.67,1,CIRCANA_SYNTHETIC,93.79,0.4323,2026-09-03T10:30:00Z
FCT000876,W0033,07-23-2026,2026,9,Q3,MKT009,Dallas,TX,South,CH005,Club,RET003,Pharmacy Plus,Regional,CAT001,Deodorants & Fragrances,SUB002,Stick Deodorant,MFG001,Unilever,BR002-Axe,Axe,PROD103,724,Axe Stick Deodorant Light,4,ROLL,5,332,239,93,93,6640,2603.78,1923.95,679.83,8.05,7.31,83.8,4.93,1,CIRCANA_SYNTHETIC,38.91,0.3655,2026-09-03T10:30:00Z
FCT000877,W0008,11-06-2025,2025,9,Q3,MKT004,Houston,TX,South,CH001,Grocery,RET002,Regional Foods,Regional,CAT001,Deodorants & Fragrances,SUB003,Roll-On Deodorant,MFG003,Henkel,BR015-Right Guard,Right Guard,PROD203,821,Right Guard Roll-On Deodorant Light,6,ROLL,5,476,476,0,0,14280,6254.64,6254.64,0,13.14,13.14,23.5,7.87,0,CIRCANA_SYNTHETIC,0,0.438,2026-09-03T10:30:00Z
FCT000878,W0006,04-16-2026,2026,5,Q2,MKT002,Los Angeles,CA,West,CH003,Mass Merchandiser,RET002,Regional Foods,Regional,CAT001,Deodorants & Fragrances,SUB003,Roll-On Deodorant,MFG004,Church & Dwight,BR018-Purity,Purity,PROD201,529,Purity Roll-On Deodorant Classic,24,CT,1,188,105,83,83,4512,1240.03,732.9,507.13,6.98,6.11,66.5,3.3,1,CIRCANA_SYNTHETIC,79.05,0.2546,2026-09-03T10:30:00Z
FCT000879,W0018,07-02-2026,2026,12,Q4,MKT008,San Diego,CA,West,CH003,Mass Merchandiser,RET001,National Grocery Co,National,CAT001,Deodorants & Fragrances,SUB002,Stick Deodorant,MFG001,Unilever,BR005-Lume,Lume,PROD104,224,Lume Stick Deodorant Fresh,6,OZ,3,195,195,0,0,3510,1185.6,1185.6,0,6.08,6.08,48.7,7.99,0,CIRCANA_SYNTHETIC,0,0.3378,2026-09-03T10:30:00Z
FCT000880,W0024,07-09-2026,2026,4,Q2,MKT010,San Jose,CA,West,CH002,Drug Store,RET004,Online Direct,National,CAT001,Deodorants & Fragrances,SUB005,Antiperspirant,MFG001,Unilever,BR003-Degree,Degree,PROD401,432,Degree Antiperspirant Fresh,8,FL OZ,5,296,255,41,41,11840,6076.37,5255.55,820.82,20.61,20.02,52.1,0.97,1,CIRCANA_SYNTHETIC,16.08,0.5005,2026-09-03T10:30:00Z
FCT000881,W0032,10-23-2025,2025,6,Q2,MKT008,San Diego,CA,West,CH003,Mass Merchandiser,RET003,Pharmacy Plus,Regional,CAT001,Deodorants & Fragrances,SUB004,Gel Deodorant,MFG002,Procter & Gamble,BR007-Old Spice,Old Spice,PROD305,424,Old Spice Gel Deodorant Fresh,18,PACK,6,600,429,171,171,64800,5781.69,4208.49,1573.2,9.81,9.2,92.3,11.97,1,CIRCANA_SYNTHETIC,39.86,0.0852,2026-09-03T10:30:00Z
FCT000882,W0052,10-30-2025,2025,7,Q3,MKT003,Chicago,IL,Midwest,CH003,Mass Merchandiser,RET005,Warehouse Club,National,CAT001,Deodorants & Fragrances,SUB002,Stick Deodorant,MFG001,Unilever,BR001-Dove,Dove,PROD105,999,Dove Stick Deodorant Organic,4,OZ,1,97,63,34,34,388,522.51,352.17,170.34,5.59,5.01,67.9,8.84,1,CIRCANA_SYNTHETIC,53.97,1.2525,2026-09-03T10:30:00Z
FCT000883,W0001,04-16-2026,2026,6,Q2,MKT002,Los Angeles,CA,West,CH003,Mass Merchandiser,RET003,Pharmacy Plus,Regional,CAT001,Deodorants & Fragrances,SUB002,Stick Deodorant,MFG001,Unilever,BR002-Axe,Axe,PROD102,632,Axe Stick Deodorant Fresh,12,ROLL,5,200,67,133,133,12000,3674.97,1271.66,2403.31,18.98,18.07,41.3,4.34,1,CIRCANA_SYNTHETIC,198.51,0.3012,2026-09-03T10:30:00Z
FCT000884,W0028,02-19-2026,2025,11,Q4,MKT010,San Jose,CA,West,CH004,E-Commerce,RET002,Regional Foods,Regional,CAT001,Deodorants & Fragrances,SUB004,Gel Deodorant,MFG004,Church & Dwight,BR017-Nubian,Nubian,PROD305,271,Nubian Gel Deodorant Light,30,CT,6,492,418,74,74,88560,1043.0,898.7,144.3,2.15,1.95,58.6,11.11,1,CIRCANA_SYNTHETIC,17.7,0.0108,2026-09-03T10:30:00Z
FCT000885,W0048,07-09-2026,2026,4,Q2,MKT009,Dallas,TX,South,CH002,Drug Store,RET002,Regional Foods,Regional,CAT001,Deodorants & Fragrances,SUB002,Stick Deodorant,MFG005,Colgate Palmolive,BR021-Tom's,Tom's,PROD101,739,Tom's Stick Deodorant Original,12,PACK,2,114,114,0,0,2736,2531.94,2531.94,0,22.21,22.21,68.4,9.44,0,CIRCANA_SYNTHETIC,0,0.9254,2026-09-03T10:30:00Z
FCT000886,W0032,06-25-2026,2026,4,Q2,MKT002,Los Angeles,CA,West,CH005,Club,RET002,Regional Foods,Regional,CAT001,Deodorants & Fragrances,SUB004,Gel Deodorant,MFG004,Church & Dwight,BR018-Purity,Purity,PROD301,458,Purity Gel Deodorant Classic,8,ROLL,4,232,226,6,6,7424,3220.3,3148.18,72.12,13.93,12.02,54.2,11.83,1,CIRCANA_SYNTHETIC,2.65,0.3756,2026-09-03T10:30:00Z
FCT000887,W0025,07-02-2026,2026,10,Q4,MKT006,Philadelphia,PA,Northeast,CH005,Club,RET003,Pharmacy Plus,Regional,CAT001,Deodorants & Fragrances,SUB003,Roll-On Deodorant,MFG004,Church & Dwight,BR017-Nubian,Nubian,PROD203,564,Nubian Roll-On Deodorant Classic,8,PACK,1,216,216,0,0,1728,2970.0,2970.0,0,13.75,13.75,78.2,10.08,0,CIRCANA_SYNTHETIC,0,1.7188,2026-09-03T10:30:00Z
FCT000888,W0042,02-05-2026,2025,3,Q1,MKT001,New York,NY,Northeast,CH005,Club,RET002,Regional Foods,Regional,CAT001,Deodorants & Fragrances,SUB001,Aerosol Deodorant,MFG004,Church & Dwight,BR016-Arm-Hammer,Arm,PROD004,771,Arm Aerosol Deodorant Fresh,12,CT,4,284,284,0,0,13632,5711.24,5711.24,0,20.11,20.11,74.6,13.89,0,CIRCANA_SYNTHETIC,0,0.419,2026-09-03T10:30:00Z
FCT000889,W0040,06-04-2026,2026,12,Q4,MKT003,Chicago,IL,Midwest,CH002,Drug Store,RET002,Regional Foods,Regional,CAT001,Deodorants & Fragrances,SUB001,Aerosol Deodorant,MFG005,Colgate Palmolive,BR025-Palmolive,Palmolive,PROD003,247,Palmolive Aerosol Deodorant Organic,30,FL OZ,6,162,137,25,25,29160,3430.68,2964.68,466.0,21.64,18.64,42.7,8.34,1,CIRCANA_SYNTHETIC,18.25,0.1036,2026-09-03T10:30:00Z
FCT000890,W0036,04-23-2026,2026,5,Q2,MKT004,Houston,TX,South,CH005,Club,RET005,Warehouse Club,National,CAT001,Deodorants & Fragrances,SUB003,Roll-On Deodorant,MFG002,Procter & Gamble,BR008-Secret,Secret,PROD203,440,Secret Roll-On Deodorant Light,48,ROLL,2,237,112,125,125,22752,1290.64,640.64,650.0,5.72,5.2,38.5,0.39,1,CIRCANA_SYNTHETIC,111.61,0.0542,2026-09-03T10:30:00Z
FCT000891,W0038,02-19-2026,2025,1,Q1,MKT010,San Jose,CA,West,CH001,Grocery,RET002,Regional Foods,Regional,CAT001,Deodorants & Fragrances,SUB005,Antiperspirant,MFG004,Church & Dwight,BR020-Trojan,Trojan,PROD404,710,Trojan Antiperspirant Classic,8,ROLL,1,342,342,0,0,2736,1959.66,1959.66,0,5.73,5.73,44.8,10.03,0,CIRCANA_SYNTHETIC,0,0.7163,2026-09-03T10:30:00Z
FCT000892,W0034,05-21-2026,2026,3,Q1,MKT008,San Diego,CA,West,CH003,Mass Merchandiser,RET002,Regional Foods,Regional,CAT001,Deodorants & Fragrances,SUB001,Aerosol Deodorant,MFG005,Colgate Palmolive,BR025-Palmolive,Palmolive,PROD002,661,Palmolive Aerosol Deodorant Organic,6,CT,3,64,64,0,0,1152,712.32,712.32,0,11.13,11.13,79.3,12.96,0,CIRCANA_SYNTHETIC,0,0.6183,2026-09-03T10:30:00Z
FCT000893,W0034,01-22-2026,2025,9,Q3,MKT005,Phoenix,AZ,West,CH005,Club,RET004,Online Direct,National,CAT001,Deodorants & Fragrances,SUB001,Aerosol Deodorant,MFG005,Colgate Palmolive,BR024-Lady-Speed-Stick,Lady,PROD001,162,Lady Aerosol Deodorant Original,12,FL OZ,6,403,228,175,175,29016,5277.74,3153.24,2124.5,13.83,12.14,67.8,5.98,1,CIRCANA_SYNTHETIC,76.75,0.1686,2026-09-03T10:30:00Z
FCT000894,W0051,12-25-2025,2025,6,Q2,MKT005,Phoenix,AZ,West,CH002,Drug Store,RET004,Online Direct,National,CAT001,Deodorants & Fragrances,SUB001,Aerosol Deodorant,MFG001,Unilever,BR005-Lume,Lume,PROD003,988,Lume Aerosol Deodorant Original,6,FL OZ,2,285,285,0,0,3420,6822.9,6822.9,0,23.94,23.94,85.4,8.6,0,CIRCANA_SYNTHETIC,0,1.995,2026-09-03T10:30:00Z
FCT000895,W0020,06-11-2026,2026,8,Q3,MKT003,Chicago,IL,Midwest,CH005,Club,RET003,Pharmacy Plus,Regional,CAT001,Deodorants & Fragrances,SUB002,Stick Deodorant,MFG001,Unilever,BR001-Dove,Dove,PROD105,184,Dove Stick Deodorant Organic,12,OZ,5,572,384,188,188,34320,11919.32,8037.12,3882.2,20.93,20.65,63.2,14.88,1,CIRCANA_SYNTHETIC,48.96,0.3442,2026-09-03T10:30:00Z
FCT000896,W0047,07-02-2026,2026,2,Q1,MKT002,Los Angeles,CA,West,CH002,Drug Store,RET004,Online Direct,National,CAT001,Deodorants & Fragrances,SUB001,Aerosol Deodorant,MFG001,Unilever,BR002-Axe,Axe,PROD005,720,Axe Aerosol Deodorant Original,6,ROLL,4,130,130,0,0,3120,1654.9,1654.9,0,12.73,12.73,69.5,0.9,0,CIRCANA_SYNTHETIC,0,0.5304,2026-09-03T10:30:00Z
FCT000897,W0008,12-04-2025,2025,12,Q4,MKT007,San Antonio,TX,South,CH001,Grocery,RET002,Regional Foods,Regional,CAT001,Deodorants & Fragrances,SUB001,Aerosol Deodorant,MFG002,Procter & Gamble,BR006-Gillette,Gillette,PROD004,354,Gillette Aerosol Deodorant Organic,8,FL OZ,6,278,278,0,0,13344,5304.24,5304.24,0,19.08,19.08,59.7,6.62,0,CIRCANA_SYNTHETIC,0,0.3975,2026-09-03T10:30:00Z
FCT000898,W0014,01-08-2026,2025,1,Q1,MKT010,San Jose,CA,West,CH002,Drug Store,RET004,Online Direct,National,CAT001,Deodorants & Fragrances,SUB001,Aerosol Deodorant,MFG004,Church & Dwight,BR018-Purity,Purity,PROD003,192,Purity Aerosol Deodorant Light,18,PACK,1,283,283,0,0,5094,1539.52,1539.52,0,5.44,5.44,78.9,2.72,0,CIRCANA_SYNTHETIC,0,0.3022,2026-09-03T10:30:00Z
FCT000899,W0043,04-16-2026,2026,3,Q1,MKT009,Dallas,TX,South,CH002,Drug Store,RET003,Pharmacy Plus,Regional,CAT001,Deodorants & Fragrances,SUB005,Antiperspirant,MFG001,Unilever,BR005-Lume,Lume,PROD404,967,Lume Antiperspirant Light,18,ROLL,2,355,355,0,0,12780,848.45,848.45,0,2.39,2.39,81.7,2.99,0,CIRCANA_SYNTHETIC,0,0.0664,2026-09-03T10:30:00Z
FCT000900,W0009,09-25-2025,2025,12,Q4,MKT001,New York,NY,Northeast,CH002,Drug Store,RET005,Warehouse Club,National,CAT001,Deodorants & Fragrances,SUB004,Gel Deodorant,MFG005,Colgate Palmolive,BR023-Colgate,Colgate,PROD301,434,Colgate Gel Deodorant Fresh,6,CT,4,475,471,4,4,11400,2244.71,2227.83,16.88,4.73,4.22,51.8,5.45,1,CIRCANA_SYNTHETIC,0.85,0.1758,2026-09-03T10:30:00Z
FCT000901,W0048,09-25-2025,2025,3,Q1,MKT003,Chicago,IL,Midwest,CH002,Drug Store,RET001,National Grocery Co,National,CAT001,Deodorants & Fragrances,SUB004,Gel Deodorant,MFG003,Henkel,BR011-Nivea,Nivea,PROD303,670,Nivea Gel Deodorant Classic,48,OZ,4,122,122,0,0,23424,589.26,589.26,0,4.83,4.83,66.1,7.24,0,CIRCANA_SYNTHETIC,0,0.0252,2026-09-03T10:30:00Z
FCT000902,W0028,02-26-2026,2025,10,Q4,MKT010,San Jose,CA,West,CH005,Club,RET001,National Grocery Co,National,CAT001,Deodorants & Fragrances,SUB001,Aerosol Deodorant,MFG004,Church & Dwight,BR016-Arm-Hammer,Arm,PROD002,209,Arm Aerosol Deodorant Light,12,CT,2,261,261,0,0,6264,5684.58,5684.58,0,21.78,21.78,59.8,14.18,0,CIRCANA_SYNTHETIC,0,0.9075,2026-09-03T10:30:00Z
FCT000903,W0004,07-16-2026,2026,1,Q1,MKT001,New York,NY,Northeast,CH002,Drug Store,RET003,Pharmacy Plus,Regional,CAT001,Deodorants & Fragrances,SUB003,Roll-On Deodorant,MFG001,Unilever,BR002-Axe,Axe,PROD202,793,Axe Roll-On Deodorant Light,48,FL OZ,4,384,257,127,127,73728,8358.18,5792.78,2565.4,22.54,20.2,24.9,6.7,1,CIRCANA_SYNTHETIC,49.42,0.1052,2026-09-03T10:30:00Z
FCT000904,W0009,09-11-2025,2025,5,Q2,MKT003,Chicago,IL,Midwest,CH002,Drug Store,RET003,Pharmacy Plus,Regional,CAT001,Deodorants & Fragrances,SUB003,Roll-On Deodorant,MFG004,Church & Dwight,BR016-Arm-Hammer,Arm,PROD204,312,Arm Roll-On Deodorant Original,6,OZ,5,272,272,0,0,8160,916.64,916.64,0.0,3.37,2.92,78.8,1.93,1,CIRCANA_SYNTHETIC,0.0,0.0973,2026-09-03T10:30:00Z
FCT000905,W0032,06-25-2026,2026,7,Q3,MKT002,Los Angeles,CA,West,CH004,E-Commerce,RET004,Online Direct,National,CAT001,Deodorants & Fragrances,SUB005,Antiperspirant,MFG003,Henkel,BR011-Nivea,Nivea,PROD402,251,Nivea Antiperspirant Fresh,4,PACK,1,328,328,0,0,1312,6783.04,6783.04,0,20.68,20.68,70.3,6.77,0,CIRCANA_SYNTHETIC,0,5.17,2026-09-03T10:30:00Z
FCT000906,W0003,03-05-2026,2025,8,Q3,MKT001,New York,NY,Northeast,CH004,E-Commerce,RET001,National Grocery Co,National,CAT001,Deodorants & Fragrances,SUB001,Aerosol Deodorant,MFG002,Procter & Gamble,BR010-Olay,Olay,PROD003,991,Olay Aerosol Deodorant Light,4,ROLL,6,176,176,0,0,4224,1279.52,1279.52,0,7.27,7.27,26.0,0.81,0,CIRCANA_SYNTHETIC,0,0.3029,2026-09-03T10:30:00Z
FCT000907,W0008,10-23-2025,2025,4,Q2,MKT008,San Diego,CA,West,CH003,Mass Merchandiser,RET002,Regional Foods,Regional,CAT001,Deodorants & Fragrances,SUB005,Antiperspirant,MFG004,Church & Dwight,BR017-Nubian,Nubian,PROD403,536,Nubian Antiperspirant Classic,30,CT,3,58,58,0,0,5220,825.34,825.34,0,14.23,14.23,59.6,5.39,0,CIRCANA_SYNTHETIC,0,0.1581,2026-09-03T10:30:00Z
FCT000908,W0013,11-13-2025,2025,4,Q2,MKT004,Houston,TX,South,CH001,Grocery,RET005,Warehouse Club,National,CAT001,Deodorants & Fragrances,SUB004,Gel Deodorant,MFG001,Unilever,BR003-Degree,Degree,PROD301,346,Degree Gel Deodorant Organic,18,ROLL,4,242,130,112,112,17424,2743.62,1566.5,1177.12,12.05,10.51,46.5,1.05,1,CIRCANA_SYNTHETIC,86.15,0.146,2026-09-03T10:30:00Z
FCT000909,W0007,04-23-2026,2026,6,Q2,MKT001,New York,NY,Northeast,CH003,Mass Merchandiser,RET004,Online Direct,National,CAT001,Deodorants & Fragrances,SUB001,Aerosol Deodorant,MFG004,Church & Dwight,BR019-Brut,Brut,PROD001,358,Brut Aerosol Deodorant Original,6,OZ,1,436,436,0,0,2616,5354.08,5354.08,0,12.28,12.28,56.4,7.06,0,CIRCANA_SYNTHETIC,0,2.0467,2026-09-03T10:30:00Z
FCT000910,W0049,10-30-2025,2025,12,Q4,MKT004,Houston,TX,South,CH005,Club,RET005,Warehouse Club,National,CAT001,Deodorants & Fragrances,SUB003,Roll-On Deodorant,MFG001,Unilever,BR005-Lume,Lume,PROD205,725,Lume Roll-On Deodorant Fresh,24,CT,6,343,343,0,0,49392,8554.42,8554.42,0.0,24.94,21.45,78.8,0.73,1,CIRCANA_SYNTHETIC,0.0,0.149,2026-09-03T10:30:00Z
FCT000911,W0032,11-27-2025,2025,4,Q2,MKT010,San Jose,CA,West,CH004,E-Commerce,RET004,Online Direct,National,CAT001,Deodorants & Fragrances,SUB005,Antiperspirant,MFG005,Colgate Palmolive,BR025-Palmolive,Palmolive,PROD403,669,Palmolive Antiperspirant Light,48,PACK,4,151,151,0,0,28992,2681.76,2681.76,0,17.76,17.76,81.0,5.8,0,CIRCANA_SYNTHETIC,0,0.0925,2026-09-03T10:30:00Z
FCT000912,W0004,01-29-2026,2025,8,Q3,MKT002,Los Angeles,CA,West,CH002,Drug Store,RET002,Regional Foods,Regional,CAT001,Deodorants & Fragrances,SUB004,Gel Deodorant,MFG004,Church & Dwight,BR018-Purity,Purity,PROD304,709,Purity Gel Deodorant Light,8,FL OZ,4,236,177,59,59,7552,1450.81,1099.17,351.64,6.21,5.96,92.5,10.08,1,CIRCANA_SYNTHETIC,33.33,0.1862,2026-09-03T10:30:00Z
FCT000913,W0043,07-09-2026,2026,1,Q1,MKT001,New York,NY,Northeast,CH001,Grocery,RET003,Pharmacy Plus,Regional,CAT001,Deodorants & Fragrances,SUB005,Antiperspirant,MFG002,Procter & Gamble,BR009-Native,Native,PROD404,191,Native Antiperspirant Classic,4,PACK,4,289,289,0,0,4624,6028.54,6028.54,0,20.86,20.86,60.5,2.66,0,CIRCANA_SYNTHETIC,0,1.3037,2026-09-03T10:30:00Z
FCT000914,W0024,11-06-2025,2025,12,Q4,MKT005,Phoenix,AZ,West,CH001,Grocery,RET005,Warehouse Club,National,CAT001,Deodorants & Fragrances,SUB002,Stick Deodorant,MFG001,Unilever,BR002-Axe,Axe,PROD101,777,Axe Stick Deodorant Fresh,6,ROLL,1,153,125,28,28,918,2841.53,2351.25,490.28,18.81,17.51,66.9,14.47,1,CIRCANA_SYNTHETIC,22.4,2.9183,2026-09-03T10:30:00Z
FCT000915,W0011,10-02-2025,2025,2,Q1,MKT007,San Antonio,TX,South,CH003,Mass Merchandiser,RET003,Pharmacy Plus,Regional,CAT001,Deodorants & Fragrances,SUB001,Aerosol Deodorant,MFG005,Colgate Palmolive,BR022-Speed-Stick,Speed,PROD005,163,Speed Aerosol Deodorant Original,12,PACK,4,591,500,91,91,28368,14194.28,12185.0,2009.28,24.37,22.08,89.9,8.13,1,CIRCANA_SYNTHETIC,18.2,0.46,2026-09-03T10:30:00Z
FCT000916,W0012,06-11-2026,2026,7,Q3,MKT007,San Antonio,TX,South,CH004,E-Commerce,RET003,Pharmacy Plus,Regional,CAT001,Deodorants & Fragrances,SUB005,Antiperspirant,MFG004,Church & Dwight,BR016-Arm-Hammer,Arm,PROD401,611,Arm Antiperspirant Fresh,30,OZ,6,203,203,0,0,36540,3524.08,3524.08,0,17.36,17.36,90.1,7.71,0,CIRCANA_SYNTHETIC,0,0.0964,2026-09-03T10:30:00Z
FCT000917,W0047,10-02-2025,2025,7,Q3,MKT007,San Antonio,TX,South,CH005,Club,RET005,Warehouse Club,National,CAT001,Deodorants & Fragrances,SUB002,Stick Deodorant,MFG002,Procter & Gamble,BR009-Native,Native,PROD105,190,Native Stick Deodorant Fresh,4,FL OZ,1,552,390,162,162,2208,8286.48,6060.6,2225.88,15.54,13.74,28.8,13.58,1,CIRCANA_SYNTHETIC,41.54,3.435,2026-09-03T10:30:00Z
FCT000918,W0012,01-29-2026,2025,5,Q2,MKT007,San Antonio,TX,South,CH001,Grocery,RET004,Online Direct,National,CAT001,Deodorants & Fragrances,SUB001,Aerosol Deodorant,MFG005,Colgate Palmolive,BR022-Speed-Stick,Speed,PROD003,924,Speed Aerosol Deodorant Classic,30,FL OZ,1,220,220,0,0,6600,4382.4,4382.4,0,19.92,19.92,54.5,11.99,0,CIRCANA_SYNTHETIC,0,0.664,2026-09-03T10:30:00Z
FCT000919,W0025,01-08-2026,2025,4,Q2,MKT010,San Jose,CA,West,CH004,E-Commerce,RET003,Pharmacy Plus,Regional,CAT001,Deodorants & Fragrances,SUB003,Roll-On Deodorant,MFG005,Colgate Palmolive,BR024-Lady-Speed-Stick,Lady,PROD201,446,Lady Roll-On Deodorant Original,4,FL OZ,4,472,363,109,109,7552,6308.69,4998.51,1310.18,13.77,12.02,53.3,2.38,1,CIRCANA_SYNTHETIC,30.03,0.7512,2026-09-03T10:30:00Z
FCT000920,W0035,01-08-2026,2025,3,Q1,MKT006,Philadelphia,PA,Northeast,CH005,Club,RET002,Regional Foods,Regional,CAT001,Deodorants & Fragrances,SUB002,Stick Deodorant,MFG004,Church & Dwight,BR018-Purity,Purity,PROD102,142,Purity Stick Deodorant Classic,12,FL OZ,5,307,307,0,0,18420,3438.4,3438.4,0,11.2,11.2,72.3,3.5,0,CIRCANA_SYNTHETIC,0,0.1867,2026-09-03T10:30:00Z
FCT000921,W0037,08-06-2026,2026,7,Q3,MKT008,San Diego,CA,West,CH002,Drug Store,RET005,Warehouse Club,National,CAT001,Deodorants & Fragrances,SUB003,Roll-On Deodorant,MFG004,Church & Dwight,BR020-Trojan,Trojan,PROD204,874,Trojan Roll-On Deodorant Organic,6,OZ,3,369,369,0,0,6642,1365.3,1365.3,0,3.7,3.7,94.9,1.78,0,CIRCANA_SYNTHETIC,0,0.2056,2026-09-03T10:30:00Z
FCT000922,W0031,10-16-2025,2025,7,Q3,MKT004,Houston,TX,South,CH004,E-Commerce,RET001,National Grocery Co,National,CAT001,Deodorants & Fragrances,SUB005,Antiperspirant,MFG002,Procter & Gamble,BR007-Old Spice,Old Spice,PROD402,510,Old Spice Antiperspirant Light,8,CT,1,224,224,0,0,1792,5178.88,5178.88,0,23.12,23.12,44.1,7.71,0,CIRCANA_SYNTHETIC,0,2.89,2026-09-03T10:30:00Z
FCT000923,W0008,12-04-2025,2025,2,Q1,MKT005,Phoenix,AZ,West,CH003,Mass Merchandiser,RET004,Online Direct,National,CAT001,Deodorants & Fragrances,SUB002,Stick Deodorant,MFG002,Procter & Gamble,BR008-Secret,Secret,PROD103,164,Secret Stick Deodorant Classic,4,CT,6,378,212,166,166,9072,3060.54,1833.8,1226.74,8.65,7.39,62.5,6.09,1,CIRCANA_SYNTHETIC,78.3,0.3079,2026-09-03T10:30:00Z
FCT000924,W0049,01-08-2026,2025,11,Q4,MKT003,Chicago,IL,Midwest,CH003,Mass Merchandiser,RET005,Warehouse Club,National,CAT001,Deodorants & Fragrances,SUB001,Aerosol Deodorant,MFG005,Colgate Palmolive,BR025-Palmolive,Palmolive,PROD005,553,Palmolive Aerosol Deodorant Light,4,ROLL,4,329,329,0,0,5264,6964.93,6964.93,0,21.17,21.17,30.9,4.15,0,CIRCANA_SYNTHETIC,0,1.3231,2026-09-03T10:30:00Z
FCT000925,W0041,03-19-2026,2026,5,Q2,MKT004,Houston,TX,South,CH003,Mass Merchandiser,RET005,Warehouse Club,National,CAT001,Deodorants & Fragrances,SUB005,Antiperspirant,MFG002,Procter & Gamble,BR009-Native,Native,PROD401,680,Native Antiperspirant Light,12,PACK,4,534,365,169,169,25632,9416.5,6577.3,2839.2,18.02,16.8,43.4,7.65,1,CIRCANA_SYNTHETIC,46.3,0.35,2026-09-03T10:30:00Z
FCT000926,W0008,12-04-2025,2025,3,Q1,MKT010,San Jose,CA,West,CH003,Mass Merchandiser,RET003,Pharmacy Plus,Regional,CAT001,Deodorants & Fragrances,SUB003,Roll-On Deodorant,MFG001,Unilever,BR001-Dove,Dove,PROD203,459,Dove Roll-On Deodorant Original,48,FL OZ,2,79,79,0,0,7584,1424.37,1424.37,0,18.03,18.03,48.6,10.45,0,CIRCANA_SYNTHETIC,0,0.1878,2026-09-03T10:30:00Z
FCT000927,W0049,09-25-2025,2025,9,Q3,MKT007,San Antonio,TX,South,CH001,Grocery,RET002,Regional Foods,Regional,CAT001,Deodorants & Fragrances,SUB004,Gel Deodorant,MFG005,Colgate Palmolive,BR025-Palmolive,Palmolive,PROD301,435,Palmolive Gel Deodorant Light,24,CT,4,263,156,107,107,25248,6289.69,3812.64,2477.05,24.44,23.15,27.5,8.73,1,CIRCANA_SYNTHETIC,68.59,0.2411,2026-09-03T10:30:00Z
FCT000928,W0020,09-11-2025,2025,3,Q1,MKT001,New York,NY,Northeast,CH001,Grocery,RET001,National Grocery Co,National,CAT001,Deodorants & Fragrances,SUB004,Gel Deodorant,MFG005,Colgate Palmolive,BR025-Palmolive,Palmolive,PROD304,904,Palmolive Gel Deodorant Fresh,18,CT,1,469,321,148,148,8442,3982.39,2808.75,1173.64,8.75,7.93,48.1,12.99,1,CIRCANA_SYNTHETIC,46.11,0.4406,2026-09-03T10:30:00Z
FCT000929,W0011,09-03-2026,2026,5,Q2,MKT007,San Antonio,TX,South,CH001,Grocery,RET003,Pharmacy Plus,Regional,CAT001,Deodorants & Fragrances,SUB004,Gel Deodorant,MFG004,Church & Dwight,BR018-Purity,Purity,PROD304,886,Purity Gel Deodorant Light,48,ROLL,3,359,266,93,93,51696,4960.87,3819.76,1141.11,14.36,12.27,53.8,14.3,1,CIRCANA_SYNTHETIC,34.96,0.0852,2026-09-03T10:30:00Z
FCT000930,W0051,03-26-2026,2026,5,Q2,MKT010,San Jose,CA,West,CH001,Grocery,RET004,Online Direct,National,CAT001,Deodorants & Fragrances,SUB002,Stick Deodorant,MFG002,Procter & Gamble,BR007-Old Spice,Old Spice,PROD105,718,Old Spice Stick Deodorant Fresh,8,CT,4,595,498,97,97,19040,5694.42,4850.52,843.9,9.74,8.7,28.1,9.53,1,CIRCANA_SYNTHETIC,19.48,0.2719,2026-09-03T10:30:00Z
FCT000931,W0012,07-02-2026,2026,5,Q2,MKT001,New York,NY,Northeast,CH004,E-Commerce,RET002,Regional Foods,Regional,CAT001,Deodorants & Fragrances,SUB002,Stick Deodorant,MFG002,Procter & Gamble,BR006-Gillette,Gillette,PROD101,882,Gillette Stick Deodorant Light,48,ROLL,4,440,440,0,0,84480,7902.4,7902.4,0,17.96,17.96,55.5,6.08,0,CIRCANA_SYNTHETIC,0,0.0935,2026-09-03T10:30:00Z
FCT000932,W0006,03-26-2026,2026,9,Q3,MKT002,Los Angeles,CA,West,CH001,Grocery,RET002,Regional Foods,Regional,CAT001,Deodorants & Fragrances,SUB004,Gel Deodorant,MFG003,Henkel,BR011-Nivea,Nivea,PROD301,628,Nivea Gel Deodorant Classic,30,OZ,1,455,323,132,132,13650,8860.03,6295.27,2564.76,19.49,19.43,21.1,7.17,1,CIRCANA_SYNTHETIC,40.87,0.6477,2026-09-03T10:30:00Z
FCT000933,W0039,04-02-2026,2026,8,Q3,MKT003,Chicago,IL,Midwest,CH002,Drug Store,RET001,National Grocery Co,National,CAT001,Deodorants & Fragrances,SUB004,Gel Deodorant,MFG002,Procter & Gamble,BR010-Olay,Olay,PROD305,268,Olay Gel Deodorant Classic,18,ROLL,2,460,460,0,0,16560,11440.2,11440.2,0,24.87,24.87,50.6,4.02,0,CIRCANA_SYNTHETIC,0,0.6908,2026-09-03T10:30:00Z
FCT000934,W0015,10-09-2025,2025,8,Q3,MKT003,Chicago,IL,Midwest,CH001,Grocery,RET002,Regional Foods,Regional,CAT001,Deodorants & Fragrances,SUB002,Stick Deodorant,MFG005,Colgate Palmolive,BR023-Colgate,Colgate,PROD101,938,Colgate Stick Deodorant Organic,24,PACK,6,276,166,110,110,39744,2956.12,1804.42,1151.7,10.87,10.47,23.6,8.36,1,CIRCANA_SYNTHETIC,66.27,0.0727,2026-09-03T10:30:00Z
FCT000935,W0045,10-02-2025,2025,4,Q2,MKT003,Chicago,IL,Midwest,CH003,Mass Merchandiser,RET002,Regional Foods,Regional,CAT001,Deodorants & Fragrances,SUB003,Roll-On Deodorant,MFG001,Unilever,BR005-Lume,Lume,PROD205,392,Lume Roll-On Deodorant Classic,24,FL OZ,1,563,499,64,64,13512,1530.08,1357.28,172.8,2.72,2.7,39.1,9.83,1,CIRCANA_SYNTHETIC,12.83,0.1125,2026-09-03T10:30:00Z
FCT000936,W0046,02-19-2026,2025,5,Q2,MKT002,Los Angeles,CA,West,CH001,Grocery,RET002,Regional Foods,Regional,CAT001,Deodorants & Fragrances,SUB002,Stick Deodorant,MFG002,Procter & Gamble,BR007-Old Spice,Old Spice,PROD102,760,Old Spice Stick Deodorant Organic,6,ROLL,4,557,399,158,158,13368,12336.71,9069.27,3267.44,22.73,20.68,35.5,10.0,1,CIRCANA_SYNTHETIC,39.6,0.8617,2026-09-03T10:30:00Z
FCT000937,W0005,02-05-2026,2025,6,Q2,MKT004,Houston,TX,South,CH005,Club,RET005,Warehouse Club,National,CAT001,Deodorants & Fragrances,SUB002,Stick Deodorant,MFG004,Church & Dwight,BR017-Nubian,Nubian,PROD101,361,Nubian Stick Deodorant Light,4,OZ,5,385,385,0,0,7700,7711.55,7711.55,0,20.03,20.03,92.2,12.42,0,CIRCANA_SYNTHETIC,0,1.0015,2026-09-03T10:30:00Z
FCT000938,W0010,05-07-2026,2026,10,Q4,MKT010,San Jose,CA,West,CH002,Drug Store,RET003,Pharmacy Plus,Regional,CAT001,Deodorants & Fragrances,SUB001,Aerosol Deodorant,MFG005,Colgate Palmolive,BR025-Palmolive,Palmolive,PROD004,749,Palmolive Aerosol Deodorant Original,12,FL OZ,1,219,219,0,0,2628,617.58,617.58,0,2.82,2.82,89.1,10.53,0,CIRCANA_SYNTHETIC,0,0.235,2026-09-03T10:30:00Z
FCT000939,W0028,04-02-2026,2026,3,Q1,MKT008,San Diego,CA,West,CH005,Club,RET003,Pharmacy Plus,Regional,CAT001,Deodorants & Fragrances,SUB004,Gel Deodorant,MFG005,Colgate Palmolive,BR021-Tom's,Tom's,PROD304,470,Tom's Gel Deodorant Original,24,FL OZ,3,245,180,65,65,17640,2878.2,2129.4,748.8,11.83,11.52,35.8,8.07,1,CIRCANA_SYNTHETIC,36.11,0.16,2026-09-03T10:30:00Z
FCT000940,W0042,11-06-2025,2025,11,Q4,MKT004,Houston,TX,South,CH004,E-Commerce,RET005,Warehouse Club,National,CAT001,Deodorants & Fragrances,SUB005,Antiperspirant,MFG001,Unilever,BR001-Dove,Dove,PROD405,852,Dove Antiperspirant Classic,6,CT,5,337,173,164,164,10110,4059.98,2162.5,1897.48,12.5,11.57,69.6,13.12,1,CIRCANA_SYNTHETIC,94.8,0.3857,2026-09-03T10:30:00Z
FCT000941,W0021,02-05-2026,2025,10,Q4,MKT009,Dallas,TX,South,CH002,Drug Store,RET005,Warehouse Club,National,CAT001,Deodorants & Fragrances,SUB005,Antiperspirant,MFG001,Unilever,BR003-Degree,Degree,PROD405,338,Degree Antiperspirant Original,48,OZ,3,478,478,0,0,68832,10186.18,10186.18,0,21.31,21.31,71.1,3.88,0,CIRCANA_SYNTHETIC,0,0.148,2026-09-03T10:30:00Z
FCT000942,W0014,01-01-2026,2025,11,Q4,MKT007,San Antonio,TX,South,CH003,Mass Merchandiser,RET002,Regional Foods,Regional,CAT001,Deodorants & Fragrances,SUB005,Antiperspirant,MFG003,Henkel,BR012-Fa,Fa,PROD405,215,Fa Antiperspirant Fresh,48,CT,5,353,353,0,0,84720,2619.26,2619.26,0,7.42,7.42,62.6,1.64,0,CIRCANA_SYNTHETIC,0,0.0309,2026-09-03T10:30:00Z
FCT000943,W0033,08-13-2026,2026,12,Q4,MKT003,Chicago,IL,Midwest,CH005,Club,RET002,Regional Foods,Regional,CAT001,Deodorants & Fragrances,SUB001,Aerosol Deodorant,MFG002,Procter & Gamble,BR010-Olay,Olay,PROD004,102,Olay Aerosol Deodorant Original,8,OZ,1,135,135,0,0,1080,2803.95,2803.95,0,20.77,20.77,21.1,3.53,0,CIRCANA_SYNTHETIC,0,2.5962,2026-09-03T10:30:00Z
FCT000944,W0002,01-22-2026,2025,11,Q4,MKT008,San Diego,CA,West,CH004,E-Commerce,RET004,Online Direct,National,CAT001,Deodorants & Fragrances,SUB005,Antiperspirant,MFG001,Unilever,BR001-Dove,Dove,PROD404,395,Dove Antiperspirant Original,6,OZ,5,514,416,98,98,15420,1974.7,1630.72,343.98,3.92,3.51,48.0,11.97,1,CIRCANA_SYNTHETIC,23.56,0.117,2026-09-03T10:30:00Z
FCT000945,W0049,08-13-2026,2026,8,Q3,MKT006,Philadelphia,PA,Northeast,CH002,Drug Store,RET001,National Grocery Co,National,CAT001,Deodorants & Fragrances,SUB005,Antiperspirant,MFG005,Colgate Palmolive,BR025-Palmolive,Palmolive,PROD403,909,Palmolive Antiperspirant Original,8,CT,3,465,265,200,200,11160,4200.15,2414.15,1786.0,9.11,8.93,64.2,12.5,1,CIRCANA_SYNTHETIC,75.47,0.3721,2026-09-03T10:30:00Z
FCT000946,W0024,09-04-2025,2025,5,Q2,MKT001,New York,NY,Northeast,CH004,E-Commerce,RET004,Online Direct,National,CAT001,Deodorants & Fragrances,SUB001,Aerosol Deodorant,MFG002,Procter & Gamble,BR006-Gillette,Gillette,PROD002,784,Gillette Aerosol Deodorant Classic,30,ROLL,1,580,430,150,150,17400,5558.6,4136.6,1422.0,9.62,9.48,23.5,6.55,1,CIRCANA_SYNTHETIC,34.88,0.316,2026-09-03T10:30:00Z
FCT000947,W0006,10-23-2025,2025,2,Q1,MKT002,Los Angeles,CA,West,CH001,Grocery,RET004,Online Direct,National,CAT001,Deodorants & Fragrances,SUB003,Roll-On Deodorant,MFG003,Henkel,BR013-Monsavon,Monsavon,PROD201,705,Monsavon Roll-On Deodorant Light,4,ROLL,5,194,194,0,0,3880,1833.3,1833.3,0,9.45,9.45,49.9,12.29,0,CIRCANA_SYNTHETIC,0,0.4725,2026-09-03T10:30:00Z
FCT000948,W0028,03-05-2026,2025,9,Q3,MKT010,San Jose,CA,West,CH001,Grocery,RET003,Pharmacy Plus,Regional,CAT001,Deodorants & Fragrances,SUB001,Aerosol Deodorant,MFG005,Colgate Palmolive,BR022-Speed-Stick,Speed,PROD005,497,Speed Aerosol Deodorant Fresh,8,ROLL,5,200,200,0,0,8000,3738.0,3738.0,0,18.69,18.69,62.3,6.14,0,CIRCANA_SYNTHETIC,0,0.4673,2026-09-03T10:30:00Z
FCT000949,W0034,11-27-2025,2025,10,Q4,MKT004,Houston,TX,South,CH005,Club,RET004,Online Direct,National,CAT001,Deodorants & Fragrances,SUB001,Aerosol Deodorant,MFG005,Colgate Palmolive,BR025-Palmolive,Palmolive,PROD005,284,Palmolive Aerosol Deodorant Light,48,PACK,1,291,291,0,0,13968,3017.67,3017.67,0,10.37,10.37,47.8,8.91,0,CIRCANA_SYNTHETIC,0,0.216,2026-09-03T10:30:00Z
FCT000950,W0009,08-27-2026,2026,2,Q1,MKT008,San Diego,CA,West,CH004,E-Commerce,RET001,National Grocery Co,National,CAT001,Deodorants & Fragrances,SUB001,Aerosol Deodorant,MFG005,Colgate Palmolive,BR022-Speed-Stick,Speed,PROD005,489,Speed Aerosol Deodorant Original,24,ROLL,6,270,270,0,0,38880,3782.7,3782.7,0,14.01,14.01,61.9,13.1,0,CIRCANA_SYNTHETIC,0,0.0973,2026-09-03T10:30:00Z
FCT000951,W0051,02-12-2026,2025,6,Q2,MKT001,New York,NY,Northeast,CH005,Club,RET003,Pharmacy Plus,Regional,CAT001,Deodorants & Fragrances,SUB001,Aerosol Deodorant,MFG002,Procter & Gamble,BR006-Gillette,Gillette,PROD005,403,Gillette Aerosol Deodorant Classic,6,ROLL,4,391,311,80,80,9384,4847.41,3890.61,956.8,12.51,11.96,70.3,2.16,1,CIRCANA_SYNTHETIC,25.72,0.4983,2026-09-03T10:30:00Z
FCT000952,W0039,10-23-2025,2025,10,Q4,MKT009,Dallas,TX,South,CH005,Club,RET002,Regional Foods,Regional,CAT001,Deodorants & Fragrances,SUB001,Aerosol Deodorant,MFG003,Henkel,BR011-Nivea,Nivea,PROD001,560,Nivea Aerosol Deodorant Original,18,CT,2,231,120,111,111,8316,1206.0,628.8,577.2,5.24,5.2,45.1,8.86,1,CIRCANA_SYNTHETIC,92.5,0.1444,2026-09-03T10:30:00Z
FCT000953,W0024,01-29-2026,2025,1,Q1,MKT003,Chicago,IL,Midwest,CH001,Grocery,RET005,Warehouse Club,National,CAT001,Deodorants & Fragrances,SUB003,Roll-On Deodorant,MFG003,Henkel,BR013-Monsavon,Monsavon,PROD203,827,Monsavon Roll-On Deodorant Fresh,8,OZ,5,471,272,199,199,18840,2453.58,1430.72,1022.86,5.26,5.14,47.5,12.47,1,CIRCANA_SYNTHETIC,73.16,0.1285,2026-09-03T10:30:00Z
FCT000954,W0004,02-12-2026,2025,3,Q1,MKT007,San Antonio,TX,South,CH002,Drug Store,RET003,Pharmacy Plus,Regional,CAT001,Deodorants & Fragrances,SUB001,Aerosol Deodorant,MFG004,Church & Dwight,BR018-Purity,Purity,PROD001,725,Purity Aerosol Deodorant Light,8,FL OZ,4,473,473,0,0,15136,11735.13,11735.13,0,24.81,24.81,57.7,13.8,0,CIRCANA_SYNTHETIC,0,0.7753,2026-09-03T10:30:00Z
FCT000955,W0011,10-30-2025,2025,5,Q2,MKT002,Los Angeles,CA,West,CH004,E-Commerce,RET005,Warehouse Club,National,CAT001,Deodorants & Fragrances,SUB001,Aerosol Deodorant,MFG005,Colgate Palmolive,BR022-Speed-Stick,Speed,PROD001,482,Speed Aerosol Deodorant Original,8,ROLL,1,196,173,23,23,1568,2145.63,1896.08,249.55,10.96,10.85,89.3,11.94,1,CIRCANA_SYNTHETIC,13.29,1.3562,2026-09-03T10:30:00Z
FCT000956,W0037,03-26-2026,2026,1,Q1,MKT006,Philadelphia,PA,Northeast,CH005,Club,RET001,National Grocery Co,National,CAT001,Deodorants & Fragrances,SUB001,Aerosol Deodorant,MFG001,Unilever,BR001-Dove,Dove,PROD001,144,Dove Aerosol Deodorant Light,48,OZ,6,482,482,0,0,138816,1918.36,1918.36,0,3.98,3.98,33.9,1.3,0,CIRCANA_SYNTHETIC,0,0.0138,2026-09-03T10:30:00Z
FCT000957,W0030,08-06-2026,2026,7,Q3,MKT010,San Jose,CA,West,CH002,Drug Store,RET002,Regional Foods,Regional,CAT001,Deodorants & Fragrances,SUB004,Gel Deodorant,MFG001,Unilever,BR001-Dove,Dove,PROD301,687,Dove Gel Deodorant Light,4,ROLL,3,401,398,3,3,4812,9157.1,9090.32,66.78,22.84,22.26,69.0,13.17,1,CIRCANA_SYNTHETIC,0.75,1.855,2026-09-03T10:30:00Z
FCT000958,W0038,01-01-2026,2025,10,Q4,MKT003,Chicago,IL,Midwest,CH005,Club,RET005,Warehouse Club,National,CAT001,Deodorants & Fragrances,SUB003,Roll-On Deodorant,MFG004,Church & Dwight,BR019-Brut,Brut,PROD202,218,Brut Roll-On Deodorant Classic,30,FL OZ,2,492,492,0,0,29520,7719.48,7719.48,0,15.69,15.69,40.9,7.14,0,CIRCANA_SYNTHETIC,0,0.2615,2026-09-03T10:30:00Z
FCT000959,W0006,06-04-2026,2026,12,Q4,MKT003,Chicago,IL,Midwest,CH004,E-Commerce,RET002,Regional Foods,Regional,CAT001,Deodorants & Fragrances,SUB005,Antiperspirant,MFG003,Henkel,BR015-Right Guard,Right Guard,PROD405,512,Right Guard Antiperspirant Organic,18,FL OZ,1,68,68,0,0,1224,376.72,376.72,0,5.54,5.54,78.1,9.99,0,CIRCANA_SYNTHETIC,0,0.3078,2026-09-03T10:30:00Z
FCT000960,W0034,10-02-2025,2025,4,Q2,MKT005,Phoenix,AZ,West,CH002,Drug Store,RET003,Pharmacy Plus,Regional,CAT001,Deodorants & Fragrances,SUB001,Aerosol Deodorant,MFG004,Church & Dwight,BR018-Purity,Purity,PROD004,539,Purity Aerosol Deodorant Classic,30,PACK,1,534,496,38,38,16020,6003.1,5619.68,383.42,11.33,10.09,60.9,0.68,1,CIRCANA_SYNTHETIC,7.66,0.3363,2026-09-03T10:30:00Z
FCT000961,W0013,01-01-2026,2025,5,Q2,MKT004,Houston,TX,South,CH003,Mass Merchandiser,RET003,Pharmacy Plus,Regional,CAT001,Deodorants & Fragrances,SUB005,Antiperspirant,MFG005,Colgate Palmolive,BR025-Palmolive,Palmolive,PROD405,653,Palmolive Antiperspirant Original,12,ROLL,6,212,212,0,0,15264,5149.48,5149.48,0,24.29,24.29,42.3,13.73,0,CIRCANA_SYNTHETIC,0,0.3374,2026-09-03T10:30:00Z
FCT000962,W0024,02-19-2026,2025,10,Q4,MKT008,San Diego,CA,West,CH004,E-Commerce,RET003,Pharmacy Plus,Regional,CAT001,Deodorants & Fragrances,SUB003,Roll-On Deodorant,MFG001,Unilever,BR004-Rexona,Rexona,PROD201,653,Rexona Roll-On Deodorant Light,24,ROLL,2,250,230,20,20,12000,1668.4,1550.2,118.2,6.74,5.91,81.8,8.95,1,CIRCANA_SYNTHETIC,8.7,0.1231,2026-09-03T10:30:00Z
FCT000963,W0015,07-23-2026,2026,2,Q1,MKT008,San Diego,CA,West,CH003,Mass Merchandiser,RET001,National Grocery Co,National,CAT001,Deodorants & Fragrances,SUB001,Aerosol Deodorant,MFG005,Colgate Palmolive,BR021-Tom's,Tom's,PROD001,402,Tom's Aerosol Deodorant Classic,30,OZ,5,286,286,0,0,42900,7058.48,7058.48,0,24.68,24.68,21.4,5.0,0,CIRCANA_SYNTHETIC,0,0.1645,2026-09-03T10:30:00Z
FCT000964,W0015,04-16-2026,2026,5,Q2,MKT003,Chicago,IL,Midwest,CH001,Grocery,RET004,Online Direct,National,CAT001,Deodorants & Fragrances,SUB001,Aerosol Deodorant,MFG005,Colgate Palmolive,BR023-Colgate,Colgate,PROD002,903,Colgate Aerosol Deodorant Fresh,8,OZ,1,399,399,0,0,3192,6918.66,6918.66,0,17.34,17.34,33.7,13.53,0,CIRCANA_SYNTHETIC,0,2.1675,2026-09-03T10:30:00Z
FCT000965,W0008,04-09-2026,2026,4,Q2,MKT003,Chicago,IL,Midwest,CH004,E-Commerce,RET001,National Grocery Co,National,CAT001,Deodorants & Fragrances,SUB001,Aerosol Deodorant,MFG001,Unilever,BR003-Degree,Degree,PROD001,548,Degree Aerosol Deodorant Light,24,PACK,3,499,499,0,0,35928,6047.88,6047.88,0,12.12,12.12,86.8,5.16,0,CIRCANA_SYNTHETIC,0,0.1683,2026-09-03T10:30:00Z
FCT000966,W0036,08-13-2026,2026,6,Q2,MKT008,San Diego,CA,West,CH002,Drug Store,RET002,Regional Foods,Regional,CAT001,Deodorants & Fragrances,SUB004,Gel Deodorant,MFG004,Church & Dwight,BR020-Trojan,Trojan,PROD301,411,Trojan Gel Deodorant Original,12,OZ,1,386,379,7,7,4632,855.52,841.38,14.14,2.22,2.02,91.8,9.37,1,CIRCANA_SYNTHETIC,1.85,0.1683,2026-09-03T10:30:00Z
FCT000967,W0014,02-26-2026,2025,1,Q1,MKT001,New York,NY,Northeast,CH003,Mass Merchandiser,RET003,Pharmacy Plus,Regional,CAT001,Deodorants & Fragrances,SUB005,Antiperspirant,MFG002,Procter & Gamble,BR006-Gillette,Gillette,PROD401,278,Gillette Antiperspirant Fresh,18,PACK,1,100,82,18,18,1800,2396.46,1965.54,430.92,23.97,23.94,45.3,9.27,1,CIRCANA_SYNTHETIC,21.95,1.33,2026-09-03T10:30:00Z
FCT000968,W0024,03-19-2026,2026,2,Q1,MKT006,Philadelphia,PA,Northeast,CH005,Club,RET003,Pharmacy Plus,Regional,CAT001,Deodorants & Fragrances,SUB003,Roll-On Deodorant,MFG002,Procter & Gamble,BR006-Gillette,Gillette,PROD202,684,Gillette Roll-On Deodorant Classic,30,ROLL,5,80,80,0,0,12000,1890.4,1890.4,0,23.63,23.63,21.0,0.39,0,CIRCANA_SYNTHETIC,0,0.1575,2026-09-03T10:30:00Z
FCT000969,W0050,10-30-2025,2025,4,Q2,MKT007,San Antonio,TX,South,CH004,E-Commerce,RET004,Online Direct,National,CAT001,Deodorants & Fragrances,SUB001,Aerosol Deodorant,MFG003,Henkel,BR011-Nivea,Nivea,PROD005,483,Nivea Aerosol Deodorant Organic,8,CT,6,374,306,68,68,17952,2405.84,1976.76,429.08,6.46,6.31,43.0,10.51,1,CIRCANA_SYNTHETIC,22.22,0.1315,2026-09-03T10:30:00Z
FCT000970,W0021,09-03-2026,2026,4,Q2,MKT008,San Diego,CA,West,CH004,E-Commerce,RET004,Online Direct,National,CAT001,Deodorants & Fragrances,SUB001,Aerosol Deodorant,MFG002,Procter & Gamble,BR008-Secret,Secret,PROD004,233,Secret Aerosol Deodorant Classic,24,OZ,1,374,374,0,0,8976,4989.16,4989.16,0,13.34,13.34,93.9,4.77,0,CIRCANA_SYNTHETIC,0,0.5558,2026-09-03T10:30:00Z
FCT000971,W0004,11-27-2025,2025,3,Q1,MKT008,San Diego,CA,West,CH005,Club,RET003,Pharmacy Plus,Regional,CAT001,Deodorants & Fragrances,SUB003,Roll-On Deodorant,MFG002,Procter & Gamble,BR010-Olay,Olay,PROD201,132,Olay Roll-On Deodorant Fresh,12,FL OZ,3,162,162,0,0,5832,3513.78,3513.78,0,21.69,21.69,25.2,11.08,0,CIRCANA_SYNTHETIC,0,0.6025,2026-09-03T10:30:00Z
FCT000972,W0027,01-22-2026,2025,5,Q2,MKT006,Philadelphia,PA,Northeast,CH002,Drug Store,RET001,National Grocery Co,National,CAT001,Deodorants & Fragrances,SUB004,Gel Deodorant,MFG005,Colgate Palmolive,BR025-Palmolive,Palmolive,PROD301,731,Palmolive Gel Deodorant Original,8,OZ,1,57,57,0,0,456,617.31,617.31,0,10.83,10.83,53.3,11.94,0,CIRCANA_SYNTHETIC,0,1.3538,2026-09-03T10:30:00Z
FCT000973,W0021,12-25-2025,2025,3,Q1,MKT006,Philadelphia,PA,Northeast,CH005,Club,RET005,Warehouse Club,National,CAT001,Deodorants & Fragrances,SUB003,Roll-On Deodorant,MFG005,Colgate Palmolive,BR024-Lady-Speed-Stick,Lady,PROD204,529,Lady Roll-On Deodorant Organic,30,FL OZ,2,137,137,0,0,8220,1519.33,1519.33,0,11.09,11.09,37.3,12.66,0,CIRCANA_SYNTHETIC,0,0.1848,2026-09-03T10:30:00Z
FCT000974,W0017,02-12-2026,2025,8,Q3,MKT006,Philadelphia,PA,Northeast,CH003,Mass Merchandiser,RET005,Warehouse Club,National,CAT001,Deodorants & Fragrances,SUB002,Stick Deodorant,MFG002,Procter & Gamble,BR006-Gillette,Gillette,PROD104,331,Gillette Stick Deodorant Fresh,8,OZ,4,405,405,0,0,12960,1875.15,1875.15,0,4.63,4.63,80.1,12.64,0,CIRCANA_SYNTHETIC,0,0.1447,2026-09-03T10:30:00Z
FCT000975,W0005,04-02-2026,2026,9,Q3,MKT007,San Antonio,TX,South,CH002,Drug Store,RET001,National Grocery Co,National,CAT001,Deodorants & Fragrances,SUB002,Stick Deodorant,MFG005,Colgate Palmolive,BR022-Speed-Stick,Speed,PROD102,214,Speed Stick Deodorant Fresh,48,OZ,6,317,317,0,0,91296,3303.14,3303.14,0,10.42,10.42,27.1,1.69,0,CIRCANA_SYNTHETIC,0,0.0362,2026-09-03T10:30:00Z
FCT000976,W0047,12-18-2025,2025,6,Q2,MKT006,Philadelphia,PA,Northeast,CH003,Mass Merchandiser,RET005,Warehouse Club,National,CAT001,Deodorants & Fragrances,SUB002,Stick Deodorant,MFG005,Colgate Palmolive,BR021-Tom's,Tom's,PROD105,447,Tom's Stick Deodorant Organic,8,OZ,4,523,403,120,120,16736,7480.77,5960.37,1520.4,14.79,12.67,23.8,14.89,1,CIRCANA_SYNTHETIC,29.78,0.3959,2026-09-03T10:30:00Z
FCT000977,W0010,01-22-2026,2025,10,Q4,MKT004,Houston,TX,South,CH001,Grocery,RET005,Warehouse Club,National,CAT001,Deodorants & Fragrances,SUB005,Antiperspirant,MFG004,Church & Dwight,BR020-Trojan,Trojan,PROD405,839,Trojan Antiperspirant Classic,18,FL OZ,3,268,138,130,130,14472,5727.66,3024.96,2702.7,21.92,20.79,94.7,2.16,1,CIRCANA_SYNTHETIC,94.2,0.385,2026-09-03T10:30:00Z
FCT000978,W0035,07-09-2026,2026,11,Q4,MKT003,Chicago,IL,Midwest,CH005,Club,RET002,Regional Foods,Regional,CAT001,Deodorants & Fragrances,SUB001,Aerosol Deodorant,MFG005,Colgate Palmolive,BR023-Colgate,Colgate,PROD001,770,Colgate Aerosol Deodorant Organic,8,OZ,3,119,119,0,0,2856,480.76,480.76,0,4.04,4.04,40.9,14.81,0,CIRCANA_SYNTHETIC,0,0.1683,2026-09-03T10:30:00Z
FCT000979,W0046,06-11-2026,2026,12,Q4,MKT002,Los Angeles,CA,West,CH004,E-Commerce,RET003,Pharmacy Plus,Regional,CAT001,Deodorants & Fragrances,SUB005,Antiperspirant,MFG005,Colgate Palmolive,BR025-Palmolive,Palmolive,PROD401,831,Palmolive Antiperspirant Organic,8,OZ,2,394,394,0,0,6304,1115.02,1115.02,0,2.83,2.83,35.6,0.86,0,CIRCANA_SYNTHETIC,0,0.1769,2026-09-03T10:30:00Z
FCT000980,W0016,03-26-2026,2026,12,Q4,MKT008,San Diego,CA,West,CH004,E-Commerce,RET003,Pharmacy Plus,Regional,CAT001,Deodorants & Fragrances,SUB002,Stick Deodorant,MFG002,Procter & Gamble,BR006-Gillette,Gillette,PROD102,505,Gillette Stick Deodorant Organic,8,PACK,1,71,71,0,0,568,824.31,824.31,0,11.61,11.61,86.5,6.17,0,CIRCANA_SYNTHETIC,0,1.4512,2026-09-03T10:30:00Z
FCT000981,W0023,03-12-2026,2026,10,Q4,MKT010,San Jose,CA,West,CH002,Drug Store,RET004,Online Direct,National,CAT001,Deodorants & Fragrances,SUB001,Aerosol Deodorant,MFG004,Church & Dwight,BR019-Brut,Brut,PROD003,191,Brut Aerosol Deodorant Classic,12,CT,1,362,362,0,0,4344,6418.26,6418.26,0,17.73,17.73,68.9,14.86,0,CIRCANA_SYNTHETIC,0,1.4775,2026-09-03T10:30:00Z
FCT000982,W0048,01-15-2026,2025,4,Q2,MKT007,San Antonio,TX,South,CH005,Club,RET001,National Grocery Co,National,CAT001,Deodorants & Fragrances,SUB004,Gel Deodorant,MFG002,Procter & Gamble,BR010-Olay,Olay,PROD303,168,Olay Gel Deodorant Fresh,4,FL OZ,2,452,452,0,0,3616,9659.24,9659.24,0,21.37,21.37,75.6,12.34,0,CIRCANA_SYNTHETIC,0,2.6713,2026-09-03T10:30:00Z
FCT000983,W0027,01-29-2026,2025,1,Q1,MKT003,Chicago,IL,Midwest,CH005,Club,RET001,National Grocery Co,National,CAT001,Deodorants & Fragrances,SUB004,Gel Deodorant,MFG002,Procter & Gamble,BR006-Gillette,Gillette,PROD302,502,Gillette Gel Deodorant Classic,30,PACK,3,237,237,0,0,21330,5754.36,5754.36,0,24.28,24.28,51.3,14.55,0,CIRCANA_SYNTHETIC,0,0.2698,2026-09-03T10:30:00Z
FCT000984,W0052,03-12-2026,2026,6,Q2,MKT007,San Antonio,TX,South,CH002,Drug Store,RET001,National Grocery Co,National,CAT001,Deodorants & Fragrances,SUB004,Gel Deodorant,MFG005,Colgate Palmolive,BR025-Palmolive,Palmolive,PROD302,801,Palmolive Gel Deodorant Light,18,FL OZ,3,157,80,77,77,8478,2573.02,1367.2,1205.82,17.09,15.66,52.4,14.7,1,CIRCANA_SYNTHETIC,96.25,0.29,2026-09-03T10:30:00Z
FCT000985,W0025,06-25-2026,2026,8,Q3,MKT007,San Antonio,TX,South,CH003,Mass Merchandiser,RET001,National Grocery Co,National,CAT001,Deodorants & Fragrances,SUB002,Stick Deodorant,MFG003,Henkel,BR015-Right Guard,Right Guard,PROD105,250,Right Guard Stick Deodorant Light,8,ROLL,2,116,116,0,0,1856,1389.68,1389.68,0,11.98,11.98,82.6,1.42,0,CIRCANA_SYNTHETIC,0,0.7488,2026-09-03T10:30:00Z
FCT000986,W0007,11-06-2025,2025,9,Q3,MKT006,Philadelphia,PA,Northeast,CH005,Club,RET003,Pharmacy Plus,Regional,CAT001,Deodorants & Fragrances,SUB004,Gel Deodorant,MFG003,Henkel,BR012-Fa,Fa,PROD302,251,Fa Gel Deodorant Organic,48,PACK,6,323,323,0,0,93024,5235.83,5235.83,0,16.21,16.21,75.5,13.96,0,CIRCANA_SYNTHETIC,0,0.0563,2026-09-03T10:30:00Z
FCT000987,W0036,04-09-2026,2026,4,Q2,MKT010,San Jose,CA,West,CH004,E-Commerce,RET003,Pharmacy Plus,Regional,CAT001,Deodorants & Fragrances,SUB001,Aerosol Deodorant,MFG002,Procter & Gamble,BR007-Old Spice,Old Spice,PROD005,341,Old Spice Aerosol Deodorant Organic,18,ROLL,2,418,418,0,0,15048,9384.1,9384.1,0,22.45,22.45,70.0,5.53,0,CIRCANA_SYNTHETIC,0,0.6236,2026-09-03T10:30:00Z
FCT000988,W0043,01-15-2026,2025,8,Q3,MKT001,New York,NY,Northeast,CH002,Drug Store,RET001,National Grocery Co,National,CAT001,Deodorants & Fragrances,SUB003,Roll-On Deodorant,MFG001,Unilever,BR003-Degree,Degree,PROD202,611,Degree Roll-On Deodorant Light,18,FL OZ,4,159,64,95,95,11448,2991.2,1273.6,1717.6,19.9,18.08,71.7,10.16,1,CIRCANA_SYNTHETIC,148.44,0.2511,2026-09-03T10:30:00Z
FCT000989,W0028,03-26-2026,2026,10,Q4,MKT005,Phoenix,AZ,West,CH003,Mass Merchandiser,RET002,Regional Foods,Regional,CAT001,Deodorants & Fragrances,SUB004,Gel Deodorant,MFG003,Henkel,BR012-Fa,Fa,PROD305,313,Fa Gel Deodorant Light,30,ROLL,6,557,488,69,69,100260,8653.03,7651.84,1001.19,15.68,14.51,92.2,1.05,1,CIRCANA_SYNTHETIC,14.14,0.0806,2026-09-03T10:30:00Z
FCT000990,W0045,09-03-2026,2026,10,Q4,MKT006,Philadelphia,PA,Northeast,CH003,Mass Merchandiser,RET003,Pharmacy Plus,Regional,CAT001,Deodorants & Fragrances,SUB001,Aerosol Deodorant,MFG001,Unilever,BR005-Lume,Lume,PROD002,905,Lume Aerosol Deodorant Light,18,PACK,1,637,479,158,158,11466,12811.64,9934.46,2877.18,20.74,18.21,49.9,2.22,1,CIRCANA_SYNTHETIC,32.99,1.0117,2026-09-03T10:30:00Z
FCT000991,W0030,05-07-2026,2026,3,Q1,MKT008,San Diego,CA,West,CH002,Drug Store,RET001,National Grocery Co,National,CAT001,Deodorants & Fragrances,SUB004,Gel Deodorant,MFG002,Procter & Gamble,BR006-Gillette,Gillette,PROD303,783,Gillette Gel Deodorant Light,6,FL OZ,2,238,238,0,0,2856,2582.3,2582.3,0,10.85,10.85,90.0,4.36,0,CIRCANA_SYNTHETIC,0,0.9042,2026-09-03T10:30:00Z
FCT000992,W0014,10-23-2025,2025,1,Q1,MKT007,San Antonio,TX,South,CH001,Grocery,RET003,Pharmacy Plus,Regional,CAT001,Deodorants & Fragrances,SUB002,Stick Deodorant,MFG003,Henkel,BR013-Monsavon,Monsavon,PROD102,761,Monsavon Stick Deodorant Original,12,ROLL,2,445,340,105,105,10680,1951.7,1496.0,455.7,4.4,4.34,87.8,0.55,1,CIRCANA_SYNTHETIC,30.88,0.1808,2026-09-03T10:30:00Z
FCT000993,W0047,01-01-2026,2025,8,Q3,MKT003,Chicago,IL,Midwest,CH002,Drug Store,RET001,National Grocery Co,National,CAT001,Deodorants & Fragrances,SUB005,Antiperspirant,MFG001,Unilever,BR003-Degree,Degree,PROD403,856,Degree Antiperspirant Organic,18,FL OZ,2,335,335,0,0,12060,2281.35,2281.35,0,6.81,6.81,81.2,9.9,0,CIRCANA_SYNTHETIC,0,0.1892,2026-09-03T10:30:00Z
FCT000994,W0032,06-11-2026,2026,11,Q4,MKT005,Phoenix,AZ,West,CH003,Mass Merchandiser,RET004,Online Direct,National,CAT001,Deodorants & Fragrances,SUB005,Antiperspirant,MFG001,Unilever,BR001-Dove,Dove,PROD404,327,Dove Antiperspirant Classic,4,PACK,4,495,495,0,0,7920,10058.4,10058.4,0,20.32,20.32,85.6,12.32,0,CIRCANA_SYNTHETIC,0,1.27,2026-09-03T10:30:00Z
FCT000995,W0013,06-11-2026,2026,8,Q3,MKT010,San Jose,CA,West,CH004,E-Commerce,RET004,Online Direct,National,CAT001,Deodorants & Fragrances,SUB004,Gel Deodorant,MFG003,Henkel,BR014-Dial,Dial,PROD302,465,Dial Gel Deodorant Organic,18,OZ,6,107,107,0,0,11556,2250.21,2250.21,0,21.03,21.03,89.4,9.48,0,CIRCANA_SYNTHETIC,0,0.1947,2026-09-03T10:30:00Z
FCT000996,W0003,08-27-2026,2026,3,Q1,MKT001,New York,NY,Northeast,CH003,Mass Merchandiser,RET003,Pharmacy Plus,Regional,CAT001,Deodorants & Fragrances,SUB005,Antiperspirant,MFG005,Colgate Palmolive,BR021-Tom's,Tom's,PROD401,222,Tom's Antiperspirant Classic,8,CT,1,662,488,174,174,5296,5869.0,4445.68,1423.32,9.11,8.18,69.7,14.19,1,CIRCANA_SYNTHETIC,35.66,1.0225,2026-09-03T10:30:00Z
FCT000997,W0034,09-11-2025,2025,11,Q4,MKT004,Houston,TX,South,CH005,Club,RET001,National Grocery Co,National,CAT001,Deodorants & Fragrances,SUB005,Antiperspirant,MFG002,Procter & Gamble,BR009-Native,Native,PROD403,826,Native Antiperspirant Organic,8,OZ,2,303,303,0,0,4848,1454.4,1454.4,0,4.8,4.8,48.4,5.25,0,CIRCANA_SYNTHETIC,0,0.3,2026-09-03T10:30:00Z
FCT000998,W0023,07-09-2026,2026,12,Q4,MKT010,San Jose,CA,West,CH002,Drug Store,RET005,Warehouse Club,National,CAT001,Deodorants & Fragrances,SUB002,Stick Deodorant,MFG004,Church & Dwight,BR017-Nubian,Nubian,PROD101,816,Nubian Stick Deodorant Fresh,12,CT,2,455,365,90,90,10920,2651.15,2149.85,501.3,5.89,5.57,77.8,6.7,1,CIRCANA_SYNTHETIC,24.66,0.2321,2026-09-03T10:30:00Z
FCT000999,W0031,10-30-2025,2025,12,Q4,MKT010,San Jose,CA,West,CH002,Drug Store,RET001,National Grocery Co,National,CAT001,Deodorants & Fragrances,SUB005,Antiperspirant,MFG003,Henkel,BR013-Monsavon,Monsavon,PROD405,135,Monsavon Antiperspirant Classic,24,CT,2,450,450,0,0,21600,3244.5,3244.5,0,7.21,7.21,52.0,7.66,0,CIRCANA_SYNTHETIC,0,0.1502,2026-09-03T10:30:00Z
FCT001000,W0025,12-11-2025,2025,8,Q3,MKT009,Dallas,TX,South,CH004,E-Commerce,RET001,National Grocery Co,National,CAT001,Deodorants & Fragrances,SUB001,Aerosol Deodorant,MFG005,Colgate Palmolive,BR022-Speed-Stick,Speed,PROD001,505,Speed Aerosol Deodorant Original,8,CT,4,441,441,0,0,14112,1274.49,1274.49,0,2.89,2.89,21.1,1.96,0,CIRCANA_SYNTHETIC,0,0.0903,2026-09-03T10:30:00Z
